<?xml version="1.0" encoding="UTF-8" standalone="yes"?>
<itrace-records>
    <environment>
        <screen-size width="1920" height="1080"/>
    </environment>
    <gazes>
        <response name="T3-SO.txt" type="txt" x="456.0" y="708.0" left_validation="1" right_validation="1" left_pupil_diameter="2.76717529296875" right_pupil_diameter="2.7052032470703127" timestamp="2018-02-05T16:14:51.243-05:00" session_time="4458917831" tracker_time="1517865290082" system_time="1517865291243" nano_time="1566058084046264" gazeId="5" duration="233" path="C:\CodeSummarizationStudy\_tasks\Sequence 1\T3-SO.txt" line_height="15" font_height="10" line="1" col="6" line_base_x="414" line_base_y="700"/>
        <response name="T3-SO.txt" type="txt" x="638.0" y="703.0" left_validation="1" right_validation="1" left_pupil_diameter="2.8772419896619073" right_pupil_diameter="2.7746361041891165" timestamp="2018-02-05T16:14:51.476-05:00" session_time="4692199980" tracker_time="1517865290316" system_time="1517865291476" nano_time="1566058317328413" gazeId="19" duration="468" path="C:\CodeSummarizationStudy\_tasks\Sequence 1\T3-SO.txt" line_height="15" font_height="10" line="1" col="15" line_base_x="414" line_base_y="700"/>
        <response name="T3-SO.txt" type="txt" x="753.0" y="790.5" left_validation="1" right_validation="1" left_pupil_diameter="2.8722679831764917" right_pupil_diameter="2.795194452459162" timestamp="2018-02-05T16:14:51.944-05:00" session_time="5159175927" tracker_time="1517865290782" system_time="1517865291944" nano_time="1566058784304360" gazeId="47" duration="565" path="C:\CodeSummarizationStudy\_tasks\Sequence 1\T3-SO.txt" line_height="15" font_height="10" line="1" col="44" line_base_x="414" line_base_y="700"/>
        <response name="T3-SO.txt" type="txt" x="504.0" y="785.0" left_validation="1" right_validation="1" left_pupil_diameter="2.877135536887429" right_pupil_diameter="2.813696427778764" timestamp="2018-02-05T16:14:52.56-05:00" session_time="5775380061" tracker_time="1517865291399" system_time="1517865292560" nano_time="1566059400508494" gazeId="71" duration="349" path="C:\CodeSummarizationStudy\_tasks\Sequence 1\T3-SO.txt" line_height="15" font_height="10" line="6" col="25" line_base_x="414" line_base_y="775"/>
        <response name="T3-SO.txt" type="txt" x="570.0" y="781.0" left_validation="1" right_validation="1" left_pupil_diameter="2.898397272283381" right_pupil_diameter="2.8012875643643467" timestamp="2018-02-05T16:14:52.909-05:00" session_time="6125381912" tracker_time="1517865291749" system_time="1517865292909" nano_time="1566059750510345" gazeId="92" duration="168" path="C:\CodeSummarizationStudy\_tasks\Sequence 1\T3-SO.txt" line_height="15" font_height="10" line="6" col="16" line_base_x="414" line_base_y="775"/>
        <response name="T3-SO.txt" type="txt" x="721.0" y="790.0" left_validation="1" right_validation="1" left_pupil_diameter="2.96931606385766" right_pupil_diameter="2.8868021150914633" timestamp="2018-02-05T16:14:53.077-05:00" session_time="6292591761" tracker_time="1517865291915" system_time="1517865293077" nano_time="1566059917720194" gazeId="102" duration="8916" path="C:\CodeSummarizationStudy\_tasks\Sequence 1\T3-SO.txt" line_height="15" font_height="10" line="6" col="28" line_base_x="414" line_base_y="775"/>
        <response name="jmeter - java runs jmx disabled action - Stack Overflow" type="browser" x="675.0" y="325.0" left_validation="1" right_validation="1" left_pupil_diameter="2.9002102122587314" right_pupil_diameter="2.8635971966911766" timestamp="2018-02-05T16:15:01.993-05:00" session_time="15208892263" tracker_time="1517865300831" system_time="1517865301993" nano_time="1566068834020696" gazeId="142" duration="365" url="https://stackoverflow.com/questions/40970794/java-runs-jmx-disabled-action/40973807#40973807" Id="40970794">
            <soe part="ANSWER" part_number="1" type="TEXT" type_number="4"/>
        </response>
        <response name="jmeter - java runs jmx disabled action - Stack Overflow" type="browser" x="681.0" y="637.0" left_validation="1" right_validation="1" left_pupil_diameter="2.951886690579928" right_pupil_diameter="2.8891143798828125" timestamp="2018-02-05T16:15:02.358-05:00" session_time="15574111905" tracker_time="1517865301198" system_time="1517865302358" nano_time="1566069199240338" gazeId="158" duration="1550" url="https://stackoverflow.com/questions/40970794/java-runs-jmx-disabled-action/40973807#40973807" Id="40970794">
            <soe part="ANSWER" part_number="1" type="CODE" type_number="2"/>
        </response>
        <response name="jmeter - java runs jmx disabled action - Stack Overflow" type="browser" x="741.0" y="464.0" left_validation="1" right_validation="1" left_pupil_diameter="2.95146484375" right_pupil_diameter="2.8692352294921877" timestamp="2018-02-05T16:15:03.941-05:00" session_time="17157138213" tracker_time="1517865302781" system_time="1517865303941" nano_time="1566070782266646" gazeId="172" duration="67" url="https://stackoverflow.com/questions/40970794/java-runs-jmx-disabled-action/40973807#40973807" Id="40970794">
            <soe part="ANSWER" part_number="1" type="CODE" type_number="2"/>
        </response>
        <response name="jmeter - java runs jmx disabled action - Stack Overflow" type="browser" x="747.5" y="312.0" left_validation="1" right_validation="1" left_pupil_diameter="2.90877685546875" right_pupil_diameter="2.8520294189453126" timestamp="2018-02-05T16:15:04.008-05:00" session_time="17223860426" tracker_time="1517865302847" system_time="1517865304008" nano_time="1566070848988859" gazeId="176" duration="185" url="https://stackoverflow.com/questions/40970794/java-runs-jmx-disabled-action/40973807#40973807" Id="40970794">
            <soe part="ANSWER" part_number="1" type="TEXT" type_number="5"/>
        </response>
        <response name="jmeter - java runs jmx disabled action - Stack Overflow" type="browser" x="709.0" y="262.0" left_validation="1" right_validation="1" left_pupil_diameter="2.8881462944878473" right_pupil_diameter="2.8456590440538196" timestamp="2018-02-05T16:15:04.193-05:00" session_time="17408528488" tracker_time="1517865303031" system_time="1517865304193" nano_time="1566071033656921" gazeId="185" duration="464" url="https://stackoverflow.com/questions/40970794/java-runs-jmx-disabled-action/40973807#40973807" Id="40970794">
            <soe part="QUESTION" part_number="1" type="TAG" type_number="2"/>
        </response>
        <response name="T3-SO.txt" type="txt" x="456.0" y="823.0" left_validation="1" right_validation="1" left_pupil_diameter="2.9282073974609375" right_pupil_diameter="2.8877264935037363" timestamp="2018-02-05T16:15:04.657-05:00" session_time="17873755937" tracker_time="1517865303497" system_time="1517865304657" nano_time="1566071498884370" gazeId="193" duration="517" path="C:\CodeSummarizationStudy\_tasks\Sequence 1\T3-SO.txt" line_height="15" font_height="10" line="9" col="5" line_base_x="414" line_base_y="820"/>
        <response name="jmeter - java runs jmx disabled action - Stack Overflow" type="browser" x="776.0" y="320.0" left_validation="1" right_validation="1" left_pupil_diameter="2.8801057603624134" right_pupil_diameter="2.85933346218533" timestamp="2018-02-05T16:15:05.174-05:00" session_time="18390356214" tracker_time="1517865304014" system_time="1517865305174" nano_time="1566072015484647" gazeId="215" duration="284" url="https://stackoverflow.com/questions/40970794/java-runs-jmx-disabled-action/40973807#40973807" Id="40970794">
            <soe part="QUESTION" part_number="1" type="TEXT" type_number="1"/>
        </response>
        <response name="jmeter - java runs jmx disabled action - Stack Overflow" type="browser" x="899.0" y="340.0" left_validation="1" right_validation="1" left_pupil_diameter="2.912065633138021" right_pupil_diameter="2.8708262125651043" timestamp="2018-02-05T16:15:05.458-05:00" session_time="18673715396" tracker_time="1517865304297" system_time="1517865305458" nano_time="1566072298843829" gazeId="232" duration="233" url="https://stackoverflow.com/questions/40970794/java-runs-jmx-disabled-action/40973807#40973807" Id="40970794">
            <soe part="QUESTION" part_number="1" type="CODE" type_number="3"/>
        </response>
        <response name="jmeter - java runs jmx disabled action - Stack Overflow" type="browser" x="764.0" y="263.0" left_validation="1" right_validation="1" left_pupil_diameter="2.967505876408067" right_pupil_diameter="2.9384307861328125" timestamp="2018-02-05T16:15:05.691-05:00" session_time="18907008542" tracker_time="1517865304531" system_time="1517865305691" nano_time="1566072532136975" gazeId="246" duration="851" url="https://stackoverflow.com/questions/40970794/java-runs-jmx-disabled-action/40973807#40973807" Id="40970794">
            <soe part="QUESTION" part_number="1" type="CODE" type_number="3"/>
        </response>
        <response name="jmeter - java runs jmx disabled action - Stack Overflow" type="browser" x="758.0" y="415.5" left_validation="1" right_validation="1" left_pupil_diameter="3.0823166791130516" right_pupil_diameter="3.008853687959559" timestamp="2018-02-05T16:15:06.542-05:00" session_time="19756953393" tracker_time="1517865305380" system_time="1517865306542" nano_time="1566073382081826" gazeId="288" duration="549" url="https://stackoverflow.com/questions/40970794/java-runs-jmx-disabled-action/40973807#40973807" Id="40970794">
            <soe part="QUESTION" part_number="1" type="TEXT" type_number="2"/>
        </response>
        <response name="jmeter - java runs jmx disabled action - Stack Overflow" type="browser" x="726.5" y="235.5" left_validation="1" right_validation="1" left_pupil_diameter="3.0616056654188366" right_pupil_diameter="3.031767103407118" timestamp="2018-02-05T16:15:07.091-05:00" session_time="20306851360" tracker_time="1517865305930" system_time="1517865307091" nano_time="1566073931979793" gazeId="321" duration="317" url="https://stackoverflow.com/questions/40970794/java-runs-jmx-disabled-action/40973807#40973807" Id="40970794">
            <soe part="QUESTION" part_number="1" type="TEXT" type_number="2"/>
        </response>
        <response name="jmeter - java runs jmx disabled action - Stack Overflow" type="browser" x="784.0" y="225.0" left_validation="1" right_validation="1" left_pupil_diameter="3.1435648600260415" right_pupil_diameter="3.1050778343563987" timestamp="2018-02-05T16:15:07.408-05:00" session_time="20623403031" tracker_time="1517865306247" system_time="1517865307408" nano_time="1566074248531464" gazeId="338" duration="333" url="https://stackoverflow.com/questions/40970794/java-runs-jmx-disabled-action/40973807#40973807" Id="40970794">
            <soe part="QUESTION" part_number="1" type="TEXT" type_number="1"/>
        </response>
        <response name="jmeter - java runs jmx disabled action - Stack Overflow" type="browser" x="749.0" y="226.0" left_validation="1" right_validation="1" left_pupil_diameter="3.194492885044643" right_pupil_diameter="3.1773260207403276" timestamp="2018-02-05T16:15:07.741-05:00" session_time="20956661830" tracker_time="1517865306580" system_time="1517865307741" nano_time="1566074581790263" gazeId="358" duration="333" url="https://stackoverflow.com/questions/40970794/java-runs-jmx-disabled-action/40973807#40973807" Id="40970794">
            <soe part="QUESTION" part_number="1" type="TEXT" type_number="1"/>
        </response>
        <response name="jmeter - java runs jmx disabled action - Stack Overflow" type="browser" x="478.0" y="779.0" left_validation="1" right_validation="1" left_pupil_diameter="3.0330868675595237" right_pupil_diameter="3.069944835844494" timestamp="2018-02-05T16:15:08.074-05:00" session_time="21290052591" tracker_time="1517865306914" system_time="1517865308074" nano_time="1566074915181024" gazeId="378" duration="550" url="https://stackoverflow.com/questions/40970794/java-runs-jmx-disabled-action/40973807#40973807" Id="40970794">
            <soe part="QUESTION" part_number="1" type="CODE" type_number="4"/>
        </response>
        <response name="T3-SO.txt" type="txt" x="612.0" y="708.5" left_validation="1" right_validation="1" left_pupil_diameter="3.038069588797433" right_pupil_diameter="3.1076017107282365" timestamp="2018-02-05T16:15:08.624-05:00" session_time="21840012141" tracker_time="1517865307463" system_time="1517865308624" nano_time="1566075465140574" gazeId="398" duration="616" path="C:\CodeSummarizationStudy\_tasks\Sequence 1\T3-SO.txt" line_height="15" font_height="10" line="7" col="7" line_base_x="414" line_base_y="790"/>
        <response name="T3-SO.txt" type="txt" x="493.0" y="711.0" left_validation="1" right_validation="1" left_pupil_diameter="3.0468999689275567" right_pupil_diameter="3.063634005459872" timestamp="2018-02-05T16:15:09.24-05:00" session_time="22456463703" tracker_time="1517865308080" system_time="1517865309240" nano_time="1566076081592136" gazeId="411" duration="651" path="C:\CodeSummarizationStudy\_tasks\Sequence 1\T3-SO.txt" line_height="15" font_height="10" line="1" col="23" line_base_x="414" line_base_y="700"/>
        <response name="T3-SO.txt" type="txt" x="574.0" y="702.0" left_validation="1" right_validation="1" left_pupil_diameter="2.9010711669921876" right_pupil_diameter="2.8919158935546876" timestamp="2018-02-05T16:15:09.891-05:00" session_time="23106554592" tracker_time="1517865308730" system_time="1517865309891" nano_time="1566076731683025" gazeId="432" duration="3499" path="C:\CodeSummarizationStudy\_tasks\Sequence 1\T3-SO.txt" line_height="15" font_height="10" line="1" col="19" line_base_x="414" line_base_y="700"/>
        <response name="jmeter - java runs jmx disabled action - Stack Overflow" type="browser" x="833.0" y="426.0" left_validation="1" right_validation="1" left_pupil_diameter="2.8445536295572915" right_pupil_diameter="2.8052764892578126" timestamp="2018-02-05T16:15:13.39-05:00" session_time="26605870406" tracker_time="1517865312230" system_time="1517865313390" nano_time="1566080230998839" gazeId="446" duration="250" url="https://stackoverflow.com/questions/40970794/java-runs-jmx-disabled-action/40973807#40973807" Id="40970794">
            <soe part="QUESTION" part_number="1" type="CODE" type_number="4"/>
        </response>
        <response name="jmeter - java runs jmx disabled action - Stack Overflow" type="browser" x="644.5" y="780.5" left_validation="1" right_validation="1" left_pupil_diameter="2.8450450897216797" right_pupil_diameter="2.797105153401693" timestamp="2018-02-05T16:15:13.64-05:00" session_time="26855838057" tracker_time="1517865312479" system_time="1517865313640" nano_time="1566080480966490" gazeId="460" duration="584" url="https://stackoverflow.com/questions/40970794/java-runs-jmx-disabled-action/40973807#40973807" Id="40970794">
            <soe part="QUESTION" part_number="1" type="CODE" type_number="4"/>
        </response>
        <response name="T3-SO.txt" type="txt" x="714.5" y="787.0" left_validation="1" right_validation="1" left_pupil_diameter="2.8203951517740884" right_pupil_diameter="2.7704575856526694" timestamp="2018-02-05T16:15:14.224-05:00" session_time="27439237157" tracker_time="1517865313063" system_time="1517865314224" nano_time="1566081064365590" gazeId="483" duration="651" path="C:\CodeSummarizationStudy\_tasks\Sequence 1\T3-SO.txt" line_height="15" font_height="10" line="6" col="38" line_base_x="414" line_base_y="775"/>
        <response name="jmeter - java runs jmx disabled action - Stack Overflow" type="browser" x="767.0" y="368.0" left_validation="1" right_validation="1" left_pupil_diameter="2.8455575796274037" right_pupil_diameter="2.812617375300481" timestamp="2018-02-05T16:15:14.875-05:00" session_time="28090571788" tracker_time="1517865313713" system_time="1517865314875" nano_time="1566081715700221" gazeId="506" duration="382" url="https://stackoverflow.com/questions/40970794/java-runs-jmx-disabled-action/40973807#40973807" Id="40970794">
            <soe part="QUESTION" part_number="1" type="CODE" type_number="4"/>
        </response>
        <response name="jmeter - java runs jmx disabled action - Stack Overflow" type="browser" x="746.0" y="310.0" left_validation="1" right_validation="1" left_pupil_diameter="2.876156077665441" right_pupil_diameter="2.8369167552274814" timestamp="2018-02-05T16:15:15.257-05:00" session_time="28472457871" tracker_time="1517865314096" system_time="1517865315257" nano_time="1566082097586304" gazeId="518" duration="266" url="https://stackoverflow.com/questions/40970794/java-runs-jmx-disabled-action/40973807#40973807" Id="40970794">
            <soe part="QUESTION" part_number="1" type="CODE" type_number="2"/>
        </response>
        <response name="jmeter - java runs jmx disabled action - Stack Overflow" type="browser" x="840.0" y="310.0" left_validation="1" right_validation="1" left_pupil_diameter="2.9063931978665867" right_pupil_diameter="2.831281221829928" timestamp="2018-02-05T16:15:15.523-05:00" session_time="28739025615" tracker_time="1517865314363" system_time="1517865315523" nano_time="1566082364154048" gazeId="534" duration="200" url="https://stackoverflow.com/questions/40970794/java-runs-jmx-disabled-action/40973807#40973807" Id="40970794">
            <soe part="QUESTION" part_number="1" type="TEXT" type_number="1"/>
        </response>
        <response name="jmeter - java runs jmx disabled action - Stack Overflow" type="browser" x="973.0" y="315.0" left_validation="1" right_validation="1" left_pupil_diameter="2.9410519070095487" right_pupil_diameter="2.8759485880533853" timestamp="2018-02-05T16:15:15.723-05:00" session_time="28939024735" tracker_time="1517865314563" system_time="1517865315723" nano_time="1566082564153168" gazeId="546" duration="967" url="https://stackoverflow.com/questions/40970794/java-runs-jmx-disabled-action/40973807#40973807" Id="40970794">
            <soe part="QUESTION" part_number="1" type="TEXT" type_number="1"/>
        </response>
        <response name="jmeter - java runs jmx disabled action - Stack Overflow" type="browser" x="1004.0" y="563.0" left_validation="1" right_validation="1" left_pupil_diameter="3.0684009898792612" right_pupil_diameter="2.9908807927911933" timestamp="2018-02-05T16:15:16.69-05:00" session_time="29905551827" tracker_time="1517865315529" system_time="1517865316690" nano_time="1566083530680260" gazeId="563" duration="483" url="https://stackoverflow.com/questions/40970794/java-runs-jmx-disabled-action/40973807#40973807" Id="40970794">
            <soe part="QUESTION" part_number="1" type="TEXT" type_number="3"/>
        </response>
        <response name="jmeter - java runs jmx disabled action - Stack Overflow" type="browser" x="1116.5" y="370.0" left_validation="1" right_validation="1" left_pupil_diameter="3.051004409790039" right_pupil_diameter="2.9567928314208984" timestamp="2018-02-05T16:15:17.173-05:00" session_time="30388758007" tracker_time="1517865316012" system_time="1517865317173" nano_time="1566084013886440" gazeId="573" duration="933" url="https://stackoverflow.com/questions/40970794/java-runs-jmx-disabled-action/40973807#40973807" Id="40970794">
            <soe part="ANSWER" part_number="1" type="TEXT" type_number="1"/>
        </response>
        <response name="jmeter - java runs jmx disabled action - Stack Overflow" type="browser" x="1092.0" y="408.0" left_validation="1" right_validation="1" left_pupil_diameter="3.1204401652018228" right_pupil_diameter="3.0048675537109375" timestamp="2018-02-05T16:15:18.106-05:00" session_time="31321964681" tracker_time="1517865316946" system_time="1517865318106" nano_time="1566084947093114" gazeId="580" duration="83" url="https://stackoverflow.com/questions/40970794/java-runs-jmx-disabled-action/40973807#40973807" Id="40970794">
            <soe part="ANSWER" part_number="1" type="TEXT" type_number="1"/>
        </response>
        <response name="jmeter - java runs jmx disabled action - Stack Overflow" type="browser" x="1172.0" y="443.5" left_validation="1" right_validation="1" left_pupil_diameter="3.138775634765625" right_pupil_diameter="3.0146499633789063" timestamp="2018-02-05T16:15:18.189-05:00" session_time="31405359932" tracker_time="1517865317029" system_time="1517865318189" nano_time="1566085030488365" gazeId="585" duration="151" url="https://stackoverflow.com/questions/40970794/java-runs-jmx-disabled-action/40973807#40973807" Id="40970794">
            <soe part="ANSWER" part_number="1" type="TEXT" type_number="3"/>
        </response>
        <response name="jmeter - java runs jmx disabled action - Stack Overflow" type="browser" x="864.0" y="562.0" left_validation="1" right_validation="1" left_pupil_diameter="3.0330696643238335" right_pupil_diameter="2.9448663416043135" timestamp="2018-02-05T16:15:18.34-05:00" session_time="31555392355" tracker_time="1517865317179" system_time="1517865318340" nano_time="1566085180520788" gazeId="594" duration="1166" url="https://stackoverflow.com/questions/40970794/java-runs-jmx-disabled-action/40973807#40973807" Id="40970794">
            <soe part="ANSWER" part_number="1" type="CODE" type_number="2"/>
        </response>
        <response name="jmeter - java runs jmx disabled action - Stack Overflow" type="browser" x="923.0" y="591.0" left_validation="1" right_validation="1" left_pupil_diameter="2.883892352764423" right_pupil_diameter="2.736926739032452" timestamp="2018-02-05T16:15:19.506-05:00" session_time="32721776708" tracker_time="1517865318345" system_time="1517865319506" nano_time="1566086346905141" gazeId="664" duration="434" url="https://stackoverflow.com/questions/40970794/java-runs-jmx-disabled-action/40973807#40973807" Id="40970794">
            <soe part="ANSWER" part_number="1" type="CODE" type_number="2"/>
        </response>
        <response name="jmeter - java runs jmx disabled action - Stack Overflow" type="browser" x="981.5" y="596.0" left_validation="1" right_validation="1" left_pupil_diameter="3.0561771392822266" right_pupil_diameter="2.9741897583007812" timestamp="2018-02-05T16:15:19.94-05:00" session_time="33155201303" tracker_time="1517865318779" system_time="1517865319940" nano_time="1566086780329736" gazeId="676" duration="116" url="https://stackoverflow.com/questions/40970794/java-runs-jmx-disabled-action/40973807#40973807" Id="40970794">
            <soe part="ANSWER" part_number="1" type="CODE" type_number="2"/>
        </response>
        <response name="jmeter - java runs jmx disabled action - Stack Overflow" type="browser" x="1106.0" y="555.0" left_validation="1" right_validation="1" left_pupil_diameter="3.111377113743832" right_pupil_diameter="3.0703044690583883" timestamp="2018-02-05T16:15:20.056-05:00" session_time="33271936767" tracker_time="1517865318895" system_time="1517865320056" nano_time="1566086897065200" gazeId="683" duration="300" url="https://stackoverflow.com/questions/40970794/java-runs-jmx-disabled-action/40973807#40973807" Id="40970794">
            <soe part="ANSWER" part_number="1" type="CODE" type_number="2"/>
        </response>
        <response name="jmeter - java runs jmx disabled action - Stack Overflow" type="browser" x="1169.0" y="567.0" left_validation="1" right_validation="1" left_pupil_diameter="2.98363037109375" right_pupil_diameter="2.9598240443638395" timestamp="2018-02-05T16:15:20.356-05:00" session_time="33571754916" tracker_time="1517865319195" system_time="1517865320356" nano_time="1566087196883349" gazeId="701" duration="650" url="https://stackoverflow.com/questions/40970794/java-runs-jmx-disabled-action/40973807#40973807" Id="40970794">
            <soe part="ANSWER" part_number="1" type="CODE" type_number="2"/>
        </response>
        <response name="jmeter - java runs jmx disabled action - Stack Overflow" type="browser" x="728.0" y="536.0" left_validation="1" right_validation="1" left_pupil_diameter="2.9395599365234375" right_pupil_diameter="2.8889389038085938" timestamp="2018-02-05T16:15:21.006-05:00" session_time="34221582614" tracker_time="1517865319845" system_time="1517865321006" nano_time="1566087846711047" gazeId="735" duration="1617" url="https://stackoverflow.com/questions/40970794/java-runs-jmx-disabled-action/40973807#40973807" Id="40970794">
            <soe part="QUESTION" part_number="1" type="TEXT" type_number="3"/>
        </response>
        <response name="jmeter - java runs jmx disabled action - Stack Overflow" type="browser" x="731.0" y="499.0" left_validation="1" right_validation="1" left_pupil_diameter="2.9702017647879466" right_pupil_diameter="2.921781994047619" timestamp="2018-02-05T16:15:22.623-05:00" session_time="35838250448" tracker_time="1517865321462" system_time="1517865322623" nano_time="1566089463378881" gazeId="748" duration="332" url="https://stackoverflow.com/questions/40970794/java-runs-jmx-disabled-action/40973807#40973807" Id="40970794">
            <soe part="QUESTION" part_number="1" type="TAG" type_number="2"/>
        </response>
        <response name="jmeter - java runs jmx disabled action - Stack Overflow" type="browser" x="743.0" y="430.0" left_validation="1" right_validation="1" left_pupil_diameter="2.8930114110310874" right_pupil_diameter="2.875462214152018" timestamp="2018-02-05T16:15:22.955-05:00" session_time="36171469658" tracker_time="1517865321795" system_time="1517865322955" nano_time="1566089796598091" gazeId="768" duration="784" url="https://stackoverflow.com/questions/40970794/java-runs-jmx-disabled-action/40973807#40973807" Id="40970794">
            <soe part="QUESTION" part_number="1" type="TEXT" type_number="3"/>
        </response>
        <response name="jmeter - java runs jmx disabled action - Stack Overflow" type="browser" x="822.5" y="385.0" left_validation="1" right_validation="1" left_pupil_diameter="3.0706419944763184" right_pupil_diameter="2.973351001739502" timestamp="2018-02-05T16:15:23.739-05:00" session_time="36954621183" tracker_time="1517865322578" system_time="1517865323739" nano_time="1566090579749616" gazeId="815" duration="517" url="https://stackoverflow.com/questions/40970794/java-runs-jmx-disabled-action/40973807#40973807" Id="40970794">
            <soe part="QUESTION" part_number="1" type="CODE" type_number="4"/>
        </response>
        <response name="jmeter - java runs jmx disabled action - Stack Overflow" type="browser" x="870.0" y="372.0" left_validation="1" right_validation="1" left_pupil_diameter="3.068535486857096" right_pupil_diameter="2.9740002950032554" timestamp="2018-02-05T16:15:24.256-05:00" session_time="37471335827" tracker_time="1517865323095" system_time="1517865324256" nano_time="1566091096464260" gazeId="846" duration="450" url="https://stackoverflow.com/questions/40970794/java-runs-jmx-disabled-action/40973807#40973807" Id="40970794">
            <soe part="QUESTION" part_number="1" type="CODE" type_number="4"/>
        </response>
        <response name="jmeter - java runs jmx disabled action - Stack Overflow" type="browser" x="496.0" y="736.0" left_validation="1" right_validation="1" left_pupil_diameter="3.033552042643229" right_pupil_diameter="2.958379109700521" timestamp="2018-02-05T16:15:24.706-05:00" session_time="37921153408" tracker_time="1517865323545" system_time="1517865324706" nano_time="1566091546281841" gazeId="869" duration="583" url="https://stackoverflow.com/questions/40970794/java-runs-jmx-disabled-action/40973807#40973807" Id="40970794">
            <soe part="QUESTION" part_number="1" type="TEXT" type_number="3"/>
        </response>
        <response name="T3-SO.txt" type="txt" x="678.5" y="701.0" left_validation="1" right_validation="1" left_pupil_diameter="3.014768600463867" right_pupil_diameter="2.952117919921875" timestamp="2018-02-05T16:15:25.289-05:00" session_time="38504393054" tracker_time="1517865324128" system_time="1517865325289" nano_time="1566092129521487" gazeId="883" duration="616" path="C:\CodeSummarizationStudy\_tasks\Sequence 1\T3-SO.txt" line_height="15" font_height="10" line="1" col="29" line_base_x="414" line_base_y="700"/>
        <response name="jmeter - java runs jmx disabled action - Stack Overflow" type="browser" x="781.0" y="487.0" left_validation="1" right_validation="1" left_pupil_diameter="2.9479871477399553" right_pupil_diameter="2.9152679443359375" timestamp="2018-02-05T16:15:25.905-05:00" session_time="39120954585" tracker_time="1517865324745" system_time="1517865325905" nano_time="1566092746083018" gazeId="890" duration="100" url="https://stackoverflow.com/questions/40970794/java-runs-jmx-disabled-action/40973807#40973807" Id="40970794">
            <soe part="QUESTION" part_number="1" type="TAG" type_number="3"/>
        </response>
        <response name="jmeter - java runs jmx disabled action - Stack Overflow" type="browser" x="751.5" y="393.5" left_validation="1" right_validation="1" left_pupil_diameter="2.9210483006068637" right_pupil_diameter="2.8868920462472096" timestamp="2018-02-05T16:15:26.005-05:00" session_time="39220912174" tracker_time="1517865324845" system_time="1517865326005" nano_time="1566092846040607" gazeId="896" duration="450" url="https://stackoverflow.com/questions/40970794/java-runs-jmx-disabled-action/40973807#40973807" Id="40970794">
            <soe part="QUESTION" part_number="1" type="CODE" type_number="4"/>
        </response>
        <response name="jmeter - java runs jmx disabled action - Stack Overflow" type="browser" x="805.0" y="407.0" left_validation="1" right_validation="1" left_pupil_diameter="2.9772469656808034" right_pupil_diameter="2.908776419503348" timestamp="2018-02-05T16:15:26.455-05:00" session_time="39670992945" tracker_time="1517865325295" system_time="1517865326455" nano_time="1566093296121378" gazeId="923" duration="100" url="https://stackoverflow.com/questions/40970794/java-runs-jmx-disabled-action/40973807#40973807" Id="40970794">
            <soe part="QUESTION" part_number="1" type="CODE" type_number="4"/>
        </response>
        <response name="jmeter - java runs jmx disabled action - Stack Overflow" type="browser" x="907.0" y="414.5" left_validation="1" right_validation="1" left_pupil_diameter="2.962373521592882" right_pupil_diameter="2.946955362955729" timestamp="2018-02-05T16:15:26.605-05:00" session_time="39820817161" tracker_time="1517865325445" system_time="1517865326605" nano_time="1566093445945594" gazeId="932" duration="317" url="https://stackoverflow.com/questions/40970794/java-runs-jmx-disabled-action/40973807#40973807" Id="40970794">
            <soe part="QUESTION" part_number="1" type="CODE" type_number="4"/>
        </response>
        <response name="jmeter - java runs jmx disabled action - Stack Overflow" type="browser" x="801.0" y="254.0" left_validation="1" right_validation="1" left_pupil_diameter="2.935637664794922" right_pupil_diameter="2.9178535461425783" timestamp="2018-02-05T16:15:26.922-05:00" session_time="40137616993" tracker_time="1517865325761" system_time="1517865326922" nano_time="1566093762745426" gazeId="949" duration="333" url="https://stackoverflow.com/questions/40970794/java-runs-jmx-disabled-action/40973807#40973807" Id="40970794">
            <soe part="QUESTION" part_number="1" type="CODE" type_number="2"/>
        </response>
        <response name="jmeter - java runs jmx disabled action - Stack Overflow" type="browser" x="821.5" y="452.0" left_validation="1" right_validation="1" left_pupil_diameter="3.095136515299479" right_pupil_diameter="3.000463358561198" timestamp="2018-02-05T16:15:27.255-05:00" session_time="40470845734" tracker_time="1517865326094" system_time="1517865327255" nano_time="1566094095974167" gazeId="968" duration="483" url="https://stackoverflow.com/questions/40970794/java-runs-jmx-disabled-action/40973807#40973807" Id="40970794">
            <soe part="QUESTION" part_number="1" type="CODE" type_number="3"/>
        </response>
        <response name="jmeter - java runs jmx disabled action - Stack Overflow" type="browser" x="481.0" y="735.0" left_validation="1" right_validation="1" left_pupil_diameter="3.1104960722081803" right_pupil_diameter="3.073525821461397" timestamp="2018-02-05T16:15:27.738-05:00" session_time="40954046049" tracker_time="1517865326578" system_time="1517865327738" nano_time="1566094579174482" gazeId="997" duration="517" url="https://stackoverflow.com/questions/40970794/java-runs-jmx-disabled-action/40973807#40973807" Id="40970794">
            <soe part="QUESTION" part_number="1" type="TAG" type_number="1"/>
        </response>
    </gazes>
</itrace-records>
