<?xml version="1.0" encoding="UTF-8" standalone="yes"?>
<itrace-records>
    <environment>
        <screen-size width="1920" height="1080"/>
    </environment>
    <gazes>
        <response name="T6-SO.txt" type="txt" x="518.0" y="737.0" left_validation="1" right_validation="1" left_pupil_diameter="3.1532343084161933" right_pupil_diameter="3.0568001487038354" timestamp="2018-02-06T12:38:01.651-05:00" session_time="2291284603" tracker_time="1517938679359" system_time="1517938681651" nano_time="1639448535619307" gazeId="5" duration="1999" path="C:\CodeSummarizationStudy\_tasks\Sequence 2\T6-SO.txt" line_height="15" font_height="10" line="3" col="6" line_base_x="414" line_base_y="730"/>
        <response name="T6-SO.txt" type="txt" x="483.0" y="789.0" left_validation="1" right_validation="1" left_pupil_diameter="3.153841972351074" right_pupil_diameter="3.0413293838500977" timestamp="2018-02-06T12:38:03.65-05:00" session_time="4290912910" tracker_time="1517938681358" system_time="1517938683650" nano_time="1639450535247614" gazeId="15" duration="250" path="C:\CodeSummarizationStudy\_tasks\Sequence 2\T6-SO.txt" line_height="15" font_height="10" line="6" col="15" line_base_x="414" line_base_y="775"/>
        <response name="T6-SO.txt" type="txt" x="426.0" y="789.0" left_validation="1" right_validation="1" left_pupil_diameter="3.228179931640625" right_pupil_diameter="3.117109680175781" timestamp="2018-02-06T12:38:03.9-05:00" session_time="4540839872" tracker_time="1517938681608" system_time="1517938683900" nano_time="1639450785174576" gazeId="30" duration="1966" path="C:\CodeSummarizationStudy\_tasks\Sequence 2\T6-SO.txt" line_height="15" font_height="10" line="7" col="5" line_base_x="414" line_base_y="790"/>
        <response name="T6-SO.txt" type="txt" x="524.0" y="784.0" left_validation="1" right_validation="1" left_pupil_diameter="3.4534149169921875" right_pupil_diameter="3.2433258056640626" timestamp="2018-02-06T12:38:05.866-05:00" session_time="6507193581" tracker_time="1517938683575" system_time="1517938685866" nano_time="1639452751528285" gazeId="59" duration="68" path="C:\CodeSummarizationStudy\_tasks\Sequence 2\T6-SO.txt" line_height="15" font_height="10" line="6" col="11" line_base_x="414" line_base_y="775"/>
        <response name="T6-SO.txt" type="txt" x="660.0" y="779.0" left_validation="1" right_validation="1" left_pupil_diameter="3.2306206744650137" right_pupil_diameter="3.193282417629076" timestamp="2018-02-06T12:38:05.934-05:00" session_time="6573937055" tracker_time="1517938683641" system_time="1517938685934" nano_time="1639452818271759" gazeId="63" duration="5616" path="C:\CodeSummarizationStudy\_tasks\Sequence 2\T6-SO.txt" line_height="15" font_height="10" line="6" col="20" line_base_x="414" line_base_y="775"/>
        <response name="T6-SO.txt" type="txt" x="618.5" y="701.0" left_validation="1" right_validation="1" left_pupil_diameter="3.2821426391601562" right_pupil_diameter="3.0897769927978516" timestamp="2018-02-06T12:38:11.55-05:00" session_time="12190033419" tracker_time="1517938689257" system_time="1517938691550" nano_time="1639458434368123" gazeId="85" duration="466" path="C:\CodeSummarizationStudy\_tasks\Sequence 2\T6-SO.txt" line_height="15" font_height="10" line="1" col="36" line_base_x="414" line_base_y="700"/>
        <response name="T6-SO.txt" type="txt" x="567.0" y="702.0" left_validation="1" right_validation="1" left_pupil_diameter="3.2401123046875" right_pupil_diameter="3.044147491455078" timestamp="2018-02-06T12:38:12.016-05:00" session_time="12656620811" tracker_time="1517938689724" system_time="1517938692016" nano_time="1639458900955515" gazeId="92" duration="117" path="C:\CodeSummarizationStudy\_tasks\Sequence 2\T6-SO.txt" line_height="15" font_height="10" line="1" col="20" line_base_x="414" line_base_y="700"/>
        <response name="T6-SO.txt" type="txt" x="602.0" y="703.5" left_validation="1" right_validation="1" left_pupil_diameter="3.2025968763563366" right_pupil_diameter="3.0647574530707464" timestamp="2018-02-06T12:38:12.133-05:00" session_time="12773148435" tracker_time="1517938689841" system_time="1517938692133" nano_time="1639459017483139" gazeId="99" duration="7334" path="C:\CodeSummarizationStudy\_tasks\Sequence 2\T6-SO.txt" line_height="15" font_height="10" line="1" col="24" line_base_x="414" line_base_y="700"/>
        <response name="T6-SO.txt" type="txt" x="514.0" y="730.0" left_validation="1" right_validation="1" left_pupil_diameter="3.09539794921875" right_pupil_diameter="3.0288686116536456" timestamp="2018-02-06T12:38:19.467-05:00" session_time="20106593447" tracker_time="1517938697173" system_time="1517938699467" nano_time="1639466350928151" gazeId="116" duration="514" path="C:\CodeSummarizationStudy\_tasks\Sequence 2\T6-SO.txt" line_height="15" font_height="10" line="6" col="16" line_base_x="414" line_base_y="775"/>
        <response name="T6-SO.txt" type="txt" x="731.0" y="520.0" left_validation="1" right_validation="1" left_pupil_diameter="3.0937638716264204" right_pupil_diameter="3.004273848100142" timestamp="2018-02-06T12:38:19.981-05:00" session_time="20621985538" tracker_time="1517938697690" system_time="1517938699981" nano_time="1639466866320242" gazeId="130" duration="31613" path="C:\CodeSummarizationStudy\_tasks\Sequence 2\T6-SO.txt" line_height="15" font_height="10" line="1" col="17" line_base_x="414" line_base_y="700"/>
        <response name="tomcat valve - Extends ValveBase class : java.lang.ClassNotFoundException - Stack Overflow" type="browser" x="591.0" y="786.0" left_validation="1" right_validation="1" left_pupil_diameter="3.028108142671131" right_pupil_diameter="2.9832022530691966" timestamp="2018-02-06T12:38:51.594-05:00" session_time="52234473107" tracker_time="1517938729302" system_time="1517938731594" nano_time="1639498478807811" gazeId="140" duration="900" url="https://stackoverflow.com/questions/24358707/extends-valvebase-class-java-lang-classnotfoundexception" Id="24358707">
            <soe part="QUESTION" part_number="1" type="CODE" type_number="1"/>
        </response>
        <response name="tomcat valve - Extends ValveBase class : java.lang.ClassNotFoundException - Stack Overflow" type="browser" x="884.0" y="589.0" left_validation="1" right_validation="1" left_pupil_diameter="2.9870918675472864" right_pupil_diameter="2.8029753032483553" timestamp="2018-02-06T12:38:52.544-05:00" session_time="53184511907" tracker_time="1517938730252" system_time="1517938732544" nano_time="1639499428846611" gazeId="163" duration="334" url="https://stackoverflow.com/questions/24358707/extends-valvebase-class-java-lang-classnotfoundexception" Id="24358707">
            <soe part="QUESTION" part_number="1" type="CODE" type_number="1"/>
        </response>
        <response name="tomcat valve - Extends ValveBase class : java.lang.ClassNotFoundException - Stack Overflow" type="browser" x="824.0" y="588.0" left_validation="1" right_validation="1" left_pupil_diameter="2.718397917570891" right_pupil_diameter="2.850001017252604" timestamp="2018-02-06T12:38:52.878-05:00" session_time="53517798931" tracker_time="1517938730585" system_time="1517938732878" nano_time="1639499762133635" gazeId="181" duration="500" url="https://stackoverflow.com/questions/24358707/extends-valvebase-class-java-lang-classnotfoundexception" Id="24358707">
            <soe part="QUESTION" part_number="1" type="CODE" type_number="1"/>
        </response>
        <response name="tomcat valve - Extends ValveBase class : java.lang.ClassNotFoundException - Stack Overflow" type="browser" x="796.0" y="615.0" left_validation="1" right_validation="1" left_pupil_diameter="2.7881883893694197" right_pupil_diameter="2.9136080060686385" timestamp="2018-02-06T12:38:53.378-05:00" session_time="54017770156" tracker_time="1517938731085" system_time="1517938733378" nano_time="1639500262104860" gazeId="207" duration="233" url="https://stackoverflow.com/questions/24358707/extends-valvebase-class-java-lang-classnotfoundexception" Id="24358707">
            <soe part="QUESTION" part_number="1" type="CODE" type_number="1"/>
        </response>
        <response name="tomcat valve - Extends ValveBase class : java.lang.ClassNotFoundException - Stack Overflow" type="browser" x="750.0" y="352.0" left_validation="1" right_validation="1" left_pupil_diameter="3.0465072631835937" right_pupil_diameter="2.8947662353515624" timestamp="2018-02-06T12:38:53.611-05:00" session_time="54250923276" tracker_time="1517938731318" system_time="1517938733611" nano_time="1639500495257980" gazeId="220" duration="1050" url="https://stackoverflow.com/questions/24358707/extends-valvebase-class-java-lang-classnotfoundexception" Id="24358707">
            <soe part="QUESTION" part_number="1" type="CODE" type_number="1"/>
        </response>
        <response name="tomcat valve - Extends ValveBase class : java.lang.ClassNotFoundException - Stack Overflow" type="browser" x="702.0" y="368.0" left_validation="1" right_validation="1" left_pupil_diameter="3.0508544921875" right_pupil_diameter="2.9461669921875" timestamp="2018-02-06T12:38:54.661-05:00" session_time="55300932495" tracker_time="1517938732368" system_time="1517938734661" nano_time="1639501545267199" gazeId="249" duration="66" url="https://stackoverflow.com/questions/24358707/extends-valvebase-class-java-lang-classnotfoundexception" Id="24358707">
            <soe part="QUESTION" part_number="1" type="CODE" type_number="1"/>
        </response>
        <response name="tomcat valve - Extends ValveBase class : java.lang.ClassNotFoundException - Stack Overflow" type="browser" x="669.0" y="385.0" left_validation="1" right_validation="1" left_pupil_diameter="2.7582470121837797" right_pupil_diameter="2.990328834170387" timestamp="2018-02-06T12:38:54.727-05:00" session_time="55367383452" tracker_time="1517938732435" system_time="1517938734727" nano_time="1639501611718156" gazeId="253" duration="517" url="https://stackoverflow.com/questions/24358707/extends-valvebase-class-java-lang-classnotfoundexception" Id="24358707">
            <soe part="QUESTION" part_number="1" type="CODE" type_number="1"/>
        </response>
        <response name="tomcat valve - Extends ValveBase class : java.lang.ClassNotFoundException - Stack Overflow" type="browser" x="756.5" y="389.5" left_validation="1" right_validation="1" left_pupil_diameter="3.1471786499023438" right_pupil_diameter="2.9760828018188477" timestamp="2018-02-06T12:38:55.244-05:00" session_time="55883949272" tracker_time="1517938732952" system_time="1517938735244" nano_time="1639502128283976" gazeId="273" duration="249" url="https://stackoverflow.com/questions/24358707/extends-valvebase-class-java-lang-classnotfoundexception" Id="24358707">
            <soe part="QUESTION" part_number="1" type="TEXT" type_number="1"/>
        </response>
        <response name="tomcat valve - Extends ValveBase class : java.lang.ClassNotFoundException - Stack Overflow" type="browser" x="747.5" y="298.5" left_validation="1" right_validation="1" left_pupil_diameter="3.1338653564453125" right_pupil_diameter="2.9547907511393228" timestamp="2018-02-06T12:38:55.493-05:00" session_time="56133917290" tracker_time="1517938733202" system_time="1517938735493" nano_time="1639502378251994" gazeId="288" duration="84" url="https://stackoverflow.com/questions/24358707/extends-valvebase-class-java-lang-classnotfoundexception" Id="24358707">
            <soe part="QUESTION" part_number="1" type="TEXT" type_number="1"/>
        </response>
        <response name="tomcat valve - Extends ValveBase class : java.lang.ClassNotFoundException - Stack Overflow" type="browser" x="725.0" y="225.0" left_validation="1" right_validation="1" left_pupil_diameter="3.1011464972245064" right_pupil_diameter="2.943180285002056" timestamp="2018-02-06T12:38:55.577-05:00" session_time="56217210637" tracker_time="1517938733285" system_time="1517938735577" nano_time="1639502461545341" gazeId="293" duration="300" url="https://stackoverflow.com/questions/24358707/extends-valvebase-class-java-lang-classnotfoundexception" Id="24358707">
            <soe part="QUESTION" part_number="1" type="CODE" type_number="1"/>
        </response>
        <response name="tomcat valve - Extends ValveBase class : java.lang.ClassNotFoundException - Stack Overflow" type="browser" x="699.0" y="276.0" left_validation="1" right_validation="1" left_pupil_diameter="3.1017486572265627" right_pupil_diameter="2.9576751708984377" timestamp="2018-02-06T12:38:55.877-05:00" session_time="56517271083" tracker_time="1517938733585" system_time="1517938735877" nano_time="1639502761605787" gazeId="311" duration="67" url="https://stackoverflow.com/questions/24358707/extends-valvebase-class-java-lang-classnotfoundexception" Id="24358707">
            <soe part="QUESTION" part_number="1" type="CODE" type_number="1"/>
        </response>
        <response name="tomcat valve - Extends ValveBase class : java.lang.ClassNotFoundException - Stack Overflow" type="browser" x="691.0" y="319.0" left_validation="1" right_validation="1" left_pupil_diameter="1.766326904296875" right_pupil_diameter="2.9926283094618054" timestamp="2018-02-06T12:38:55.944-05:00" session_time="56583870132" tracker_time="1517938733652" system_time="1517938735944" nano_time="1639502828204836" gazeId="315" duration="217" url="https://stackoverflow.com/questions/24358707/extends-valvebase-class-java-lang-classnotfoundexception" Id="24358707">
            <soe part="QUESTION" part_number="1" type="CODE" type_number="1"/>
        </response>
        <response name="tomcat valve - Extends ValveBase class : java.lang.ClassNotFoundException - Stack Overflow" type="browser" x="736.5" y="353.5" left_validation="1" right_validation="1" left_pupil_diameter="3.2557957967122397" right_pupil_diameter="3.050755818684896" timestamp="2018-02-06T12:38:56.161-05:00" session_time="56801125123" tracker_time="1517938733868" system_time="1517938736161" nano_time="1639503045459827" gazeId="323" duration="82" url="https://stackoverflow.com/questions/24358707/extends-valvebase-class-java-lang-classnotfoundexception" Id="24358707">
            <soe part="QUESTION" part_number="1" type="CODE" type_number="1"/>
        </response>
        <response name="tomcat valve - Extends ValveBase class : java.lang.ClassNotFoundException - Stack Overflow" type="browser" x="769.0" y="370.0" left_validation="1" right_validation="1" left_pupil_diameter="3.2623660438939144" right_pupil_diameter="3.1066211901212992" timestamp="2018-02-06T12:38:56.243-05:00" session_time="56883864230" tracker_time="1517938733951" system_time="1517938736243" nano_time="1639503128198934" gazeId="328" duration="301" url="https://stackoverflow.com/questions/24358707/extends-valvebase-class-java-lang-classnotfoundexception" Id="24358707">
            <soe part="QUESTION" part_number="1" type="CODE" type_number="1"/>
        </response>
        <response name="tomcat valve - Extends ValveBase class : java.lang.ClassNotFoundException - Stack Overflow" type="browser" x="728.5" y="337.5" left_validation="1" right_validation="1" left_pupil_diameter="2.8418786185128346" right_pupil_diameter="2.9984539576939175" timestamp="2018-02-06T12:38:56.544-05:00" session_time="57183808109" tracker_time="1517938734251" system_time="1517938736544" nano_time="1639503428142813" gazeId="346" duration="550" url="https://stackoverflow.com/questions/24358707/extends-valvebase-class-java-lang-classnotfoundexception" Id="24358707">
            <soe part="QUESTION" part_number="1" type="CODE" type_number="1"/>
        </response>
        <response name="tomcat valve - Extends ValveBase class : java.lang.ClassNotFoundException - Stack Overflow" type="browser" x="785.5" y="339.5" left_validation="1" right_validation="1" left_pupil_diameter="3.1305058797200522" right_pupil_diameter="3.0077336629231772" timestamp="2018-02-06T12:38:57.094-05:00" session_time="57733794785" tracker_time="1517938734801" system_time="1517938737094" nano_time="1639503978129489" gazeId="373" duration="83" url="https://stackoverflow.com/questions/24358707/extends-valvebase-class-java-lang-classnotfoundexception" Id="24358707">
            <soe part="QUESTION" part_number="1" type="CODE" type_number="1"/>
        </response>
        <response name="tomcat valve - Extends ValveBase class : java.lang.ClassNotFoundException - Stack Overflow" type="browser" x="823.5" y="334.5" left_validation="1" right_validation="1" left_pupil_diameter="3.087998526436942" right_pupil_diameter="2.9739652361188615" timestamp="2018-02-06T12:38:57.177-05:00" session_time="57817168043" tracker_time="1517938734885" system_time="1517938737177" nano_time="1639504061502747" gazeId="378" duration="217" url="https://stackoverflow.com/questions/24358707/extends-valvebase-class-java-lang-classnotfoundexception" Id="24358707">
            <soe part="QUESTION" part_number="1" type="CODE" type_number="1"/>
        </response>
        <response name="tomcat valve - Extends ValveBase class : java.lang.ClassNotFoundException - Stack Overflow" type="browser" x="867.0" y="335.0" left_validation="1" right_validation="1" left_pupil_diameter="3.1334493001302084" right_pupil_diameter="2.9583231608072915" timestamp="2018-02-06T12:38:57.394-05:00" session_time="58033692844" tracker_time="1517938735101" system_time="1517938737394" nano_time="1639504278027548" gazeId="391" duration="233" url="https://stackoverflow.com/questions/24358707/extends-valvebase-class-java-lang-classnotfoundexception" Id="24358707">
            <soe part="QUESTION" part_number="1" type="CODE" type_number="1"/>
        </response>
        <response name="tomcat valve - Extends ValveBase class : java.lang.ClassNotFoundException - Stack Overflow" type="browser" x="974.0" y="322.0" left_validation="1" right_validation="1" left_pupil_diameter="3.153839111328125" right_pupil_diameter="2.931976318359375" timestamp="2018-02-06T12:38:57.627-05:00" session_time="58267046106" tracker_time="1517938735335" system_time="1517938737627" nano_time="1639504511380810" gazeId="405" duration="483" url="https://stackoverflow.com/questions/24358707/extends-valvebase-class-java-lang-classnotfoundexception" Id="24358707">
            <soe part="QUESTION" part_number="1" type="CODE" type_number="1"/>
        </response>
        <response name="tomcat valve - Extends ValveBase class : java.lang.ClassNotFoundException - Stack Overflow" type="browser" x="1042.0" y="333.0" left_validation="1" right_validation="1" left_pupil_diameter="3.159696517452117" right_pupil_diameter="2.9360489383820565" timestamp="2018-02-06T12:38:58.11-05:00" session_time="58750199501" tracker_time="1517938735818" system_time="1517938738110" nano_time="1639504994534205" gazeId="434" duration="500" url="https://stackoverflow.com/questions/24358707/extends-valvebase-class-java-lang-classnotfoundexception" Id="24358707">
            <soe part="QUESTION" part_number="1" type="CODE" type_number="1"/>
        </response>
        <response name="tomcat valve - Extends ValveBase class : java.lang.ClassNotFoundException - Stack Overflow" type="browser" x="1129.5" y="342.0" left_validation="1" right_validation="1" left_pupil_diameter="3.1554916381835936" right_pupil_diameter="2.9541534423828124" timestamp="2018-02-06T12:38:58.61-05:00" session_time="59250098147" tracker_time="1517938736318" system_time="1517938738610" nano_time="1639505494432851" gazeId="464" duration="150" url="https://stackoverflow.com/questions/24358707/extends-valvebase-class-java-lang-classnotfoundexception" Id="24358707">
            <soe part="QUESTION" part_number="1" type="CODE" type_number="1"/>
        </response>
        <response name="tomcat valve - Extends ValveBase class : java.lang.ClassNotFoundException - Stack Overflow" type="browser" x="1164.5" y="349.0" left_validation="1" right_validation="1" left_pupil_diameter="2.5880265669389204" right_pupil_diameter="2.9474924260919746" timestamp="2018-02-06T12:38:58.76-05:00" session_time="59400193251" tracker_time="1517938736468" system_time="1517938738760" nano_time="1639505644527955" gazeId="473" duration="467" url="https://stackoverflow.com/questions/24358707/extends-valvebase-class-java-lang-classnotfoundexception" Id="24358707">
            <soe part="QUESTION" part_number="1" type="CODE" type_number="1"/>
        </response>
        <response name="tomcat valve - Extends ValveBase class : java.lang.ClassNotFoundException - Stack Overflow" type="browser" x="1122.0" y="343.0" left_validation="1" right_validation="1" left_pupil_diameter="3.2176416015625" right_pupil_diameter="3.0149627685546876" timestamp="2018-02-06T12:38:59.227-05:00" session_time="59866746919" tracker_time="1517938736934" system_time="1517938739227" nano_time="1639506111081623" gazeId="494" duration="399" url="https://stackoverflow.com/questions/24358707/extends-valvebase-class-java-lang-classnotfoundexception" Id="24358707">
            <soe part="QUESTION" part_number="1" type="CODE" type_number="1"/>
        </response>
        <response name="tomcat valve - Extends ValveBase class : java.lang.ClassNotFoundException - Stack Overflow" type="browser" x="1162.0" y="351.0" left_validation="1" right_validation="1" left_pupil_diameter="3.1537540142352762" right_pupil_diameter="2.96214353121244" timestamp="2018-02-06T12:38:59.626-05:00" session_time="60266694940" tracker_time="1517938737334" system_time="1517938739626" nano_time="1639506511029644" gazeId="518" duration="417" url="https://stackoverflow.com/questions/24358707/extends-valvebase-class-java-lang-classnotfoundexception" Id="24358707">
            <soe part="QUESTION" part_number="1" type="CODE" type_number="1"/>
        </response>
        <response name="tomcat valve - Extends ValveBase class : java.lang.ClassNotFoundException - Stack Overflow" type="browser" x="1223.5" y="354.0" left_validation="1" right_validation="1" left_pupil_diameter="3.1454500470842635" right_pupil_diameter="2.934015546526228" timestamp="2018-02-06T12:39:00.043-05:00" session_time="60683364753" tracker_time="1517938737751" system_time="1517938740043" nano_time="1639506927699457" gazeId="543" duration="450" url="https://stackoverflow.com/questions/24358707/extends-valvebase-class-java-lang-classnotfoundexception" Id="24358707">
            <soe part="QUESTION" part_number="1" type="CODE" type_number="1"/>
        </response>
        <response name="tomcat valve - Extends ValveBase class : java.lang.ClassNotFoundException - Stack Overflow" type="browser" x="730.5" y="355.5" left_validation="1" right_validation="1" left_pupil_diameter="3.0571465492248535" right_pupil_diameter="2.9208083152770996" timestamp="2018-02-06T12:39:00.493-05:00" session_time="61133232187" tracker_time="1517938738201" system_time="1517938740493" nano_time="1639507377566891" gazeId="570" duration="517" url="https://stackoverflow.com/questions/24358707/extends-valvebase-class-java-lang-classnotfoundexception" Id="24358707">
            <soe part="QUESTION" part_number="1" type="CODE" type_number="1"/>
        </response>
        <response name="tomcat valve - Extends ValveBase class : java.lang.ClassNotFoundException - Stack Overflow" type="browser" x="883.0" y="371.0" left_validation="1" right_validation="1" left_pupil_diameter="3.1123792860243054" right_pupil_diameter="2.892037285698785" timestamp="2018-02-06T12:39:01.01-05:00" session_time="61649841993" tracker_time="1517938738718" system_time="1517938741010" nano_time="1639507894176697" gazeId="601" duration="432" url="https://stackoverflow.com/questions/24358707/extends-valvebase-class-java-lang-classnotfoundexception" Id="24358707">
            <soe part="QUESTION" part_number="1" type="CODE" type_number="1"/>
        </response>
        <response name="tomcat valve - Extends ValveBase class : java.lang.ClassNotFoundException - Stack Overflow" type="browser" x="937.0" y="352.5" left_validation="1" right_validation="1" left_pupil_diameter="3.0815505981445312" right_pupil_diameter="2.850452423095703" timestamp="2018-02-06T12:39:01.442-05:00" session_time="62083085507" tracker_time="1517938739151" system_time="1517938741442" nano_time="1639508327420211" gazeId="627" duration="184" url="https://stackoverflow.com/questions/24358707/extends-valvebase-class-java-lang-classnotfoundexception" Id="24358707">
            <soe part="QUESTION" part_number="1" type="CODE" type_number="1"/>
        </response>
        <response name="tomcat valve - Extends ValveBase class : java.lang.ClassNotFoundException - Stack Overflow" type="browser" x="976.0" y="314.0" left_validation="1" right_validation="1" left_pupil_diameter="3.042909894670759" right_pupil_diameter="2.838960920061384" timestamp="2018-02-06T12:39:01.626-05:00" session_time="62266411589" tracker_time="1517938739334" system_time="1517938741626" nano_time="1639508510746293" gazeId="638" duration="333" url="https://stackoverflow.com/questions/24358707/extends-valvebase-class-java-lang-classnotfoundexception" Id="24358707">
            <soe part="QUESTION" part_number="1" type="CODE" type_number="1"/>
        </response>
        <response name="tomcat valve - Extends ValveBase class : java.lang.ClassNotFoundException - Stack Overflow" type="browser" x="821.0" y="285.0" left_validation="1" right_validation="1" left_pupil_diameter="2.927818736810794" right_pupil_diameter="2.8642623725978806" timestamp="2018-02-06T12:39:01.993-05:00" session_time="62633203412" tracker_time="1517938739701" system_time="1517938741993" nano_time="1639508877538116" gazeId="660" duration="1566" url="https://stackoverflow.com/questions/24358707/extends-valvebase-class-java-lang-classnotfoundexception" Id="24358707">
            <soe part="QUESTION" part_number="1" type="CODE" type_number="1"/>
        </response>
        <response name="tomcat valve - Extends ValveBase class : java.lang.ClassNotFoundException - Stack Overflow" type="browser" x="816.0" y="362.0" left_validation="1" right_validation="1" left_pupil_diameter="3.1039229172926683" right_pupil_diameter="2.8629126915564904" timestamp="2018-02-06T12:39:03.559-05:00" session_time="64199453310" tracker_time="1517938741267" system_time="1517938743559" nano_time="1639510443788014" gazeId="746" duration="201" url="https://stackoverflow.com/questions/24358707/extends-valvebase-class-java-lang-classnotfoundexception" Id="24358707">
            <soe part="QUESTION" part_number="1" type="CODE" type_number="3"/>
        </response>
        <response name="tomcat valve - Extends ValveBase class : java.lang.ClassNotFoundException - Stack Overflow" type="browser" x="1115.0" y="381.0" left_validation="1" right_validation="1" left_pupil_diameter="3.0595458984375" right_pupil_diameter="2.8759613037109375" timestamp="2018-02-06T12:39:03.76-05:00" session_time="64399507415" tracker_time="1517938741467" system_time="1517938743760" nano_time="1639510643842119" gazeId="758" duration="66" url="https://stackoverflow.com/questions/24358707/extends-valvebase-class-java-lang-classnotfoundexception" Id="24358707">
            <soe part="QUESTION" part_number="1" type="CODE" type_number="3"/>
        </response>
        <response name="tomcat valve - Extends ValveBase class : java.lang.ClassNotFoundException - Stack Overflow" type="browser" x="1386.0" y="393.0" left_validation="1" right_validation="1" left_pupil_diameter="3.0414051256681742" right_pupil_diameter="2.8634282162314966" timestamp="2018-02-06T12:39:03.826-05:00" session_time="64466265184" tracker_time="1517938741534" system_time="1517938743826" nano_time="1639510710599888" gazeId="762" duration="300" url="https://stackoverflow.com/questions/24358707/extends-valvebase-class-java-lang-classnotfoundexception" Id="24358707">
            <soe part="QUESTION" part_number="1" type="CODE" type_number="3"/>
        </response>
        <response name="tomcat valve - Extends ValveBase class : java.lang.ClassNotFoundException - Stack Overflow" type="browser" x="1361.5" y="343.5" left_validation="1" right_validation="1" left_pupil_diameter="3.049697028266059" right_pupil_diameter="2.855790032280816" timestamp="2018-02-06T12:39:04.126-05:00" session_time="64766564262" tracker_time="1517938741834" system_time="1517938744126" nano_time="1639511010898966" gazeId="780" duration="283" url="https://stackoverflow.com/questions/24358707/extends-valvebase-class-java-lang-classnotfoundexception" Id="24358707">
            <soe part="QUESTION" part_number="1" type="CODE" type_number="3"/>
        </response>
        <response name="tomcat valve - Extends ValveBase class : java.lang.ClassNotFoundException - Stack Overflow" type="browser" x="807.0" y="319.0" left_validation="1" right_validation="1" left_pupil_diameter="3.076808008654364" right_pupil_diameter="2.8813550225619613" timestamp="2018-02-06T12:39:04.409-05:00" session_time="65049329614" tracker_time="1517938742117" system_time="1517938744409" nano_time="1639511293664318" gazeId="797" duration="466" url="https://stackoverflow.com/questions/24358707/extends-valvebase-class-java-lang-classnotfoundexception" Id="24358707">
            <soe part="QUESTION" part_number="1" type="CODE" type_number="3"/>
        </response>
        <response name="tomcat valve - Extends ValveBase class : java.lang.ClassNotFoundException - Stack Overflow" type="browser" x="800.0" y="211.5" left_validation="1" right_validation="1" left_pupil_diameter="3.054737345377604" right_pupil_diameter="2.874339803059896" timestamp="2018-02-06T12:39:04.875-05:00" session_time="65516035039" tracker_time="1517938742584" system_time="1517938744875" nano_time="1639511760369743" gazeId="825" duration="484" url="https://stackoverflow.com/questions/24358707/extends-valvebase-class-java-lang-classnotfoundexception" Id="24358707">
            <soe part="QUESTION" part_number="1" type="CODE" type_number="3"/>
        </response>
        <response name="tomcat valve - Extends ValveBase class : java.lang.ClassNotFoundException - Stack Overflow" type="browser" x="852.0" y="194.0" left_validation="1" right_validation="1" left_pupil_diameter="3.046384762494992" right_pupil_diameter="2.8288300343048878" timestamp="2018-02-06T12:39:05.359-05:00" session_time="65999230221" tracker_time="1517938743067" system_time="1517938745359" nano_time="1639512243564925" gazeId="854" duration="14781" url="https://stackoverflow.com/questions/24358707/extends-valvebase-class-java-lang-classnotfoundexception" Id="24358707">
            <soe part="QUESTION" part_number="1" type="CODE" type_number="3"/>
        </response>
        <response name="java - Read the request stream multiple times - Stack Overflow" type="browser" x="835.5" y="359.0" left_validation="1" right_validation="1" left_pupil_diameter="2.8211898803710938" right_pupil_diameter="2.736328125" timestamp="2018-02-06T12:39:20.14-05:00" session_time="80780568368" tracker_time="1517938757848" system_time="1517938760140" nano_time="1639527024903072" gazeId="892" duration="750" url="https://stackoverflow.com/questions/19438438/read-the-request-stream-multiple-times" Id="19438438">
            <soe part="QUESTION" part_number="1" type="TEXT" type_number="1"/>
        </response>
        <response name="java - Read the request stream multiple times - Stack Overflow" type="browser" x="793.0" y="399.0" left_validation="1" right_validation="1" left_pupil_diameter="2.85439453125" right_pupil_diameter="2.770221964518229" timestamp="2018-02-06T12:39:20.89-05:00" session_time="81530555630" tracker_time="1517938758598" system_time="1517938760890" nano_time="1639527774890334" gazeId="901" duration="735" url="https://stackoverflow.com/questions/19438438/read-the-request-stream-multiple-times" Id="19438438">
            <soe part="QUESTION" part_number="1" type="TEXT" type_number="1"/>
        </response>
        <response name="java - Read the request stream multiple times - Stack Overflow" type="browser" x="734.0" y="431.0" left_validation="1" right_validation="1" left_pupil_diameter="2.8653178967927633" right_pupil_diameter="2.7666120027240955" timestamp="2018-02-06T12:39:21.625-05:00" session_time="82264783324" tracker_time="1517938759332" system_time="1517938761625" nano_time="1639528509118028" gazeId="945" duration="302" url="https://stackoverflow.com/questions/19438438/read-the-request-stream-multiple-times" Id="19438438">
            <soe part="QUESTION" part_number="1" type="TEXT" type_number="1"/>
        </response>
        <response name="java - Read the request stream multiple times - Stack Overflow" type="browser" x="728.0" y="362.0" left_validation="1" right_validation="1" left_pupil_diameter="2.8609737273185485" right_pupil_diameter="2.739804175592238" timestamp="2018-02-06T12:39:21.927-05:00" session_time="82566778846" tracker_time="1517938759631" system_time="1517938761927" nano_time="1639528811113550" gazeId="963" duration="496" url="https://stackoverflow.com/questions/19438438/read-the-request-stream-multiple-times" Id="19438438">
            <soe part="QUESTION" part_number="1" type="TEXT" type_number="2"/>
        </response>
        <response name="java - Read the request stream multiple times - Stack Overflow" type="browser" x="792.0" y="292.0" left_validation="1" right_validation="1" left_pupil_diameter="2.9243538596413354" right_pupil_diameter="2.7932475696910513" timestamp="2018-02-06T12:39:22.423-05:00" session_time="83063665458" tracker_time="1517938760131" system_time="1517938762423" nano_time="1639529308000162" gazeId="993" duration="1600" url="https://stackoverflow.com/questions/19438438/read-the-request-stream-multiple-times" Id="19438438">
            <soe part="QUESTION" part_number="1" type="TEXT" type_number="1"/>
        </response>
        <response name="java - Read the request stream multiple times - Stack Overflow" type="browser" x="740.0" y="319.0" left_validation="1" right_validation="1" left_pupil_diameter="2.9482860565185547" right_pupil_diameter="2.8656558990478516" timestamp="2018-02-06T12:39:24.023-05:00" session_time="84663404760" tracker_time="1517938761731" system_time="1517938764023" nano_time="1639530907739464" gazeId="1003" duration="117" url="https://stackoverflow.com/questions/19438438/read-the-request-stream-multiple-times" Id="19438438">
            <soe part="QUESTION" part_number="1" type="TEXT" type_number="1"/>
        </response>
        <response name="java - Read the request stream multiple times - Stack Overflow" type="browser" x="772.0" y="347.5" left_validation="1" right_validation="1" left_pupil_diameter="3.009129660470145" right_pupil_diameter="2.856621878487723" timestamp="2018-02-06T12:39:24.14-05:00" session_time="84780405981" tracker_time="1517938761848" system_time="1517938764140" nano_time="1639531024740685" gazeId="1010" duration="450" url="https://stackoverflow.com/questions/19438438/read-the-request-stream-multiple-times" Id="19438438">
            <soe part="QUESTION" part_number="1" type="TEXT" type_number="1"/>
        </response>
        <response name="java - Read the request stream multiple times - Stack Overflow" type="browser" x="903.0" y="284.0" left_validation="1" right_validation="1" left_pupil_diameter="2.781861525315505" right_pupil_diameter="2.7873589931390224" timestamp="2018-02-06T12:39:24.59-05:00" session_time="85230123857" tracker_time="1517938762298" system_time="1517938764590" nano_time="1639531474458561" gazeId="1037" duration="3033" url="https://stackoverflow.com/questions/19438438/read-the-request-stream-multiple-times" Id="19438438">
            <soe part="QUESTION" part_number="1" type="TEXT" type_number="1"/>
        </response>
        <response name="java - Read the request stream multiple times - Stack Overflow" type="browser" x="775.0" y="451.5" left_validation="1" right_validation="1" left_pupil_diameter="3.02496311582368" right_pupil_diameter="2.850376786856816" timestamp="2018-02-06T12:39:27.623-05:00" session_time="88262983508" tracker_time="1517938765331" system_time="1517938767623" nano_time="1639534507318212" gazeId="1075" duration="966" url="https://stackoverflow.com/questions/19438438/read-the-request-stream-multiple-times" Id="19438438">
            <soe part="QUESTION" part_number="1" type="TEXT" type_number="2"/>
        </response>
        <response name="java - Read the request stream multiple times - Stack Overflow" type="browser" x="718.0" y="377.0" left_validation="1" right_validation="1" left_pupil_diameter="2.9139458151424633" right_pupil_diameter="2.817034553079044" timestamp="2018-02-06T12:39:28.589-05:00" session_time="89229565951" tracker_time="1517938766297" system_time="1517938768589" nano_time="1639535473900655" gazeId="1132" duration="267" url="https://stackoverflow.com/questions/19438438/read-the-request-stream-multiple-times" Id="19438438">
            <soe part="QUESTION" part_number="1" type="TEXT" type_number="2"/>
        </response>
        <response name="java - Read the request stream multiple times - Stack Overflow" type="browser" x="753.5" y="358.5" left_validation="1" right_validation="1" left_pupil_diameter="2.8747437795003257" right_pupil_diameter="2.8141873677571616" timestamp="2018-02-06T12:39:28.856-05:00" session_time="89496096306" tracker_time="1517938766564" system_time="1517938768856" nano_time="1639535740431010" gazeId="1148" duration="383" url="https://stackoverflow.com/questions/19438438/read-the-request-stream-multiple-times" Id="19438438">
            <soe part="QUESTION" part_number="1" type="TEXT" type_number="2"/>
        </response>
        <response name="java - Read the request stream multiple times - Stack Overflow" type="browser" x="829.0" y="299.0" left_validation="1" right_validation="1" left_pupil_diameter="2.9091419420744242" right_pupil_diameter="2.8385909231085527" timestamp="2018-02-06T12:39:29.239-05:00" session_time="89879416009" tracker_time="1517938766947" system_time="1517938769239" nano_time="1639536123750713" gazeId="1171" duration="300" url="https://stackoverflow.com/questions/19438438/read-the-request-stream-multiple-times" Id="19438438">
            <soe part="QUESTION" part_number="1" type="TEXT" type_number="1"/>
        </response>
        <response name="java - Read the request stream multiple times - Stack Overflow" type="browser" x="901.0" y="288.5" left_validation="1" right_validation="1" left_pupil_diameter="2.988242409446023" right_pupil_diameter="2.859187039462003" timestamp="2018-02-06T12:39:29.539-05:00" session_time="90179406442" tracker_time="1517938767247" system_time="1517938769539" nano_time="1639536423741146" gazeId="1189" duration="350" url="https://stackoverflow.com/questions/19438438/read-the-request-stream-multiple-times" Id="19438438">
            <soe part="QUESTION" part_number="1" type="TEXT" type_number="1"/>
        </response>
        <response name="java - Read the request stream multiple times - Stack Overflow" type="browser" x="971.5" y="281.5" left_validation="1" right_validation="1" left_pupil_diameter="3.0159324645996093" right_pupil_diameter="2.8620323181152343" timestamp="2018-02-06T12:39:29.889-05:00" session_time="90529376769" tracker_time="1517938767597" system_time="1517938769889" nano_time="1639536773711473" gazeId="1210" duration="316" url="https://stackoverflow.com/questions/19438438/read-the-request-stream-multiple-times" Id="19438438">
            <soe part="QUESTION" part_number="1" type="TEXT" type_number="1"/>
        </response>
        <response name="java - Read the request stream multiple times - Stack Overflow" type="browser" x="1031.0" y="292.0" left_validation="1" right_validation="1" left_pupil_diameter="3.0306504772555445" right_pupil_diameter="2.82720947265625" timestamp="2018-02-06T12:39:30.205-05:00" session_time="90845911211" tracker_time="1517938767914" system_time="1517938770205" nano_time="1639537090245915" gazeId="1229" duration="617" url="https://stackoverflow.com/questions/19438438/read-the-request-stream-multiple-times" Id="19438438">
            <soe part="QUESTION" part_number="1" type="TEXT" type_number="1"/>
        </response>
        <response name="java - Read the request stream multiple times - Stack Overflow" type="browser" x="804.0" y="397.0" left_validation="1" right_validation="1" left_pupil_diameter="2.8574676513671875" right_pupil_diameter="2.7915140787760415" timestamp="2018-02-06T12:39:30.855-05:00" session_time="91495950048" tracker_time="1517938768564" system_time="1517938770855" nano_time="1639537740284752" gazeId="1261" duration="35" url="https://stackoverflow.com/questions/19438438/read-the-request-stream-multiple-times" Id="19438438">
            <soe part="QUESTION" part_number="1" type="TEXT" type_number="2"/>
        </response>
        <response name="java - Read the request stream multiple times - Stack Overflow" type="browser" x="684.0" y="440.0" left_validation="1" right_validation="1" left_pupil_diameter="2.8966594022863053" right_pupil_diameter="2.823420805089614" timestamp="2018-02-06T12:39:30.89-05:00" session_time="91529770455" tracker_time="1517938768597" system_time="1517938770890" nano_time="1639537774105159" gazeId="1263" duration="266" url="https://stackoverflow.com/questions/19438438/read-the-request-stream-multiple-times" Id="19438438">
            <soe part="QUESTION" part_number="1" type="TEXT" type_number="2"/>
        </response>
        <response name="java - Read the request stream multiple times - Stack Overflow" type="browser" x="696.0" y="390.5" left_validation="1" right_validation="1" left_pupil_diameter="2.8843205769856772" right_pupil_diameter="2.7967427571614585" timestamp="2018-02-06T12:39:31.156-05:00" session_time="91795855805" tracker_time="1517938768864" system_time="1517938771156" nano_time="1639538040190509" gazeId="1279" duration="83" url="https://stackoverflow.com/questions/19438438/read-the-request-stream-multiple-times" Id="19438438">
            <soe part="QUESTION" part_number="1" type="TEXT" type_number="2"/>
        </response>
        <response name="java - Read the request stream multiple times - Stack Overflow" type="browser" x="714.5" y="327.5" left_validation="1" right_validation="1" left_pupil_diameter="2.8484031677246096" right_pupil_diameter="2.7540931701660156" timestamp="2018-02-06T12:39:31.239-05:00" session_time="91879166381" tracker_time="1517938768947" system_time="1517938771239" nano_time="1639538123501085" gazeId="1284" duration="317" url="https://stackoverflow.com/questions/19438438/read-the-request-stream-multiple-times" Id="19438438">
            <soe part="QUESTION" part_number="1" type="TEXT" type_number="2"/>
        </response>
        <response name="java - Read the request stream multiple times - Stack Overflow" type="browser" x="955.0" y="286.0" left_validation="1" right_validation="1" left_pupil_diameter="2.9308380126953124" right_pupil_diameter="2.8034698486328127" timestamp="2018-02-06T12:39:31.556-05:00" session_time="92197121614" tracker_time="1517938769264" system_time="1517938771556" nano_time="1639538441456318" gazeId="1303" duration="1149" url="https://stackoverflow.com/questions/19438438/read-the-request-stream-multiple-times" Id="19438438">
            <soe part="QUESTION" part_number="1" type="TEXT" type_number="1"/>
        </response>
        <response name="java - Read the request stream multiple times - Stack Overflow" type="browser" x="1175.0" y="304.0" left_validation="1" right_validation="1" left_pupil_diameter="3.0505537553267046" right_pupil_diameter="2.882080078125" timestamp="2018-02-06T12:39:32.705-05:00" session_time="93345586987" tracker_time="1517938770413" system_time="1517938772705" nano_time="1639539589921691" gazeId="1312" duration="167" url="https://stackoverflow.com/questions/19438438/read-the-request-stream-multiple-times" Id="19438438">
            <soe part="QUESTION" part_number="1" type="TEXT" type_number="1"/>
        </response>
        <response name="java - Read the request stream multiple times - Stack Overflow" type="browser" x="1136.0" y="296.0" left_validation="1" right_validation="1" left_pupil_diameter="3.091894967215402" right_pupil_diameter="2.9520045689174106" timestamp="2018-02-06T12:39:32.872-05:00" session_time="93512312609" tracker_time="1517938770580" system_time="1517938772872" nano_time="1639539756647313" gazeId="1322" duration="2000" url="https://stackoverflow.com/questions/19438438/read-the-request-stream-multiple-times" Id="19438438">
            <soe part="QUESTION" part_number="1" type="TEXT" type_number="1"/>
        </response>
        <response name="java - Read the request stream multiple times - Stack Overflow" type="browser" x="754.0" y="325.5" left_validation="1" right_validation="1" left_pupil_diameter="3.201901844569615" right_pupil_diameter="3.0544727870396207" timestamp="2018-02-06T12:39:34.872-05:00" session_time="95512105869" tracker_time="1517938772580" system_time="1517938774872" nano_time="1639541756440573" gazeId="1328" duration="920" url="https://stackoverflow.com/questions/19438438/read-the-request-stream-multiple-times" Id="19438438">
            <soe part="QUESTION" part_number="1" type="TEXT" type_number="1"/>
        </response>
        <response name="java - Read the request stream multiple times - Stack Overflow" type="browser" x="769.0" y="476.0" left_validation="1" right_validation="1" left_pupil_diameter="2.698805454799107" right_pupil_diameter="2.8872754778180805" timestamp="2018-02-06T12:39:35.792-05:00" session_time="96432183052" tracker_time="1517938773496" system_time="1517938775792" nano_time="1639542676517756" gazeId="1383" duration="680" url="https://stackoverflow.com/questions/19438438/read-the-request-stream-multiple-times" Id="19438438">
            <soe part="QUESTION" part_number="1" type="TEXT" type_number="2"/>
        </response>
        <response name="java - Read the request stream multiple times - Stack Overflow" type="browser" x="896.0" y="430.0" left_validation="1" right_validation="1" left_pupil_diameter="2.9676168690557065" right_pupil_diameter="2.7953511113705845" timestamp="2018-02-06T12:39:36.472-05:00" session_time="97111922881" tracker_time="1517938774180" system_time="1517938776472" nano_time="1639543356257585" gazeId="1417" duration="366" url="https://stackoverflow.com/questions/19438438/read-the-request-stream-multiple-times" Id="19438438">
            <soe part="QUESTION" part_number="1" type="TEXT" type_number="3"/>
        </response>
        <response name="java - Read the request stream multiple times - Stack Overflow" type="browser" x="998.0" y="370.0" left_validation="1" right_validation="1" left_pupil_diameter="2.935994873046875" right_pupil_diameter="2.7422174072265624" timestamp="2018-02-06T12:39:36.838-05:00" session_time="97478395063" tracker_time="1517938774546" system_time="1517938776838" nano_time="1639543722729767" gazeId="1439" duration="400" url="https://stackoverflow.com/questions/19438438/read-the-request-stream-multiple-times" Id="19438438">
            <soe part="QUESTION" part_number="1" type="TEXT" type_number="2"/>
        </response>
        <response name="java - Read the request stream multiple times - Stack Overflow" type="browser" x="923.0" y="363.0" left_validation="1" right_validation="1" left_pupil_diameter="2.932623291015625" right_pupil_diameter="2.7470062255859373" timestamp="2018-02-06T12:39:37.238-05:00" session_time="97878339052" tracker_time="1517938774946" system_time="1517938777238" nano_time="1639544122673756" gazeId="1463" duration="66" url="https://stackoverflow.com/questions/19438438/read-the-request-stream-multiple-times" Id="19438438">
            <soe part="QUESTION" part_number="1" type="TEXT" type_number="2"/>
        </response>
        <response name="java - Read the request stream multiple times - Stack Overflow" type="browser" x="825.0" y="361.5" left_validation="1" right_validation="1" left_pupil_diameter="2.914373016357422" right_pupil_diameter="2.8008113861083985" timestamp="2018-02-06T12:39:37.304-05:00" session_time="97944956795" tracker_time="1517938775013" system_time="1517938777304" nano_time="1639544189291499" gazeId="1467" duration="667" url="https://stackoverflow.com/questions/19438438/read-the-request-stream-multiple-times" Id="19438438">
            <soe part="QUESTION" part_number="1" type="TEXT" type_number="2"/>
        </response>
        <response name="java - Read the request stream multiple times - Stack Overflow" type="browser" x="850.0" y="330.0" left_validation="1" right_validation="1" left_pupil_diameter="2.992952880859375" right_pupil_diameter="2.841846923828125" timestamp="2018-02-06T12:39:37.971-05:00" session_time="98611674902" tracker_time="1517938775679" system_time="1517938777971" nano_time="1639544856009606" gazeId="1506" duration="400" url="https://stackoverflow.com/questions/19438438/read-the-request-stream-multiple-times" Id="19438438">
            <soe part="QUESTION" part_number="1" type="TEXT" type_number="2"/>
        </response>
        <response name="java - Read the request stream multiple times - Stack Overflow" type="browser" x="977.0" y="316.0" left_validation="1" right_validation="1" left_pupil_diameter="3.0300803348935883" right_pupil_diameter="2.822984892746498" timestamp="2018-02-06T12:39:38.371-05:00" session_time="99011601664" tracker_time="1517938776079" system_time="1517938778371" nano_time="1639545255936368" gazeId="1530" duration="467" url="https://stackoverflow.com/questions/19438438/read-the-request-stream-multiple-times" Id="19438438">
            <soe part="QUESTION" part_number="1" type="TEXT" type_number="1"/>
        </response>
        <response name="java - Read the request stream multiple times - Stack Overflow" type="browser" x="841.0" y="440.0" left_validation="1" right_validation="1" left_pupil_diameter="2.938953399658203" right_pupil_diameter="2.8340441385904946" timestamp="2018-02-06T12:39:38.838-05:00" session_time="99478132238" tracker_time="1517938776546" system_time="1517938778838" nano_time="1639545722466942" gazeId="1558" duration="383" url="https://stackoverflow.com/questions/19438438/read-the-request-stream-multiple-times" Id="19438438">
            <soe part="QUESTION" part_number="1" type="TEXT" type_number="2"/>
        </response>
        <response name="java - Read the request stream multiple times - Stack Overflow" type="browser" x="901.0" y="430.0" left_validation="1" right_validation="1" left_pupil_diameter="2.9550975452769888" right_pupil_diameter="2.8068306662819604" timestamp="2018-02-06T12:39:39.221-05:00" session_time="99861486032" tracker_time="1517938776929" system_time="1517938779221" nano_time="1639546105820736" gazeId="1581" duration="283" url="https://stackoverflow.com/questions/19438438/read-the-request-stream-multiple-times" Id="19438438">
            <soe part="QUESTION" part_number="1" type="TEXT" type_number="2"/>
        </response>
        <response name="java - Read the request stream multiple times - Stack Overflow" type="browser" x="622.0" y="776.0" left_validation="1" right_validation="1" left_pupil_diameter="2.960210400958394" right_pupil_diameter="2.8649721367414607" timestamp="2018-02-06T12:39:39.554-05:00" session_time="100194782953" tracker_time="1517938777263" system_time="1517938779554" nano_time="1639546439117657" gazeId="1594" duration="1435" url="https://stackoverflow.com/questions/19438438/read-the-request-stream-multiple-times" Id="19438438">
            <soe part="QUESTION" part_number="1" type="TAG" type_number="3"/>
        </response>
        <response name="T6-SO.txt" type="txt" x="624.0" y="707.0" left_validation="1" right_validation="1" left_pupil_diameter="2.9875959916548296" right_pupil_diameter="2.883298006924716" timestamp="2018-02-06T12:39:40.989-05:00" session_time="101628654753" tracker_time="1517938778696" system_time="1517938780989" nano_time="1639547872989457" gazeId="1636" duration="716" path="C:\CodeSummarizationStudy\_tasks\Sequence 2\T6-SO.txt" line_height="15" font_height="10" line="4" col="35" line_base_x="414" line_base_y="745"/>
        <response name="java - Read the request stream multiple times - Stack Overflow" type="browser" x="743.0" y="657.5" left_validation="1" right_validation="1" left_pupil_diameter="2.7278028215680803" right_pupil_diameter="2.8892081124441966" timestamp="2018-02-06T12:39:41.705-05:00" session_time="102345108258" tracker_time="1517938779412" system_time="1517938781705" nano_time="1639548589442962" gazeId="1646" duration="1316" url="https://stackoverflow.com/questions/19438438/read-the-request-stream-multiple-times" Id="19438438">
            <soe part="QUESTION" part_number="1" type="COMMENT" type_number="1"/>
        </response>
        <response name="java - Read the request stream multiple times - Stack Overflow" type="browser" x="920.0" y="392.0" left_validation="1" right_validation="1" left_pupil_diameter="3.0501685509314904" right_pupil_diameter="2.8631374652569113" timestamp="2018-02-06T12:39:43.021-05:00" session_time="103661120350" tracker_time="1517938780729" system_time="1517938783021" nano_time="1639549905455054" gazeId="1659" duration="424" url="https://stackoverflow.com/questions/19438438/read-the-request-stream-multiple-times" Id="19438438">
            <soe part="QUESTION" part_number="1" type="TEXT" type_number="3"/>
        </response>
        <response name="java - Read the request stream multiple times - Stack Overflow" type="browser" x="952.0" y="364.5" left_validation="1" right_validation="1" left_pupil_diameter="3.001288277762277" right_pupil_diameter="2.8252105712890625" timestamp="2018-02-06T12:39:43.445-05:00" session_time="104086041457" tracker_time="1517938781145" system_time="1517938783445" nano_time="1639550330376161" gazeId="1684" duration="209" url="https://stackoverflow.com/questions/19438438/read-the-request-stream-multiple-times" Id="19438438">
            <soe part="QUESTION" part_number="1" type="TEXT" type_number="2"/>
        </response>
        <response name="java - Read the request stream multiple times - Stack Overflow" type="browser" x="879.0" y="372.0" left_validation="1" right_validation="1" left_pupil_diameter="2.8769561767578127" right_pupil_diameter="2.8306182861328124" timestamp="2018-02-06T12:39:43.654-05:00" session_time="104294175305" tracker_time="1517938781362" system_time="1517938783654" nano_time="1639550538510009" gazeId="1697" duration="67" url="https://stackoverflow.com/questions/19438438/read-the-request-stream-multiple-times" Id="19438438">
            <soe part="QUESTION" part_number="1" type="TEXT" type_number="2"/>
        </response>
        <response name="java - Read the request stream multiple times - Stack Overflow" type="browser" x="806.0" y="382.0" left_validation="1" right_validation="1" left_pupil_diameter="2.8614252993935034" right_pupil_diameter="2.812063919870477" timestamp="2018-02-06T12:39:43.721-05:00" session_time="104360824938" tracker_time="1517938781429" system_time="1517938783721" nano_time="1639550605159642" gazeId="1701" duration="300" url="https://stackoverflow.com/questions/19438438/read-the-request-stream-multiple-times" Id="19438438">
            <soe part="QUESTION" part_number="1" type="TEXT" type_number="2"/>
        </response>
        <response name="java - Read the request stream multiple times - Stack Overflow" type="browser" x="855.5" y="371.5" left_validation="1" right_validation="1" left_pupil_diameter="2.9414196014404297" right_pupil_diameter="2.8035971323649087" timestamp="2018-02-06T12:39:44.021-05:00" session_time="104660921308" tracker_time="1517938781729" system_time="1517938784021" nano_time="1639550905256012" gazeId="1719" duration="399" url="https://stackoverflow.com/questions/19438438/read-the-request-stream-multiple-times" Id="19438438">
            <soe part="QUESTION" part_number="1" type="TEXT" type_number="2"/>
        </response>
        <response name="java - Read the request stream multiple times - Stack Overflow" type="browser" x="805.0" y="424.0" left_validation="1" right_validation="1" left_pupil_diameter="2.1370513916015623" right_pupil_diameter="2.7050140380859373" timestamp="2018-02-06T12:39:44.42-05:00" session_time="105060765959" tracker_time="1517938782129" system_time="1517938784420" nano_time="1639551305100663" gazeId="1742" duration="68" url="https://stackoverflow.com/questions/19438438/read-the-request-stream-multiple-times" Id="19438438">
            <soe part="QUESTION" part_number="1" type="TEXT" type_number="2"/>
        </response>
        <response name="java - Read the request stream multiple times - Stack Overflow" type="browser" x="775.0" y="471.0" left_validation="1" right_validation="1" left_pupil_diameter="2.903143075796274" right_pupil_diameter="2.7493990384615383" timestamp="2018-02-06T12:39:44.488-05:00" session_time="105127708108" tracker_time="1517938782195" system_time="1517938784488" nano_time="1639551372042812" gazeId="1746" duration="199" url="https://stackoverflow.com/questions/19438438/read-the-request-stream-multiple-times" Id="19438438">
            <soe part="QUESTION" part_number="1" type="TEXT" type_number="2"/>
        </response>
        <response name="java - Read the request stream multiple times - Stack Overflow" type="browser" x="858.0" y="463.0" left_validation="1" right_validation="1" left_pupil_diameter="2.889290421097367" right_pupil_diameter="2.7413728502061634" timestamp="2018-02-06T12:39:44.687-05:00" session_time="105327400417" tracker_time="1517938782395" system_time="1517938784687" nano_time="1639551571735121" gazeId="1758" duration="883" url="https://stackoverflow.com/questions/19438438/read-the-request-stream-multiple-times" Id="19438438">
            <soe part="QUESTION" part_number="1" type="TEXT" type_number="3"/>
        </response>
        <response name="java - Read the request stream multiple times - Stack Overflow" type="browser" x="790.0" y="457.0" left_validation="1" right_validation="1" left_pupil_diameter="2.648181621844952" right_pupil_diameter="2.7291905329777646" timestamp="2018-02-06T12:39:45.57-05:00" session_time="106210678516" tracker_time="1517938783278" system_time="1517938785570" nano_time="1639552455013220" gazeId="1811" duration="200" url="https://stackoverflow.com/questions/19438438/read-the-request-stream-multiple-times" Id="19438438">
            <soe part="QUESTION" part_number="1" type="TEXT" type_number="3"/>
        </response>
        <response name="java - Read the request stream multiple times - Stack Overflow" type="browser" x="849.0" y="531.0" left_validation="1" right_validation="1" left_pupil_diameter="2.7011484781901043" right_pupil_diameter="2.8323394775390627" timestamp="2018-02-06T12:39:45.77-05:00" session_time="106410706594" tracker_time="1517938783478" system_time="1517938785770" nano_time="1639552655041298" gazeId="1823" duration="234" url="https://stackoverflow.com/questions/19438438/read-the-request-stream-multiple-times" Id="19438438">
            <soe part="QUESTION" part_number="1" type="TEXT" type_number="3"/>
        </response>
        <response name="java - Read the request stream multiple times - Stack Overflow" type="browser" x="822.0" y="484.5" left_validation="1" right_validation="1" left_pupil_diameter="2.329992930094401" right_pupil_diameter="2.808251698811849" timestamp="2018-02-06T12:39:46.004-05:00" session_time="106644037129" tracker_time="1517938783712" system_time="1517938786004" nano_time="1639552888371833" gazeId="1837" duration="183" url="https://stackoverflow.com/questions/19438438/read-the-request-stream-multiple-times" Id="19438438">
            <soe part="QUESTION" part_number="1" type="TEXT" type_number="3"/>
        </response>
        <response name="java - Read the request stream multiple times - Stack Overflow" type="browser" x="780.5" y="482.5" left_validation="1" right_validation="1" left_pupil_diameter="1.637162102593316" right_pupil_diameter="2.76474846733941" timestamp="2018-02-06T12:39:46.187-05:00" session_time="106827256908" tracker_time="1517938783895" system_time="1517938786187" nano_time="1639553071591612" gazeId="1848" duration="366" url="https://stackoverflow.com/questions/19438438/read-the-request-stream-multiple-times" Id="19438438">
            <soe part="QUESTION" part_number="1" type="TEXT" type_number="3"/>
        </response>
        <response name="java - Read the request stream multiple times - Stack Overflow" type="browser" x="736.5" y="336.0" left_validation="1" right_validation="1" left_pupil_diameter="2.9136882581208883" right_pupil_diameter="2.7625194348787008" timestamp="2018-02-06T12:39:46.553-05:00" session_time="107193823662" tracker_time="1517938784262" system_time="1517938786553" nano_time="1639553438158366" gazeId="1865" duration="617" url="https://stackoverflow.com/questions/19438438/read-the-request-stream-multiple-times" Id="19438438">
            <soe part="QUESTION" part_number="1" type="TEXT" type_number="2"/>
        </response>
        <response name="java - Read the request stream multiple times - Stack Overflow" type="browser" x="803.5" y="337.5" left_validation="1" right_validation="1" left_pupil_diameter="2.729306902204241" right_pupil_diameter="2.814639227730887" timestamp="2018-02-06T12:39:47.17-05:00" session_time="107810426615" tracker_time="1517938784878" system_time="1517938787170" nano_time="1639554054761319" gazeId="1902" duration="1083" url="https://stackoverflow.com/questions/19438438/read-the-request-stream-multiple-times" Id="19438438">
            <soe part="QUESTION" part_number="1" type="TEXT" type_number="1"/>
        </response>
        <response name="java - Read the request stream multiple times - Stack Overflow" type="browser" x="842.0" y="331.0" left_validation="1" right_validation="1" left_pupil_diameter="3.05325434758113" right_pupil_diameter="2.842757591834435" timestamp="2018-02-06T12:39:48.253-05:00" session_time="108893570772" tracker_time="1517938785961" system_time="1517938788253" nano_time="1639555137905476" gazeId="1957" duration="417" url="https://stackoverflow.com/questions/19438438/read-the-request-stream-multiple-times" Id="19438438">
            <soe part="QUESTION" part_number="1" type="TEXT" type_number="1"/>
        </response>
        <response name="java - Read the request stream multiple times - Stack Overflow" type="browser" x="910.0" y="328.0" left_validation="1" right_validation="1" left_pupil_diameter="2.99330817328559" right_pupil_diameter="2.7855521308051214" timestamp="2018-02-06T12:39:48.67-05:00" session_time="109310280540" tracker_time="1517938786378" system_time="1517938788670" nano_time="1639555554615244" gazeId="1982" duration="283" url="https://stackoverflow.com/questions/19438438/read-the-request-stream-multiple-times" Id="19438438">
            <soe part="QUESTION" part_number="1" type="TEXT" type_number="2"/>
        </response>
        <response name="java - Read the request stream multiple times - Stack Overflow" type="browser" x="958.0" y="328.0" left_validation="1" right_validation="1" left_pupil_diameter="2.939660208565848" right_pupil_diameter="2.7391161237444197" timestamp="2018-02-06T12:39:48.953-05:00" session_time="109593459741" tracker_time="1517938786661" system_time="1517938788953" nano_time="1639555837794445" gazeId="1999" duration="100" url="https://stackoverflow.com/questions/19438438/read-the-request-stream-multiple-times" Id="19438438">
            <soe part="QUESTION" part_number="1" type="TEXT" type_number="2"/>
        </response>
        <response name="java - Read the request stream multiple times - Stack Overflow" type="browser" x="1002.5" y="329.5" left_validation="1" right_validation="1" left_pupil_diameter="2.9109202793666293" right_pupil_diameter="2.7372948782784596" timestamp="2018-02-06T12:39:49.053-05:00" session_time="109693340718" tracker_time="1517938786761" system_time="1517938789053" nano_time="1639555937675422" gazeId="2005" duration="217" url="https://stackoverflow.com/questions/19438438/read-the-request-stream-multiple-times" Id="19438438">
            <soe part="QUESTION" part_number="1" type="TEXT" type_number="2"/>
        </response>
        <response name="java - Read the request stream multiple times - Stack Overflow" type="browser" x="1057.0" y="330.0" left_validation="1" right_validation="1" left_pupil_diameter="2.9168568272744455" right_pupil_diameter="2.726651591639365" timestamp="2018-02-06T12:39:49.27-05:00" session_time="109910057598" tracker_time="1517938786978" system_time="1517938789270" nano_time="1639556154392302" gazeId="2018" duration="501" url="https://stackoverflow.com/questions/19438438/read-the-request-stream-multiple-times" Id="19438438">
            <soe part="QUESTION" part_number="1" type="TEXT" type_number="2"/>
        </response>
    </gazes>
</itrace-records>
