<?xml version="1.0" encoding="UTF-8" standalone="yes"?>
<itrace-records>
    <environment>
        <screen-size width="1920" height="1080"/>
    </environment>
    <gazes>
        <response name="T2-SO.txt" type="txt" x="502.0" y="785.0" left_validation="1" right_validation="1" left_pupil_diameter="2.2449976603190103" right_pupil_diameter="2.3549058702256946" timestamp="2018-02-09T13:14:06.758-05:00" session_time="2607357544" tracker_time="1518200042976" system_time="1518200046758" nano_time="1900813690376337" gazeId="5" duration="284" path="C:\CodeSummarizationStudy\_tasks\Sequence 7\T2-SO.txt" line_height="15" font_height="10" line="6" col="12" line_base_x="414" line_base_y="775"/>
        <response name="T2-SO.txt" type="txt" x="547.0" y="789.0" left_validation="1" right_validation="1" left_pupil_diameter="2.300412264737216" right_pupil_diameter="2.3531993519176138" timestamp="2018-02-09T13:14:07.042-05:00" session_time="2890798836" tracker_time="1518200043259" system_time="1518200047042" nano_time="1900813973817629" gazeId="22" duration="433" path="C:\CodeSummarizationStudy\_tasks\Sequence 7\T2-SO.txt" line_height="15" font_height="10" line="7" col="13" line_base_x="414" line_base_y="790"/>
        <response name="T2-SO.txt" type="txt" x="529.0" y="876.0" left_validation="1" right_validation="1" left_pupil_diameter="2.412334442138672" right_pupil_diameter="2.425182342529297" timestamp="2018-02-09T13:14:07.475-05:00" session_time="3323973436" tracker_time="1518200043692" system_time="1518200047475" nano_time="1900814406992229" gazeId="32" duration="267" path="C:\CodeSummarizationStudy\_tasks\Sequence 7\T2-SO.txt" line_height="15" font_height="10" line="11" col="19" line_base_x="414" line_base_y="850"/>
        <response name="T2-SO.txt" type="txt" x="489.0" y="831.0" left_validation="1" right_validation="1" left_pupil_diameter="2.3765894571940103" right_pupil_diameter="2.4166170756022134" timestamp="2018-02-09T13:14:07.742-05:00" session_time="3590765149" tracker_time="1518200043959" system_time="1518200047742" nano_time="1900814673783942" gazeId="39" duration="568" path="C:\CodeSummarizationStudy\_tasks\Sequence 7\T2-SO.txt" line_height="15" font_height="10" line="12" col="13" line_base_x="414" line_base_y="865"/>
        <response name="T2-SO.txt" type="txt" x="653.5" y="780.5" left_validation="1" right_validation="1" left_pupil_diameter="2.4345359802246094" right_pupil_diameter="2.4920943123953685" timestamp="2018-02-09T13:14:08.358-05:00" session_time="4207206447" tracker_time="1518200044575" system_time="1518200048358" nano_time="1900815290225240" gazeId="65" duration="450" path="C:\CodeSummarizationStudy\_tasks\Sequence 7\T2-SO.txt" line_height="15" font_height="10" line="7" col="23" line_base_x="414" line_base_y="790"/>
        <response name="T2-SO.txt" type="txt" x="503.0" y="792.0" left_validation="1" right_validation="1" left_pupil_diameter="2.4642926384420956" right_pupil_diameter="2.5018382352941178" timestamp="2018-02-09T13:14:08.841-05:00" session_time="4690514897" tracker_time="1518200045059" system_time="1518200048841" nano_time="1900815773533690" gazeId="94" duration="367" path="C:\CodeSummarizationStudy\_tasks\Sequence 7\T2-SO.txt" line_height="15" font_height="10" line="6" col="26" line_base_x="414" line_base_y="775"/>
        <response name="T2-SO.txt" type="txt" x="467.0" y="840.0" left_validation="1" right_validation="1" left_pupil_diameter="2.440847685842803" right_pupil_diameter="2.481744014855587" timestamp="2018-02-09T13:14:09.208-05:00" session_time="5057071755" tracker_time="1518200045425" system_time="1518200049208" nano_time="1900816140090548" gazeId="110" duration="533" path="C:\CodeSummarizationStudy\_tasks\Sequence 7\T2-SO.txt" line_height="15" font_height="10" line="9" col="13" line_base_x="414" line_base_y="820"/>
        <response name="T2-SO.txt" type="txt" x="436.0" y="822.5" left_validation="1" right_validation="1" left_pupil_diameter="2.3771209716796875" right_pupil_diameter="2.4792827259410513" timestamp="2018-02-09T13:14:09.741-05:00" session_time="5590287520" tracker_time="1518200045959" system_time="1518200049741" nano_time="1900816673306313" gazeId="142" duration="1284" path="C:\CodeSummarizationStudy\_tasks\Sequence 7\T2-SO.txt" line_height="15" font_height="10" line="9" col="8" line_base_x="414" line_base_y="820"/>
        <response name="T2-SO.txt" type="txt" x="475.5" y="862.0" left_validation="1" right_validation="1" left_pupil_diameter="2.407741069793701" right_pupil_diameter="2.480924129486084" timestamp="2018-02-09T13:14:11.025-05:00" session_time="6874478429" tracker_time="1518200047242" system_time="1518200051025" nano_time="1900817957497222" gazeId="163" duration="516" path="C:\CodeSummarizationStudy\_tasks\Sequence 7\T2-SO.txt" line_height="15" font_height="10" line="10" col="7" line_base_x="414" line_base_y="835"/>
        <response name="T2-SO.txt" type="txt" x="516.0" y="872.0" left_validation="1" right_validation="1" left_pupil_diameter="2.4090387253534224" right_pupil_diameter="2.4354916527157737" timestamp="2018-02-09T13:14:11.541-05:00" session_time="7390046835" tracker_time="1518200047758" system_time="1518200051541" nano_time="1900818473065628" gazeId="194" duration="335" path="C:\CodeSummarizationStudy\_tasks\Sequence 7\T2-SO.txt" line_height="15" font_height="10" line="12" col="11" line_base_x="414" line_base_y="865"/>
        <response name="T2-SO.txt" type="txt" x="481.0" y="872.0" left_validation="1" right_validation="1" left_pupil_diameter="2.382026441169508" right_pupil_diameter="2.408052849047112" timestamp="2018-02-09T13:14:11.876-05:00" session_time="7724157156" tracker_time="1518200048092" system_time="1518200051876" nano_time="1900818807175949" gazeId="214" duration="532" path="C:\CodeSummarizationStudy\_tasks\Sequence 7\T2-SO.txt" line_height="15" font_height="10" line="12" col="12" line_base_x="414" line_base_y="865"/>
        <response name="T2-SO.txt" type="txt" x="551.0" y="870.0" left_validation="1" right_validation="1" left_pupil_diameter="2.4214834915964225" right_pupil_diameter="2.4626019126490544" timestamp="2018-02-09T13:14:12.408-05:00" session_time="8256727040" tracker_time="1518200048625" system_time="1518200052408" nano_time="1900819339745833" gazeId="246" duration="616" path="C:\CodeSummarizationStudy\_tasks\Sequence 7\T2-SO.txt" line_height="15" font_height="10" line="12" col="12" line_base_x="414" line_base_y="865"/>
        <response name="T2-SO.txt" type="txt" x="514.5" y="872.0" left_validation="1" right_validation="1" left_pupil_diameter="2.432478332519531" right_pupil_diameter="2.4526512145996096" timestamp="2018-02-09T13:14:13.024-05:00" session_time="8873261446" tracker_time="1518200049241" system_time="1518200053024" nano_time="1900819956280239" gazeId="283" duration="317" path="C:\CodeSummarizationStudy\_tasks\Sequence 7\T2-SO.txt" line_height="15" font_height="10" line="12" col="16" line_base_x="414" line_base_y="865"/>
        <response name="T2-SO.txt" type="txt" x="582.5" y="863.0" left_validation="1" right_validation="1" left_pupil_diameter="2.3980748494466146" right_pupil_diameter="2.436101531982422" timestamp="2018-02-09T13:14:13.341-05:00" session_time="9189835476" tracker_time="1518200049558" system_time="1518200053341" nano_time="1900820272854269" gazeId="302" duration="983" path="C:\CodeSummarizationStudy\_tasks\Sequence 7\T2-SO.txt" line_height="15" font_height="10" line="12" col="19" line_base_x="414" line_base_y="865"/>
        <response name="T2-SO.txt" type="txt" x="668.0" y="860.0" left_validation="1" right_validation="1" left_pupil_diameter="2.3928015924269155" right_pupil_diameter="2.450619605279738" timestamp="2018-02-09T13:14:14.324-05:00" session_time="10173032675" tracker_time="1518200050541" system_time="1518200054324" nano_time="1900821256051468" gazeId="361" duration="500" path="C:\CodeSummarizationStudy\_tasks\Sequence 7\T2-SO.txt" line_height="15" font_height="10" line="11" col="29" line_base_x="414" line_base_y="850"/>
        <response name="T2-SO.txt" type="txt" x="712.0" y="853.0" left_validation="1" right_validation="1" left_pupil_diameter="2.40203125" right_pupil_diameter="2.4583953857421874" timestamp="2018-02-09T13:14:14.824-05:00" session_time="10672915925" tracker_time="1518200051041" system_time="1518200054824" nano_time="1900821755934718" gazeId="391" duration="400" path="C:\CodeSummarizationStudy\_tasks\Sequence 7\T2-SO.txt" line_height="15" font_height="10" line="11" col="37" line_base_x="414" line_base_y="850"/>
        <response name="T2-SO.txt" type="txt" x="784.0" y="855.0" left_validation="1" right_validation="1" left_pupil_diameter="2.383366902669271" right_pupil_diameter="2.4529703776041667" timestamp="2018-02-09T13:14:15.224-05:00" session_time="11072885574" tracker_time="1518200051441" system_time="1518200055224" nano_time="1900822155904367" gazeId="415" duration="234" path="C:\CodeSummarizationStudy\_tasks\Sequence 7\T2-SO.txt" line_height="15" font_height="10" line="11" col="49" line_base_x="414" line_base_y="850"/>
        <response name="T2-SO.txt" type="txt" x="879.0" y="851.0" left_validation="1" right_validation="1" left_pupil_diameter="2.318852742513021" right_pupil_diameter="2.390242399992766" timestamp="2018-02-09T13:14:15.458-05:00" session_time="11306249099" tracker_time="1518200051674" system_time="1518200055458" nano_time="1900822389267892" gazeId="429" duration="1133" path="C:\CodeSummarizationStudy\_tasks\Sequence 7\T2-SO.txt" line_height="15" font_height="10" line="11" col="58" line_base_x="414" line_base_y="850"/>
        <response name="T2-SO.txt" type="txt" x="990.0" y="852.0" left_validation="1" right_validation="1" left_pupil_diameter="2.2678295317150297" right_pupil_diameter="2.340207781110491" timestamp="2018-02-09T13:14:16.591-05:00" session_time="12439384148" tracker_time="1518200052808" system_time="1518200056591" nano_time="1900823522402941" gazeId="455" duration="799" path="C:\CodeSummarizationStudy\_tasks\Sequence 7\T2-SO.txt" line_height="15" font_height="10" line="11" col="84" line_base_x="414" line_base_y="850"/>
        <response name="T2-SO.txt" type="txt" x="609.0" y="708.0" left_validation="1" right_validation="1" left_pupil_diameter="2.2381217262961646" right_pupil_diameter="2.3189433704723013" timestamp="2018-02-09T13:14:17.39-05:00" session_time="13239324545" tracker_time="1518200053608" system_time="1518200057390" nano_time="1900824322343338" gazeId="475" duration="450" path="C:\CodeSummarizationStudy\_tasks\Sequence 7\T2-SO.txt" line_height="15" font_height="10" line="1" col="30" line_base_x="414" line_base_y="700"/>
        <response name="T2-SO.txt" type="txt" x="707.0" y="701.0" left_validation="1" right_validation="1" left_pupil_diameter="2.204232109917535" right_pupil_diameter="2.268278333875868" timestamp="2018-02-09T13:14:17.84-05:00" session_time="13689495491" tracker_time="1518200054057" system_time="1518200057840" nano_time="1900824772514284" gazeId="485" duration="1200" path="C:\CodeSummarizationStudy\_tasks\Sequence 7\T2-SO.txt" line_height="15" font_height="10" line="1" col="32" line_base_x="414" line_base_y="700"/>
        <response name="T2-SO.txt" type="txt" x="662.0" y="704.0" left_validation="1" right_validation="1" left_pupil_diameter="2.2194784413213315" right_pupil_diameter="2.3127212524414062" timestamp="2018-02-09T13:14:19.04-05:00" session_time="14889051438" tracker_time="1518200055257" system_time="1518200059040" nano_time="1900825972070231" gazeId="493" duration="967" path="C:\CodeSummarizationStudy\_tasks\Sequence 7\T2-SO.txt" line_height="15" font_height="10" line="1" col="42" line_base_x="414" line_base_y="700"/>
        <response name="Project Explorer" type="view_part" x="79.0" y="146.0" left_validation="1" right_validation="1" left_pupil_diameter="2.306575230189732" right_pupil_diameter="2.433108375186012" timestamp="2018-02-09T13:14:20.007-05:00" session_time="15855883510" tracker_time="1518200056224" system_time="1518200060007" nano_time="1900826938902303" gazeId="538" duration="333"/>
        <response name="Project Explorer" type="view_part" x="67.0" y="186.0" left_validation="1" right_validation="1" left_pupil_diameter="2.4378158767502027" right_pupil_diameter="2.549631490335836" timestamp="2018-02-09T13:14:20.34-05:00" session_time="16189189962" tracker_time="1518200056557" system_time="1518200060340" nano_time="1900827272208755" gazeId="558" duration="1267"/>
        <response name="Project Explorer" type="view_part" x="370.0" y="461.0" left_validation="1" right_validation="1" left_pupil_diameter="2.4229272806419515" right_pupil_diameter="2.49761962890625" timestamp="2018-02-09T13:14:21.607-05:00" session_time="17455636007" tracker_time="1518200057824" system_time="1518200061607" nano_time="1900828538654800" gazeId="634" duration="1300"/>
        <response name="T2-SO.txt" type="txt" x="712.0" y="707.0" left_validation="1" right_validation="1" left_pupil_diameter="2.283543178013393" right_pupil_diameter="2.381615774972098" timestamp="2018-02-09T13:14:22.907-05:00" session_time="18755304600" tracker_time="1518200059123" system_time="1518200062907" nano_time="1900829838323393" gazeId="686" duration="100" path="C:\CodeSummarizationStudy\_tasks\Sequence 7\T2-SO.txt" line_height="15" font_height="10" line="1" col="44" line_base_x="414" line_base_y="700"/>
        <response name="T2-SO.txt" type="txt" x="675.0" y="712.0" left_validation="1" right_validation="1" left_pupil_diameter="2.3662172205307903" right_pupil_diameter="2.472027946920956" timestamp="2018-02-09T13:14:23.007-05:00" session_time="18855333301" tracker_time="1518200059223" system_time="1518200063007" nano_time="1900829938352094" gazeId="692" duration="633" path="C:\CodeSummarizationStudy\_tasks\Sequence 7\T2-SO.txt" line_height="15" font_height="10" line="1" col="42" line_base_x="414" line_base_y="700"/>
        <response name="Project Explorer" type="view_part" x="66.0" y="192.0" left_validation="1" right_validation="1" left_pupil_diameter="2.6530130037697415" right_pupil_diameter="2.721374019499748" timestamp="2018-02-09T13:14:23.64-05:00" session_time="19488709730" tracker_time="1518200059857" system_time="1518200063640" nano_time="1900830571728523" gazeId="708" duration="1533"/>
        <response name="Project Explorer" type="view_part" x="640.0" y="797.0" left_validation="1" right_validation="1" left_pupil_diameter="2.574977201573989" right_pupil_diameter="2.599150713752298" timestamp="2018-02-09T13:14:25.173-05:00" session_time="21021684297" tracker_time="1518200061390" system_time="1518200065173" nano_time="1900832104703090" gazeId="800" duration="583"/>
        <response name="T2-SO.txt" type="txt" x="575.5" y="799.0" left_validation="1" right_validation="1" left_pupil_diameter="2.473429870605469" right_pupil_diameter="2.4857772827148437" timestamp="2018-02-09T13:14:25.756-05:00" session_time="21605027681" tracker_time="1518200061973" system_time="1518200065756" nano_time="1900832688046474" gazeId="816" duration="317" path="C:\CodeSummarizationStudy\_tasks\Sequence 7\T2-SO.txt" line_height="15" font_height="10" line="7" col="31" line_base_x="414" line_base_y="790"/>
        <response name="T2-SO.txt" type="txt" x="433.5" y="823.0" left_validation="1" right_validation="1" left_pupil_diameter="2.4670136395622704" right_pupil_diameter="2.5005731021656707" timestamp="2018-02-09T13:14:26.073-05:00" session_time="21921544161" tracker_time="1518200062290" system_time="1518200066073" nano_time="1900833004562954" gazeId="835" duration="1699" path="C:\CodeSummarizationStudy\_tasks\Sequence 7\T2-SO.txt" line_height="15" font_height="10" line="7" col="15" line_base_x="414" line_base_y="790"/>
        <response name="T2-SO.txt" type="txt" x="692.0" y="801.0" left_validation="1" right_validation="1" left_pupil_diameter="2.404841105143229" right_pupil_diameter="2.4396438598632812" timestamp="2018-02-09T13:14:27.772-05:00" session_time="23621375946" tracker_time="1518200063990" system_time="1518200067772" nano_time="1900834704394739" gazeId="902" duration="1317" path="C:\CodeSummarizationStudy\_tasks\Sequence 7\T2-SO.txt" line_height="15" font_height="10" line="7" col="36" line_base_x="414" line_base_y="790"/>
        <response name="T2-SO.txt" type="txt" x="433.0" y="822.0" left_validation="1" right_validation="1" left_pupil_diameter="2.394340252054149" right_pupil_diameter="2.429003309929508" timestamp="2018-02-09T13:14:29.089-05:00" session_time="24937828645" tracker_time="1518200065306" system_time="1518200069089" nano_time="1900836020847438" gazeId="937" duration="1600" path="C:\CodeSummarizationStudy\_tasks\Sequence 7\T2-SO.txt" line_height="15" font_height="10" line="9" col="4" line_base_x="414" line_base_y="820"/>
        <response name="T2-SO.txt" type="txt" x="551.5" y="834.0" left_validation="1" right_validation="1" left_pupil_diameter="2.4397705078125" right_pupil_diameter="2.471917724609375" timestamp="2018-02-09T13:14:30.689-05:00" session_time="26537653722" tracker_time="1518200066906" system_time="1518200070689" nano_time="1900837620672515" gazeId="1023" duration="8049" path="C:\CodeSummarizationStudy\_tasks\Sequence 7\T2-SO.txt" line_height="15" font_height="10" line="9" col="9" line_base_x="414" line_base_y="820"/>
        <response name="T2-SO.txt" type="txt" x="632.0" y="869.0" left_validation="1" right_validation="1" left_pupil_diameter="2.349688720703125" right_pupil_diameter="2.4432647705078123" timestamp="2018-02-09T13:14:38.738-05:00" session_time="34586906725" tracker_time="1518200074955" system_time="1518200078738" nano_time="1900845669925518" gazeId="1032" duration="100" path="C:\CodeSummarizationStudy\_tasks\Sequence 7\T2-SO.txt" line_height="15" font_height="10" line="14" col="31" line_base_x="414" line_base_y="895"/>
        <response name="T2-SO.txt" type="txt" x="521.0" y="853.0" left_validation="1" right_validation="1" left_pupil_diameter="2.461109665204894" right_pupil_diameter="2.517406535598467" timestamp="2018-02-09T13:14:38.838-05:00" session_time="34687012405" tracker_time="1518200075055" system_time="1518200078838" nano_time="1900845770031198" gazeId="1036" duration="1266" path="C:\CodeSummarizationStudy\_tasks\Sequence 7\T2-SO.txt" line_height="15" font_height="10" line="11" col="31" line_base_x="414" line_base_y="850"/>
        <response name="T2-SO.txt" type="txt" x="591.0" y="852.0" left_validation="1" right_validation="1" left_pupil_diameter="2.48254150390625" right_pupil_diameter="2.5190887451171875" timestamp="2018-02-09T13:14:40.104-05:00" session_time="35953047535" tracker_time="1518200076321" system_time="1518200080104" nano_time="1900847036066328" gazeId="1088" duration="417" path="C:\CodeSummarizationStudy\_tasks\Sequence 7\T2-SO.txt" line_height="15" font_height="10" line="11" col="20" line_base_x="414" line_base_y="850"/>
        <response name="T2-SO.txt" type="txt" x="513.0" y="872.0" left_validation="1" right_validation="1" left_pupil_diameter="2.486553050853588" right_pupil_diameter="2.524470576533565" timestamp="2018-02-09T13:14:40.521-05:00" session_time="36370448271" tracker_time="1518200076738" system_time="1518200080521" nano_time="1900847453467064" gazeId="1112" duration="433" path="C:\CodeSummarizationStudy\_tasks\Sequence 7\T2-SO.txt" line_height="15" font_height="10" line="11" col="19" line_base_x="414" line_base_y="850"/>
        <response name="T2-SO.txt" type="txt" x="614.5" y="867.0" left_validation="1" right_validation="1" left_pupil_diameter="2.5044601440429686" right_pupil_diameter="2.563032531738281" timestamp="2018-02-09T13:14:40.954-05:00" session_time="36802941434" tracker_time="1518200077171" system_time="1518200080954" nano_time="1900847885960227" gazeId="1138" duration="150" path="C:\CodeSummarizationStudy\_tasks\Sequence 7\T2-SO.txt" line_height="15" font_height="10" line="12" col="26" line_base_x="414" line_base_y="865"/>
        <response name="T2-SO.txt" type="txt" x="677.0" y="865.0" left_validation="1" right_validation="1" left_pupil_diameter="2.5066969129774304" right_pupil_diameter="2.555233425564236" timestamp="2018-02-09T13:14:41.104-05:00" session_time="36952909708" tracker_time="1518200077321" system_time="1518200081104" nano_time="1900848035928501" gazeId="1147" duration="133" path="C:\CodeSummarizationStudy\_tasks\Sequence 7\T2-SO.txt" line_height="15" font_height="10" line="12" col="34" line_base_x="414" line_base_y="865"/>
        <response name="T2-SO.txt" type="txt" x="865.0" y="551.0" left_validation="1" right_validation="1" left_pupil_diameter="2.310987745012556" right_pupil_diameter="2.333601270403181" timestamp="2018-02-09T13:14:41.237-05:00" session_time="37086333973" tracker_time="1518200077454" system_time="1518200081237" nano_time="1900848169352766" gazeId="1155" duration="3033" path="C:\CodeSummarizationStudy\_tasks\Sequence 7\T2-SO.txt" line_height="15" font_height="10" line="11" col="42" line_base_x="414" line_base_y="850"/>
        <response name="java - NoClassDefFoundError org/eclipse/swt/SWTError - Stack Overflow" type="browser" x="799.0" y="549.5" left_validation="1" right_validation="1" left_pupil_diameter="2.2725906372070312" right_pupil_diameter="2.2922236124674478" timestamp="2018-02-09T13:14:44.27-05:00" session_time="40119082189" tracker_time="1518200080487" system_time="1518200084270" nano_time="1900851202100982" gazeId="1182" duration="94" url="https://stackoverflow.com/questions/11959334/noclassdeffounderror-org-eclipse-swt-swterror" Id="11959334">
            <soe part="QUESTION" part_number="1" type="CODE" type_number="1"/>
        </response>
        <response name="java - NoClassDefFoundError org/eclipse/swt/SWTError - Stack Overflow" type="browser" x="744.0" y="539.0" left_validation="1" right_validation="1" left_pupil_diameter="2.266942342122396" right_pupil_diameter="2.28841315375434" timestamp="2018-02-09T13:14:44.364-05:00" session_time="40212198279" tracker_time="1518200080571" system_time="1518200084364" nano_time="1900851295217072" gazeId="1187" duration="123" url="https://stackoverflow.com/questions/11959334/noclassdeffounderror-org-eclipse-swt-swterror" Id="11959334">
            <soe part="QUESTION" part_number="1" type="CODE" type_number="1"/>
        </response>
        <response name="java - NoClassDefFoundError org/eclipse/swt/SWTError - Stack Overflow" type="browser" x="726.0" y="466.0" left_validation="1" right_validation="1" left_pupil_diameter="2.282781747671274" right_pupil_diameter="2.2989396315354567" timestamp="2018-02-09T13:14:44.487-05:00" session_time="40335747017" tracker_time="1518200080704" system_time="1518200084487" nano_time="1900851418765810" gazeId="1195" duration="203" url="https://stackoverflow.com/questions/11959334/noclassdeffounderror-org-eclipse-swt-swterror" Id="11959334">
            <soe part="QUESTION" part_number="1" type="CODE" type_number="1"/>
        </response>
        <response name="java - NoClassDefFoundError org/eclipse/swt/SWTError - Stack Overflow" type="browser" x="960.5" y="416.0" left_validation="1" right_validation="1" left_pupil_diameter="2.3101024627685547" right_pupil_diameter="2.3160223960876465" timestamp="2018-02-09T13:14:44.69-05:00" session_time="40539163588" tracker_time="1518200080904" system_time="1518200084690" nano_time="1900851622182381" gazeId="1207" duration="547" url="https://stackoverflow.com/questions/11959334/noclassdeffounderror-org-eclipse-swt-swterror" Id="11959334">
            <soe part="QUESTION" part_number="1" type="CODE" type_number="1"/>
        </response>
        <response name="java - NoClassDefFoundError org/eclipse/swt/SWTError - Stack Overflow" type="browser" x="915.0" y="422.0" left_validation="1" right_validation="1" left_pupil_diameter="2.315419977361506" right_pupil_diameter="2.344339544122869" timestamp="2018-02-09T13:14:45.237-05:00" session_time="41085678561" tracker_time="1518200081454" system_time="1518200085237" nano_time="1900852168697354" gazeId="1238" duration="533" url="https://stackoverflow.com/questions/11959334/noclassdeffounderror-org-eclipse-swt-swterror" Id="11959334">
            <soe part="QUESTION" part_number="1" type="CODE" type_number="1"/>
        </response>
        <response name="java - NoClassDefFoundError org/eclipse/swt/SWTError - Stack Overflow" type="browser" x="866.0" y="437.0" left_validation="1" right_validation="1" left_pupil_diameter="2.328269264914773" right_pupil_diameter="2.3367476029829546" timestamp="2018-02-09T13:14:45.77-05:00" session_time="41618963240" tracker_time="1518200081987" system_time="1518200085770" nano_time="1900852701982033" gazeId="1270" duration="352" url="https://stackoverflow.com/questions/11959334/noclassdeffounderror-org-eclipse-swt-swterror" Id="11959334">
            <soe part="QUESTION" part_number="1" type="CODE" type_number="1"/>
        </response>
        <response name="java - NoClassDefFoundError org/eclipse/swt/SWTError - Stack Overflow" type="browser" x="803.0" y="444.0" left_validation="1" right_validation="1" left_pupil_diameter="2.34561767578125" right_pupil_diameter="2.370062255859375" timestamp="2018-02-09T13:14:46.122-05:00" session_time="41970327966" tracker_time="1518200082337" system_time="1518200086122" nano_time="1900853053346759" gazeId="1291" duration="66" url="https://stackoverflow.com/questions/11959334/noclassdeffounderror-org-eclipse-swt-swterror" Id="11959334">
            <soe part="QUESTION" part_number="1" type="CODE" type_number="1"/>
        </response>
        <response name="java - NoClassDefFoundError org/eclipse/swt/SWTError - Stack Overflow" type="browser" x="743.0" y="447.0" left_validation="1" right_validation="1" left_pupil_diameter="2.3352149115668404" right_pupil_diameter="2.3528845893012154" timestamp="2018-02-09T13:14:46.188-05:00" session_time="42037152449" tracker_time="1518200082404" system_time="1518200086188" nano_time="1900853120171242" gazeId="1295" duration="732" url="https://stackoverflow.com/questions/11959334/noclassdeffounderror-org-eclipse-swt-swterror" Id="11959334">
            <soe part="QUESTION" part_number="1" type="CODE" type_number="1"/>
        </response>
        <response name="java - NoClassDefFoundError org/eclipse/swt/SWTError - Stack Overflow" type="browser" x="802.0" y="390.5" left_validation="1" right_validation="1" left_pupil_diameter="2.3572463989257812" right_pupil_diameter="2.3605575561523438" timestamp="2018-02-09T13:14:46.92-05:00" session_time="42769338397" tracker_time="1518200083137" system_time="1518200086920" nano_time="1900853852357190" gazeId="1339" duration="84" url="https://stackoverflow.com/questions/11959334/noclassdeffounderror-org-eclipse-swt-swterror" Id="11959334">
            <soe part="QUESTION" part_number="1" type="TEXT" type_number="1"/>
        </response>
        <response name="java - NoClassDefFoundError org/eclipse/swt/SWTError - Stack Overflow" type="browser" x="837.0" y="402.0" left_validation="1" right_validation="1" left_pupil_diameter="2.359134596221301" right_pupil_diameter="2.3533381248007017" timestamp="2018-02-09T13:14:47.004-05:00" session_time="42852128090" tracker_time="1518200083220" system_time="1518200087004" nano_time="1900853935146883" gazeId="1344" duration="799" url="https://stackoverflow.com/questions/11959334/noclassdeffounderror-org-eclipse-swt-swterror" Id="11959334">
            <soe part="QUESTION" part_number="1" type="TEXT" type_number="1"/>
        </response>
        <response name="java - NoClassDefFoundError org/eclipse/swt/SWTError - Stack Overflow" type="browser" x="901.0" y="404.0" left_validation="1" right_validation="1" left_pupil_diameter="2.3891406481779076" right_pupil_diameter="2.3946313013004352" timestamp="2018-02-09T13:14:47.803-05:00" session_time="43651987477" tracker_time="1518200084020" system_time="1518200087803" nano_time="1900854735006270" gazeId="1392" duration="1299" url="https://stackoverflow.com/questions/11959334/noclassdeffounderror-org-eclipse-swt-swterror" Id="11959334">
            <soe part="QUESTION" part_number="1" type="TEXT" type_number="1"/>
        </response>
        <response name="java - NoClassDefFoundError org/eclipse/swt/SWTError - Stack Overflow" type="browser" x="793.5" y="851.0" left_validation="1" right_validation="1" left_pupil_diameter="2.3984883626302085" right_pupil_diameter="2.4509690602620444" timestamp="2018-02-09T13:14:49.102-05:00" session_time="44951842282" tracker_time="1518200085320" system_time="1518200089102" nano_time="1900856034861075" gazeId="1470" duration="819" url="https://stackoverflow.com/questions/11959334/noclassdeffounderror-org-eclipse-swt-swterror" Id="11959334">
            <soe part="QUESTION" part_number="1" type="TEXT" type_number="2"/>
        </response>
        <response name="T2-SO.txt" type="txt" x="650.0" y="852.0" left_validation="1" right_validation="1" left_pupil_diameter="2.458920565518466" right_pupil_diameter="2.467996770685369" timestamp="2018-02-09T13:14:49.921-05:00" session_time="45769268384" tracker_time="1518200086137" system_time="1518200089921" nano_time="1900856852287177" gazeId="1493" duration="316" path="C:\CodeSummarizationStudy\_tasks\Sequence 7\T2-SO.txt" line_height="15" font_height="10" line="11" col="34" line_base_x="414" line_base_y="850"/>
        <response name="T2-SO.txt" type="txt" x="666.0" y="795.0" left_validation="1" right_validation="1" left_pupil_diameter="2.4436331854926214" right_pupil_diameter="2.4654312133789062" timestamp="2018-02-09T13:14:50.237-05:00" session_time="46085540735" tracker_time="1518200086453" system_time="1518200090237" nano_time="1900857168559528" gazeId="1503" duration="449" path="C:\CodeSummarizationStudy\_tasks\Sequence 7\T2-SO.txt" line_height="15" font_height="10" line="7" col="35" line_base_x="414" line_base_y="790"/>
        <response name="T2-SO.txt" type="txt" x="1000.0" y="461.0" left_validation="1" right_validation="1" left_pupil_diameter="2.440831788828675" right_pupil_diameter="2.459258818290603" timestamp="2018-02-09T13:14:50.686-05:00" session_time="46534912210" tracker_time="1518200086903" system_time="1518200090686" nano_time="1900857617931003" gazeId="1520" duration="1933" path="C:\CodeSummarizationStudy\_tasks\Sequence 7\T2-SO.txt" line_height="15" font_height="10" line="11" col="61" line_base_x="414" line_base_y="850"/>
        <response name="java - NoClassDefFoundError org/eclipse/swt/SWTError - Stack Overflow" type="browser" x="897.0" y="468.0" left_validation="1" right_validation="1" left_pupil_diameter="2.425115966796875" right_pupil_diameter="2.439561767578125" timestamp="2018-02-09T13:14:52.619-05:00" session_time="48468086260" tracker_time="1518200088836" system_time="1518200092619" nano_time="1900859551105053" gazeId="1590" duration="400" url="https://stackoverflow.com/questions/11959334/noclassdeffounderror-org-eclipse-swt-swterror" Id="11959334">
            <soe part="QUESTION" part_number="1" type="TEXT" type_number="2"/>
        </response>
        <response name="java - NoClassDefFoundError org/eclipse/swt/SWTError - Stack Overflow" type="browser" x="841.0" y="464.0" left_validation="1" right_validation="1" left_pupil_diameter="2.4371673583984377" right_pupil_diameter="2.437518310546875" timestamp="2018-02-09T13:14:53.019-05:00" session_time="48868080835" tracker_time="1518200089236" system_time="1518200093019" nano_time="1900859951099628" gazeId="1614" duration="66" url="https://stackoverflow.com/questions/11959334/noclassdeffounderror-org-eclipse-swt-swterror" Id="11959334">
            <soe part="QUESTION" part_number="1" type="TEXT" type_number="2"/>
        </response>
        <response name="java - NoClassDefFoundError org/eclipse/swt/SWTError - Stack Overflow" type="browser" x="800.0" y="464.0" left_validation="1" right_validation="1" left_pupil_diameter="2.426849365234375" right_pupil_diameter="2.435641202059659" timestamp="2018-02-09T13:14:53.085-05:00" session_time="48934649459" tracker_time="1518200089303" system_time="1518200093085" nano_time="1900860017668252" gazeId="1618" duration="169" url="https://stackoverflow.com/questions/11959334/noclassdeffounderror-org-eclipse-swt-swterror" Id="11959334">
            <soe part="QUESTION" part_number="1" type="TEXT" type_number="2"/>
        </response>
        <response name="java - NoClassDefFoundError org/eclipse/swt/SWTError - Stack Overflow" type="browser" x="748.0" y="468.0" left_validation="1" right_validation="1" left_pupil_diameter="2.4414461576021633" right_pupil_diameter="2.4442854661207933" timestamp="2018-02-09T13:14:53.254-05:00" session_time="49102327041" tracker_time="1518200089470" system_time="1518200093254" nano_time="1900860185345834" gazeId="1628" duration="199" url="https://stackoverflow.com/questions/11959334/noclassdeffounderror-org-eclipse-swt-swterror" Id="11959334">
            <soe part="QUESTION" part_number="1" type="TEXT" type_number="2"/>
        </response>
        <response name="java - NoClassDefFoundError org/eclipse/swt/SWTError - Stack Overflow" type="browser" x="786.0" y="493.0" left_validation="1" right_validation="1" left_pupil_diameter="2.4281469274450234" right_pupil_diameter="2.4146875452112266" timestamp="2018-02-09T13:14:53.453-05:00" session_time="49301499199" tracker_time="1518200089670" system_time="1518200093453" nano_time="1900860384517992" gazeId="1640" duration="453" url="https://stackoverflow.com/questions/11959334/noclassdeffounderror-org-eclipse-swt-swterror" Id="11959334">
            <soe part="QUESTION" part_number="1" type="TEXT" type_number="2"/>
        </response>
        <response name="java - NoClassDefFoundError org/eclipse/swt/SWTError - Stack Overflow" type="browser" x="863.5" y="503.0" left_validation="1" right_validation="1" left_pupil_diameter="2.4217529296875" right_pupil_diameter="2.414910634358724" timestamp="2018-02-09T13:14:53.906-05:00" session_time="49754796546" tracker_time="1518200090120" system_time="1518200093906" nano_time="1900860837815339" gazeId="1666" duration="179" url="https://stackoverflow.com/questions/11959334/noclassdeffounderror-org-eclipse-swt-swterror" Id="11959334">
            <soe part="ANSWER" part_number="1" type="COMMENT" type_number="1"/>
        </response>
        <response name="java - NoClassDefFoundError org/eclipse/swt/SWTError - Stack Overflow" type="browser" x="954.5" y="408.5" left_validation="1" right_validation="1" left_pupil_diameter="2.388159010145399" right_pupil_diameter="2.388777838812934" timestamp="2018-02-09T13:14:54.085-05:00" session_time="49934551221" tracker_time="1518200090303" system_time="1518200094085" nano_time="1900861017570014" gazeId="1677" duration="502" url="https://stackoverflow.com/questions/11959334/noclassdeffounderror-org-eclipse-swt-swterror" Id="11959334">
            <soe part="ANSWER" part_number="1" type="COMMENT" type_number="1"/>
        </response>
        <response name="java - NoClassDefFoundError org/eclipse/swt/SWTError - Stack Overflow" type="browser" x="864.5" y="395.5" left_validation="1" right_validation="1" left_pupil_diameter="2.3757031758626304" right_pupil_diameter="2.396691640218099" timestamp="2018-02-09T13:14:54.587-05:00" session_time="50435895951" tracker_time="1518200090803" system_time="1518200094587" nano_time="1900861518914744" gazeId="1694" duration="182" url="https://stackoverflow.com/questions/11959334/noclassdeffounderror-org-eclipse-swt-swterror" Id="11959334">
            <soe part="ANSWER" part_number="1" type="TEXT" type_number="2"/>
        </response>
        <response name="java - NoClassDefFoundError org/eclipse/swt/SWTError - Stack Overflow" type="browser" x="806.0" y="360.0" left_validation="1" right_validation="1" left_pupil_diameter="2.3825531005859375" right_pupil_diameter="2.391477312360491" timestamp="2018-02-09T13:14:54.769-05:00" session_time="50617767884" tracker_time="1518200090986" system_time="1518200094769" nano_time="1900861700786677" gazeId="1705" duration="101" url="https://stackoverflow.com/questions/11959334/noclassdeffounderror-org-eclipse-swt-swterror" Id="11959334">
            <soe part="ANSWER" part_number="1" type="TEXT" type_number="2"/>
        </response>
        <response name="java - NoClassDefFoundError org/eclipse/swt/SWTError - Stack Overflow" type="browser" x="958.5" y="243.0" left_validation="1" right_validation="1" left_pupil_diameter="2.3861007690429688" right_pupil_diameter="2.4061686197916665" timestamp="2018-02-09T13:14:54.87-05:00" session_time="50718365488" tracker_time="1518200091086" system_time="1518200094870" nano_time="1900861801384281" gazeId="1711" duration="832" url="https://stackoverflow.com/questions/11959334/noclassdeffounderror-org-eclipse-swt-swterror" Id="11959334">
            <soe part="ANSWER" part_number="1" type="TEXT" type_number="1"/>
        </response>
        <response name="java - NoClassDefFoundError org/eclipse/swt/SWTError - Stack Overflow" type="browser" x="1053.5" y="283.5" left_validation="1" right_validation="1" left_pupil_diameter="2.5258560180664062" right_pupil_diameter="2.5180892944335938" timestamp="2018-02-09T13:14:55.702-05:00" session_time="51551021844" tracker_time="1518200091919" system_time="1518200095702" nano_time="1900862634040637" gazeId="1722" duration="950" url="https://stackoverflow.com/questions/11959334/noclassdeffounderror-org-eclipse-swt-swterror" Id="11959334">
            <soe part="ANSWER" part_number="2" type="TEXT" type_number="3"/>
        </response>
        <response name="java - NoClassDefFoundError org/eclipse/swt/SWTError - Stack Overflow" type="browser" x="1028.0" y="401.0" left_validation="1" right_validation="1" left_pupil_diameter="2.5723071431004723" right_pupil_diameter="2.5583563516306325" timestamp="2018-02-09T13:14:56.652-05:00" session_time="52500937114" tracker_time="1518200092869" system_time="1518200096652" nano_time="1900863583955907" gazeId="1729" duration="704" url="https://stackoverflow.com/questions/11959334/noclassdeffounderror-org-eclipse-swt-swterror" Id="11959334">
            <soe part="ANSWER" part_number="2" type="TEXT" type_number="1"/>
        </response>
        <response name="java - NoClassDefFoundError org/eclipse/swt/SWTError - Stack Overflow" type="browser" x="762.0" y="383.0" left_validation="1" right_validation="1" left_pupil_diameter="2.5275195086443865" right_pupil_diameter="2.539911905924479" timestamp="2018-02-09T13:14:57.356-05:00" session_time="53205403699" tracker_time="1518200093569" system_time="1518200097356" nano_time="1900864288422492" gazeId="1771" duration="430" url="https://stackoverflow.com/questions/11959334/noclassdeffounderror-org-eclipse-swt-swterror" Id="11959334">
            <soe part="ANSWER" part_number="2" type="TEXT" type_number="2"/>
        </response>
        <response name="java - NoClassDefFoundError org/eclipse/swt/SWTError - Stack Overflow" type="browser" x="738.0" y="331.5" left_validation="1" right_validation="1" left_pupil_diameter="2.4387151544744317" right_pupil_diameter="2.464539267800071" timestamp="2018-02-09T13:14:57.786-05:00" session_time="53634960340" tracker_time="1518200094002" system_time="1518200097786" nano_time="1900864717979133" gazeId="1797" duration="349" url="https://stackoverflow.com/questions/11959334/noclassdeffounderror-org-eclipse-swt-swterror" Id="11959334">
            <soe part="ANSWER" part_number="2" type="TEXT" type_number="2"/>
        </response>
        <response name="java - NoClassDefFoundError org/eclipse/swt/SWTError - Stack Overflow" type="browser" x="776.5" y="312.0" left_validation="1" right_validation="1" left_pupil_diameter="2.3777945382254466" right_pupil_diameter="2.4038358415876115" timestamp="2018-02-09T13:14:58.135-05:00" session_time="53984053852" tracker_time="1518200094352" system_time="1518200098135" nano_time="1900865067072645" gazeId="1818" duration="6717" url="https://stackoverflow.com/questions/11959334/noclassdeffounderror-org-eclipse-swt-swterror" Id="11959334">
            <soe part="ANSWER" part_number="2" type="TEXT" type_number="1"/>
        </response>
        <response name="java - InvocationTargetException caused by SWTError (&quot;no more handles&quot;)? - Stack Overflow" type="browser" x="738.0" y="365.0" left_validation="1" right_validation="1" left_pupil_diameter="2.3204365605893345" right_pupil_diameter="2.369532709536345" timestamp="2018-02-09T13:15:04.852-05:00" session_time="60700403987" tracker_time="1518200101068" system_time="1518200104852" nano_time="1900871783422780" gazeId="1845" duration="366" url="https://stackoverflow.com/questions/23011284/invocationtargetexception-caused-by-swterror-no-more-handles" Id="23011284">
            <soe part="QUESTION" part_number="1" type="TEXT" type_number="1"/>
        </response>
        <response name="java - InvocationTargetException caused by SWTError (&quot;no more handles&quot;)? - Stack Overflow" type="browser" x="908.0" y="383.0" left_validation="1" right_validation="1" left_pupil_diameter="2.3293304443359375" right_pupil_diameter="2.3566864013671873" timestamp="2018-02-09T13:15:05.218-05:00" session_time="61066627640" tracker_time="1518200101435" system_time="1518200105218" nano_time="1900872149646433" gazeId="1867" duration="67" url="https://stackoverflow.com/questions/23011284/invocationtargetexception-caused-by-swterror-no-more-handles" Id="23011284">
            <soe part="QUESTION" part_number="1" type="TEXT" type_number="1"/>
        </response>
        <response name="java - InvocationTargetException caused by SWTError (&quot;no more handles&quot;)? - Stack Overflow" type="browser" x="1098.0" y="398.0" left_validation="1" right_validation="1" left_pupil_diameter="2.320714314778646" right_pupil_diameter="2.3599782307942707" timestamp="2018-02-09T13:15:05.285-05:00" session_time="61133378445" tracker_time="1518200101501" system_time="1518200105285" nano_time="1900872216397238" gazeId="1871" duration="232" url="https://stackoverflow.com/questions/23011284/invocationtargetexception-caused-by-swterror-no-more-handles" Id="23011284">
            <soe part="QUESTION" part_number="1" type="TEXT" type_number="1"/>
        </response>
        <response name="java - InvocationTargetException caused by SWTError (&quot;no more handles&quot;)? - Stack Overflow" type="browser" x="1151.5" y="399.5" left_validation="1" right_validation="1" left_pupil_diameter="2.3312004937065973" right_pupil_diameter="2.365126715766059" timestamp="2018-02-09T13:15:05.517-05:00" session_time="61366407300" tracker_time="1518200101735" system_time="1518200105517" nano_time="1900872449426093" gazeId="1885" duration="285" url="https://stackoverflow.com/questions/23011284/invocationtargetexception-caused-by-swterror-no-more-handles" Id="23011284">
            <soe part="QUESTION" part_number="1" type="CODE" type_number="1"/>
        </response>
        <response name="java - InvocationTargetException caused by SWTError (&quot;no more handles&quot;)? - Stack Overflow" type="browser" x="784.5" y="421.0" left_validation="1" right_validation="1" left_pupil_diameter="2.296783447265625" right_pupil_diameter="2.3503582000732424" timestamp="2018-02-09T13:15:05.851-05:00" session_time="61699974011" tracker_time="1518200102068" system_time="1518200105851" nano_time="1900872782992804" gazeId="1905" duration="649" url="https://stackoverflow.com/questions/23011284/invocationtargetexception-caused-by-swterror-no-more-handles" Id="23011284">
            <soe part="QUESTION" part_number="1" type="TEXT" type_number="2"/>
        </response>
        <response name="java - InvocationTargetException caused by SWTError (&quot;no more handles&quot;)? - Stack Overflow" type="browser" x="828.0" y="390.0" left_validation="1" right_validation="1" left_pupil_diameter="2.3363756452287947" right_pupil_diameter="2.3933252607073103" timestamp="2018-02-09T13:15:06.5-05:00" session_time="62349544016" tracker_time="1518200102718" system_time="1518200106500" nano_time="1900873432562809" gazeId="1944" duration="451" url="https://stackoverflow.com/questions/23011284/invocationtargetexception-caused-by-swterror-no-more-handles" Id="23011284">
            <soe part="QUESTION" part_number="1" type="CODE" type_number="2"/>
        </response>
        <response name="java - InvocationTargetException caused by SWTError (&quot;no more handles&quot;)? - Stack Overflow" type="browser" x="778.0" y="471.0" left_validation="1" right_validation="1" left_pupil_diameter="2.3888728929602583" right_pupil_diameter="2.4185505742612095" timestamp="2018-02-09T13:15:06.951-05:00" session_time="62799516652" tracker_time="1518200103168" system_time="1518200106951" nano_time="1900873882535445" gazeId="1971" duration="367" url="https://stackoverflow.com/questions/23011284/invocationtargetexception-caused-by-swterror-no-more-handles" Id="23011284">
            <soe part="QUESTION" part_number="1" type="CODE" type_number="8"/>
        </response>
        <response name="java - InvocationTargetException caused by SWTError (&quot;no more handles&quot;)? - Stack Overflow" type="browser" x="778.0" y="371.0" left_validation="1" right_validation="1" left_pupil_diameter="2.402155558268229" right_pupil_diameter="2.443547566731771" timestamp="2018-02-09T13:15:07.318-05:00" session_time="63167218647" tracker_time="1518200103534" system_time="1518200107318" nano_time="1900874250237440" gazeId="1993" duration="83" url="https://stackoverflow.com/questions/23011284/invocationtargetexception-caused-by-swterror-no-more-handles" Id="23011284">
            <soe part="QUESTION" part_number="1" type="CODE" type_number="8"/>
        </response>
        <response name="java - InvocationTargetException caused by SWTError (&quot;no more handles&quot;)? - Stack Overflow" type="browser" x="769.0" y="253.0" left_validation="1" right_validation="1" left_pupil_diameter="2.343829563685826" right_pupil_diameter="2.3696583339146207" timestamp="2018-02-09T13:15:07.401-05:00" session_time="63249428073" tracker_time="1518200103618" system_time="1518200107401" nano_time="1900874332446866" gazeId="1998" duration="216" url="https://stackoverflow.com/questions/23011284/invocationtargetexception-caused-by-swterror-no-more-handles" Id="23011284">
            <soe part="QUESTION" part_number="1" type="CODE" type_number="8"/>
        </response>
        <response name="java - InvocationTargetException caused by SWTError (&quot;no more handles&quot;)? - Stack Overflow" type="browser" x="752.0" y="215.0" left_validation="1" right_validation="1" left_pupil_diameter="2.3515396118164062" right_pupil_diameter="2.3771026611328123" timestamp="2018-02-09T13:15:07.617-05:00" session_time="63466068341" tracker_time="1518200103834" system_time="1518200107617" nano_time="1900874549087134" gazeId="2011" duration="334" url="https://stackoverflow.com/questions/23011284/invocationtargetexception-caused-by-swterror-no-more-handles" Id="23011284">
            <soe part="QUESTION" part_number="1" type="CODE" type_number="8"/>
        </response>
        <response name="java - InvocationTargetException caused by SWTError (&quot;no more handles&quot;)? - Stack Overflow" type="browser" x="761.0" y="292.0" left_validation="1" right_validation="1" left_pupil_diameter="2.433819580078125" right_pupil_diameter="2.4401611328125" timestamp="2018-02-09T13:15:07.951-05:00" session_time="63799293416" tracker_time="1518200104168" system_time="1518200107951" nano_time="1900874882312209" gazeId="2030" duration="66" url="https://stackoverflow.com/questions/23011284/invocationtargetexception-caused-by-swterror-no-more-handles" Id="23011284">
            <soe part="QUESTION" part_number="1" type="CODE" type_number="8"/>
        </response>
        <response name="java - InvocationTargetException caused by SWTError (&quot;no more handles&quot;)? - Stack Overflow" type="browser" x="776.0" y="328.0" left_validation="1" right_validation="1" left_pupil_diameter="2.4368533047762786" right_pupil_diameter="2.468399325284091" timestamp="2018-02-09T13:15:08.017-05:00" session_time="63866035790" tracker_time="1518200104234" system_time="1518200108017" nano_time="1900874949054583" gazeId="2034" duration="900" url="https://stackoverflow.com/questions/23011284/invocationtargetexception-caused-by-swterror-no-more-handles" Id="23011284">
            <soe part="QUESTION" part_number="1" type="CODE" type_number="8"/>
        </response>
        <response name="java - InvocationTargetException caused by SWTError (&quot;no more handles&quot;)? - Stack Overflow" type="browser" x="849.5" y="322.0" left_validation="1" right_validation="1" left_pupil_diameter="2.435455322265625" right_pupil_diameter="2.4552161476828833" timestamp="2018-02-09T13:15:08.917-05:00" session_time="64766103494" tracker_time="1518200105134" system_time="1518200108917" nano_time="1900875849122287" gazeId="2088" duration="350" url="https://stackoverflow.com/questions/23011284/invocationtargetexception-caused-by-swterror-no-more-handles" Id="23011284">
            <soe part="QUESTION" part_number="1" type="CODE" type_number="8"/>
        </response>
        <response name="java - InvocationTargetException caused by SWTError (&quot;no more handles&quot;)? - Stack Overflow" type="browser" x="979.0" y="333.0" left_validation="1" right_validation="1" left_pupil_diameter="2.4114241827101934" right_pupil_diameter="2.4630984351748513" timestamp="2018-02-09T13:15:09.267-05:00" session_time="65115905203" tracker_time="1518200105484" system_time="1518200109267" nano_time="1900876198923996" gazeId="2109" duration="600" url="https://stackoverflow.com/questions/23011284/invocationtargetexception-caused-by-swterror-no-more-handles" Id="23011284">
            <soe part="QUESTION" part_number="1" type="CODE" type_number="8"/>
        </response>
        <response name="java - InvocationTargetException caused by SWTError (&quot;no more handles&quot;)? - Stack Overflow" type="browser" x="1055.0" y="342.5" left_validation="1" right_validation="1" left_pupil_diameter="2.3849043412642046" right_pupil_diameter="2.4457196322354404" timestamp="2018-02-09T13:15:09.867-05:00" session_time="65715809823" tracker_time="1518200106084" system_time="1518200109867" nano_time="1900876798828616" gazeId="2129" duration="349" url="https://stackoverflow.com/questions/23011284/invocationtargetexception-caused-by-swterror-no-more-handles" Id="23011284">
            <soe part="QUESTION" part_number="1" type="TEXT" type_number="5"/>
        </response>
        <response name="java - InvocationTargetException caused by SWTError (&quot;no more handles&quot;)? - Stack Overflow" type="browser" x="828.0" y="370.0" left_validation="1" right_validation="1" left_pupil_diameter="2.3163021027095736" right_pupil_diameter="2.3473748101128473" timestamp="2018-02-09T13:15:10.216-05:00" session_time="66065810575" tracker_time="1518200106434" system_time="1518200110216" nano_time="1900877148829368" gazeId="2150" duration="1034" url="https://stackoverflow.com/questions/23011284/invocationtargetexception-caused-by-swterror-no-more-handles" Id="23011284">
            <soe part="QUESTION" part_number="1" type="TEXT" type_number="5"/>
        </response>
        <response name="java - InvocationTargetException caused by SWTError (&quot;no more handles&quot;)? - Stack Overflow" type="browser" x="761.0" y="337.0" left_validation="1" right_validation="1" left_pupil_diameter="2.3268804135529892" right_pupil_diameter="2.346329398777174" timestamp="2018-02-09T13:15:11.25-05:00" session_time="67099350563" tracker_time="1518200107467" system_time="1518200111250" nano_time="1900878182369356" gazeId="2212" duration="366" url="https://stackoverflow.com/questions/23011284/invocationtargetexception-caused-by-swterror-no-more-handles" Id="23011284">
            <soe part="QUESTION" part_number="1" type="CODE" type_number="11"/>
        </response>
        <response name="java - InvocationTargetException caused by SWTError (&quot;no more handles&quot;)? - Stack Overflow" type="browser" x="726.5" y="422.5" left_validation="1" right_validation="1" left_pupil_diameter="2.394938659667969" right_pupil_diameter="2.3968597412109376" timestamp="2018-02-09T13:15:11.616-05:00" session_time="67465575683" tracker_time="1518200107834" system_time="1518200111616" nano_time="1900878548594476" gazeId="2234" duration="635" url="https://stackoverflow.com/questions/23011284/invocationtargetexception-caused-by-swterror-no-more-handles" Id="23011284">
            <soe part="QUESTION" part_number="1" type="CODE" type_number="11"/>
        </response>
        <response name="java - InvocationTargetException caused by SWTError (&quot;no more handles&quot;)? - Stack Overflow" type="browser" x="797.0" y="428.0" left_validation="1" right_validation="1" left_pupil_diameter="2.3475152217980586" right_pupil_diameter="2.3581695556640625" timestamp="2018-02-09T13:15:12.251-05:00" session_time="68100078187" tracker_time="1518200108467" system_time="1518200112251" nano_time="1900879183096980" gazeId="2243" duration="532" url="https://stackoverflow.com/questions/23011284/invocationtargetexception-caused-by-swterror-no-more-handles" Id="23011284">
            <soe part="QUESTION" part_number="1" type="CODE" type_number="11"/>
        </response>
        <response name="java - InvocationTargetException caused by SWTError (&quot;no more handles&quot;)? - Stack Overflow" type="browser" x="893.0" y="408.0" left_validation="1" right_validation="1" left_pupil_diameter="2.323944656937211" right_pupil_diameter="2.341609248408565" timestamp="2018-02-09T13:15:12.783-05:00" session_time="68632052776" tracker_time="1518200109000" system_time="1518200112783" nano_time="1900879715071569" gazeId="2275" duration="433" url="https://stackoverflow.com/questions/23011284/invocationtargetexception-caused-by-swterror-no-more-handles" Id="23011284">
            <soe part="QUESTION" part_number="1" type="CODE" type_number="11"/>
        </response>
        <response name="java - InvocationTargetException caused by SWTError (&quot;no more handles&quot;)? - Stack Overflow" type="browser" x="983.0" y="376.0" left_validation="1" right_validation="1" left_pupil_diameter="2.3752964564732144" right_pupil_diameter="2.373131888253348" timestamp="2018-02-09T13:15:13.216-05:00" session_time="69065336611" tracker_time="1518200109434" system_time="1518200113216" nano_time="1900880148355404" gazeId="2301" duration="102" url="https://stackoverflow.com/questions/23011284/invocationtargetexception-caused-by-swterror-no-more-handles" Id="23011284">
            <soe part="QUESTION" part_number="1" type="CODE" type_number="11"/>
        </response>
        <response name="java - InvocationTargetException caused by SWTError (&quot;no more handles&quot;)? - Stack Overflow" type="browser" x="1020.5" y="362.5" left_validation="1" right_validation="1" left_pupil_diameter="2.3752613067626953" right_pupil_diameter="2.3796558380126953" timestamp="2018-02-09T13:15:13.318-05:00" session_time="69167767389" tracker_time="1518200109534" system_time="1518200113318" nano_time="1900880250786182" gazeId="2307" duration="116" url="https://stackoverflow.com/questions/23011284/invocationtargetexception-caused-by-swterror-no-more-handles" Id="23011284">
            <soe part="QUESTION" part_number="1" type="CODE" type_number="11"/>
        </response>
        <response name="java - InvocationTargetException caused by SWTError (&quot;no more handles&quot;)? - Stack Overflow" type="browser" x="1086.0" y="342.0" left_validation="1" right_validation="1" left_pupil_diameter="2.3895674995754077" right_pupil_diameter="2.3974569569463315" timestamp="2018-02-09T13:15:13.434-05:00" session_time="69282170057" tracker_time="1518200109650" system_time="1518200113434" nano_time="1900880365188850" gazeId="2314" duration="366" url="https://stackoverflow.com/questions/23011284/invocationtargetexception-caused-by-swterror-no-more-handles" Id="23011284">
            <soe part="QUESTION" part_number="1" type="CODE" type_number="11"/>
        </response>
        <response name="java - InvocationTargetException caused by SWTError (&quot;no more handles&quot;)? - Stack Overflow" type="browser" x="875.0" y="346.0" left_validation="1" right_validation="1" left_pupil_diameter="2.360772450764974" right_pupil_diameter="2.3847599029541016" timestamp="2018-02-09T13:15:13.8-05:00" session_time="69648655435" tracker_time="1518200110017" system_time="1518200113800" nano_time="1900880731674228" gazeId="2336" duration="383" url="https://stackoverflow.com/questions/23011284/invocationtargetexception-caused-by-swterror-no-more-handles" Id="23011284">
            <soe part="QUESTION" part_number="1" type="CODE" type_number="11"/>
        </response>
        <response name="java - InvocationTargetException caused by SWTError (&quot;no more handles&quot;)? - Stack Overflow" type="browser" x="835.0" y="336.5" left_validation="1" right_validation="1" left_pupil_diameter="2.369141048855252" right_pupil_diameter="2.388911353217231" timestamp="2018-02-09T13:15:14.183-05:00" session_time="70031917221" tracker_time="1518200110400" system_time="1518200114183" nano_time="1900881114936014" gazeId="2359" duration="586" url="https://stackoverflow.com/questions/23011284/invocationtargetexception-caused-by-swterror-no-more-handles" Id="23011284">
            <soe part="QUESTION" part_number="1" type="CODE" type_number="11"/>
        </response>
        <response name="java - InvocationTargetException caused by SWTError (&quot;no more handles&quot;)? - Stack Overflow" type="browser" x="793.0" y="343.0" left_validation="1" right_validation="1" left_pupil_diameter="2.364903767903646" right_pupil_diameter="2.3681767781575522" timestamp="2018-02-09T13:15:14.769-05:00" session_time="70617998817" tracker_time="1518200110984" system_time="1518200114769" nano_time="1900881701017610" gazeId="2394" duration="381" url="https://stackoverflow.com/questions/23011284/invocationtargetexception-caused-by-swterror-no-more-handles" Id="23011284">
            <soe part="QUESTION" part_number="1" type="CODE" type_number="11"/>
        </response>
        <response name="java - InvocationTargetException caused by SWTError (&quot;no more handles&quot;)? - Stack Overflow" type="browser" x="740.0" y="234.0" left_validation="1" right_validation="1" left_pupil_diameter="2.4050334583629263" right_pupil_diameter="2.4095042835582388" timestamp="2018-02-09T13:15:15.15-05:00" session_time="70998898850" tracker_time="1518200111367" system_time="1518200115150" nano_time="1900882081917643" gazeId="2417" duration="1633" url="https://stackoverflow.com/questions/23011284/invocationtargetexception-caused-by-swterror-no-more-handles" Id="23011284">
            <soe part="QUESTION" part_number="1" type="CODE" type_number="11"/>
        </response>
        <response name="java - InvocationTargetException caused by SWTError (&quot;no more handles&quot;)? - Stack Overflow" type="browser" x="768.0" y="458.0" left_validation="1" right_validation="1" left_pupil_diameter="2.389229668511285" right_pupil_diameter="2.371816564489294" timestamp="2018-02-09T13:15:16.783-05:00" session_time="72631538124" tracker_time="1518200113000" system_time="1518200116783" nano_time="1900883714556917" gazeId="2427" duration="433" url="https://stackoverflow.com/questions/23011284/invocationtargetexception-caused-by-swterror-no-more-handles" Id="23011284">
            <soe part="QUESTION" part_number="1" type="CODE" type_number="11"/>
        </response>
        <response name="java - InvocationTargetException caused by SWTError (&quot;no more handles&quot;)? - Stack Overflow" type="browser" x="820.0" y="554.5" left_validation="1" right_validation="1" left_pupil_diameter="2.259746551513672" right_pupil_diameter="2.266996383666992" timestamp="2018-02-09T13:15:17.216-05:00" session_time="73065004507" tracker_time="1518200113433" system_time="1518200117216" nano_time="1900884148023300" gazeId="2453" duration="116" url="https://stackoverflow.com/questions/23011284/invocationtargetexception-caused-by-swterror-no-more-handles" Id="23011284">
            <soe part="QUESTION" part_number="1" type="CODE" type_number="11"/>
        </response>
        <response name="java - InvocationTargetException caused by SWTError (&quot;no more handles&quot;)? - Stack Overflow" type="browser" x="886.0" y="562.0" left_validation="1" right_validation="1" left_pupil_diameter="2.2256866455078126" right_pupil_diameter="2.223443603515625" timestamp="2018-02-09T13:15:17.332-05:00" session_time="73181457719" tracker_time="1518200113550" system_time="1518200117332" nano_time="1900884264476512" gazeId="2460" duration="67" url="https://stackoverflow.com/questions/23011284/invocationtargetexception-caused-by-swterror-no-more-handles" Id="23011284">
            <soe part="QUESTION" part_number="1" type="CODE" type_number="11"/>
        </response>
        <response name="java - InvocationTargetException caused by SWTError (&quot;no more handles&quot;)? - Stack Overflow" type="browser" x="979.0" y="544.0" left_validation="1" right_validation="1" left_pupil_diameter="2.177120007966694" right_pupil_diameter="2.1881087453741777" timestamp="2018-02-09T13:15:17.399-05:00" session_time="73248086458" tracker_time="1518200113617" system_time="1518200117399" nano_time="1900884331105251" gazeId="2464" duration="301" url="https://stackoverflow.com/questions/23011284/invocationtargetexception-caused-by-swterror-no-more-handles" Id="23011284">
            <soe part="QUESTION" part_number="1" type="CODE" type_number="11"/>
        </response>
        <response name="java - InvocationTargetException caused by SWTError (&quot;no more handles&quot;)? - Stack Overflow" type="browser" x="963.5" y="503.0" left_validation="1" right_validation="1" left_pupil_diameter="2.1904285975864957" right_pupil_diameter="2.2235183715820312" timestamp="2018-02-09T13:15:17.7-05:00" session_time="73549119025" tracker_time="1518200113916" system_time="1518200117700" nano_time="1900884632137818" gazeId="2482" duration="215" url="https://stackoverflow.com/questions/23011284/invocationtargetexception-caused-by-swterror-no-more-handles" Id="23011284">
            <soe part="QUESTION" part_number="1" type="CODE" type_number="11"/>
        </response>
        <response name="java - InvocationTargetException caused by SWTError (&quot;no more handles&quot;)? - Stack Overflow" type="browser" x="889.0" y="517.0" left_validation="1" right_validation="1" left_pupil_diameter="2.2784600830078126" right_pupil_diameter="2.304129638671875" timestamp="2018-02-09T13:15:17.915-05:00" session_time="73764710561" tracker_time="1518200114133" system_time="1518200117915" nano_time="1900884847729354" gazeId="2495" duration="401" url="https://stackoverflow.com/questions/23011284/invocationtargetexception-caused-by-swterror-no-more-handles" Id="23011284">
            <soe part="QUESTION" part_number="1" type="CODE" type_number="11"/>
        </response>
        <response name="java - InvocationTargetException caused by SWTError (&quot;no more handles&quot;)? - Stack Overflow" type="browser" x="837.0" y="484.0" left_validation="1" right_validation="1" left_pupil_diameter="2.28656005859375" right_pupil_diameter="2.3407562255859373" timestamp="2018-02-09T13:15:18.316-05:00" session_time="74164735194" tracker_time="1518200114533" system_time="1518200118316" nano_time="1900885247753987" gazeId="2519" duration="67" url="https://stackoverflow.com/questions/23011284/invocationtargetexception-caused-by-swterror-no-more-handles" Id="23011284">
            <soe part="QUESTION" part_number="1" type="CODE" type_number="11"/>
        </response>
        <response name="java - InvocationTargetException caused by SWTError (&quot;no more handles&quot;)? - Stack Overflow" type="browser" x="787.0" y="474.0" left_validation="1" right_validation="1" left_pupil_diameter="2.3028971354166665" right_pupil_diameter="2.3404918852306547" timestamp="2018-02-09T13:15:18.383-05:00" session_time="74231367233" tracker_time="1518200114600" system_time="1518200118383" nano_time="1900885314386026" gazeId="2523" duration="335" url="https://stackoverflow.com/questions/23011284/invocationtargetexception-caused-by-swterror-no-more-handles" Id="23011284">
            <soe part="QUESTION" part_number="1" type="CODE" type_number="11"/>
        </response>
        <response name="java - InvocationTargetException caused by SWTError (&quot;no more handles&quot;)? - Stack Overflow" type="browser" x="952.0" y="468.0" left_validation="1" right_validation="1" left_pupil_diameter="2.2807473847360322" right_pupil_diameter="2.320498379794034" timestamp="2018-02-09T13:15:18.718-05:00" session_time="74567130745" tracker_time="1518200114933" system_time="1518200118718" nano_time="1900885650149538" gazeId="2543" duration="531" url="https://stackoverflow.com/questions/23011284/invocationtargetexception-caused-by-swterror-no-more-handles" Id="23011284">
            <soe part="QUESTION" part_number="1" type="CODE" type_number="11"/>
        </response>
        <response name="java - InvocationTargetException caused by SWTError (&quot;no more handles&quot;)? - Stack Overflow" type="browser" x="1043.0" y="466.0" left_validation="1" right_validation="1" left_pupil_diameter="2.240568372938368" right_pupil_diameter="2.2655792236328125" timestamp="2018-02-09T13:15:19.249-05:00" session_time="75098368912" tracker_time="1518200115466" system_time="1518200119249" nano_time="1900886181387705" gazeId="2575" duration="133" url="https://stackoverflow.com/questions/23011284/invocationtargetexception-caused-by-swterror-no-more-handles" Id="23011284">
            <soe part="QUESTION" part_number="1" type="CODE" type_number="11"/>
        </response>
        <response name="java - InvocationTargetException caused by SWTError (&quot;no more handles&quot;)? - Stack Overflow" type="browser" x="1125.0" y="472.0" left_validation="1" right_validation="1" left_pupil_diameter="2.2036262674534575" right_pupil_diameter="2.2449337573761636" timestamp="2018-02-09T13:15:19.382-05:00" session_time="75231172223" tracker_time="1518200115600" system_time="1518200119382" nano_time="1900886314191016" gazeId="2583" duration="767" url="https://stackoverflow.com/questions/23011284/invocationtargetexception-caused-by-swterror-no-more-handles" Id="23011284">
            <soe part="QUESTION" part_number="1" type="CODE" type_number="11"/>
        </response>
        <response name="java - InvocationTargetException caused by SWTError (&quot;no more handles&quot;)? - Stack Overflow" type="browser" x="854.0" y="588.0" left_validation="1" right_validation="1" left_pupil_diameter="2.208217420076069" right_pupil_diameter="2.2620873702199837" timestamp="2018-02-09T13:15:20.183-05:00" session_time="76031574120" tracker_time="1518200116399" system_time="1518200120183" nano_time="1900887114592913" gazeId="2631" duration="299" url="https://stackoverflow.com/questions/23011284/invocationtargetexception-caused-by-swterror-no-more-handles" Id="23011284">
            <soe part="QUESTION" part_number="1" type="CODE" type_number="11"/>
        </response>
        <response name="java - InvocationTargetException caused by SWTError (&quot;no more handles&quot;)? - Stack Overflow" type="browser" x="914.0" y="590.0" left_validation="1" right_validation="1" left_pupil_diameter="2.209621653837316" right_pupil_diameter="2.238085578469669" timestamp="2018-02-09T13:15:20.482-05:00" session_time="76331093155" tracker_time="1518200116699" system_time="1518200120482" nano_time="1900887414111948" gazeId="2649" duration="266" url="https://stackoverflow.com/questions/23011284/invocationtargetexception-caused-by-swterror-no-more-handles" Id="23011284">
            <soe part="QUESTION" part_number="1" type="CODE" type_number="11"/>
        </response>
        <response name="java - InvocationTargetException caused by SWTError (&quot;no more handles&quot;)? - Stack Overflow" type="browser" x="983.5" y="590.0" left_validation="1" right_validation="1" left_pupil_diameter="2.2031173706054688" right_pupil_diameter="2.2377497355143228" timestamp="2018-02-09T13:15:20.748-05:00" session_time="76597667497" tracker_time="1518200116966" system_time="1518200120748" nano_time="1900887680686290" gazeId="2665" duration="85" url="https://stackoverflow.com/questions/23011284/invocationtargetexception-caused-by-swterror-no-more-handles" Id="23011284">
            <soe part="QUESTION" part_number="1" type="CODE" type_number="11"/>
        </response>
        <response name="java - InvocationTargetException caused by SWTError (&quot;no more handles&quot;)? - Stack Overflow" type="browser" x="1033.0" y="592.0" left_validation="1" right_validation="1" left_pupil_diameter="2.2207344456722864" right_pupil_diameter="2.257394087942023" timestamp="2018-02-09T13:15:20.833-05:00" session_time="76681067514" tracker_time="1518200117049" system_time="1518200120833" nano_time="1900887764086307" gazeId="2670" duration="337" url="https://stackoverflow.com/questions/23011284/invocationtargetexception-caused-by-swterror-no-more-handles" Id="23011284">
            <soe part="QUESTION" part_number="1" type="CODE" type_number="11"/>
        </response>
        <response name="T2-SO.txt" type="txt" x="520.0" y="798.0" left_validation="1" right_validation="1" left_pupil_diameter="2.2659812137998383" right_pupil_diameter="2.3121348413927802" timestamp="2018-02-09T13:15:21.17-05:00" session_time="77018849679" tracker_time="1518200117383" system_time="1518200121170" nano_time="1900888101868472" gazeId="2688" duration="1095" path="C:\CodeSummarizationStudy\_tasks\Sequence 7\T2-SO.txt" line_height="15" font_height="10" line="1" col="68" line_base_x="414" line_base_y="700"/>
        <response name="T2-SO.txt" type="txt" x="521.0" y="862.0" left_validation="1" right_validation="1" left_pupil_diameter="2.4021157657398895" right_pupil_diameter="2.4022674560546875" timestamp="2018-02-09T13:15:22.265-05:00" session_time="78114171734" tracker_time="1518200118483" system_time="1518200122265" nano_time="1900889197190527" gazeId="2716" duration="267" path="C:\CodeSummarizationStudy\_tasks\Sequence 7\T2-SO.txt" line_height="15" font_height="10" line="10" col="14" line_base_x="414" line_base_y="835"/>
        <response name="T2-SO.txt" type="txt" x="574.0" y="872.0" left_validation="1" right_validation="1" left_pupil_diameter="2.418841770717076" right_pupil_diameter="2.4634802682059154" timestamp="2018-02-09T13:15:22.532-05:00" session_time="78380800694" tracker_time="1518200118749" system_time="1518200122532" nano_time="1900889463819487" gazeId="2732" duration="216" path="C:\CodeSummarizationStudy\_tasks\Sequence 7\T2-SO.txt" line_height="15" font_height="10" line="12" col="17" line_base_x="414" line_base_y="865"/>
        <response name="T2-SO.txt" type="txt" x="629.5" y="869.0" left_validation="1" right_validation="1" left_pupil_diameter="2.391094970703125" right_pupil_diameter="2.4556350708007812" timestamp="2018-02-09T13:15:22.748-05:00" session_time="78597406506" tracker_time="1518200118966" system_time="1518200122748" nano_time="1900889680425299" gazeId="2745" duration="151" path="C:\CodeSummarizationStudy\_tasks\Sequence 7\T2-SO.txt" line_height="15" font_height="10" line="12" col="28" line_base_x="414" line_base_y="865"/>
        <response name="T2-SO.txt" type="txt" x="736.0" y="861.0" left_validation="1" right_validation="1" left_pupil_diameter="2.392948765908518" right_pupil_diameter="2.4489017609627015" timestamp="2018-02-09T13:15:22.899-05:00" session_time="78748069047" tracker_time="1518200119116" system_time="1518200122899" nano_time="1900889831087840" gazeId="2754" duration="500" path="C:\CodeSummarizationStudy\_tasks\Sequence 7\T2-SO.txt" line_height="15" font_height="10" line="12" col="36" line_base_x="414" line_base_y="865"/>
        <response name="T2-SO.txt" type="txt" x="693.5" y="860.5" left_validation="1" right_validation="1" left_pupil_diameter="2.3913515264337715" right_pupil_diameter="2.4376109730113638" timestamp="2018-02-09T13:15:23.399-05:00" session_time="79247545780" tracker_time="1518200119616" system_time="1518200123399" nano_time="1900890330564573" gazeId="2784" duration="832" path="C:\CodeSummarizationStudy\_tasks\Sequence 7\T2-SO.txt" line_height="15" font_height="10" line="11" col="42" line_base_x="414" line_base_y="850"/>
        <response name="java - InvocationTargetException caused by SWTError (&quot;no more handles&quot;)? - Stack Overflow" type="browser" x="888.0" y="468.0" left_validation="1" right_validation="1" left_pupil_diameter="2.3053408536044033" right_pupil_diameter="2.330571122602983" timestamp="2018-02-09T13:15:24.231-05:00" session_time="80080635778" tracker_time="1518200120449" system_time="1518200124231" nano_time="1900891163654571" gazeId="2827" duration="901" url="https://stackoverflow.com/questions/23011284/invocationtargetexception-caused-by-swterror-no-more-handles" Id="23011284">
            <soe part="QUESTION" part_number="1" type="CODE" type_number="11"/>
        </response>
        <response name="java - InvocationTargetException caused by SWTError (&quot;no more handles&quot;)? - Stack Overflow" type="browser" x="1003.5" y="465.0" left_validation="1" right_validation="1" left_pupil_diameter="2.2634793795072117" right_pupil_diameter="2.2864168607271633" timestamp="2018-02-09T13:15:25.132-05:00" session_time="80980801354" tracker_time="1518200121349" system_time="1518200125132" nano_time="1900892063820147" gazeId="2881" duration="483" url="https://stackoverflow.com/questions/23011284/invocationtargetexception-caused-by-swterror-no-more-handles" Id="23011284">
            <soe part="QUESTION" part_number="1" type="CODE" type_number="11"/>
        </response>
        <response name="java - InvocationTargetException caused by SWTError (&quot;no more handles&quot;)? - Stack Overflow" type="browser" x="750.0" y="451.0" left_validation="1" right_validation="1" left_pupil_diameter="2.2601855242693865" right_pupil_diameter="2.2880051224320024" timestamp="2018-02-09T13:15:25.615-05:00" session_time="81463769269" tracker_time="1518200121832" system_time="1518200125615" nano_time="1900892546788062" gazeId="2906" duration="433" url="https://stackoverflow.com/questions/23011284/invocationtargetexception-caused-by-swterror-no-more-handles" Id="23011284">
            <soe part="QUESTION" part_number="1" type="CODE" type_number="11"/>
        </response>
        <response name="java - InvocationTargetException caused by SWTError (&quot;no more handles&quot;)? - Stack Overflow" type="browser" x="801.5" y="447.0" left_validation="1" right_validation="1" left_pupil_diameter="2.248279571533203" right_pupil_diameter="2.2896297454833983" timestamp="2018-02-09T13:15:26.048-05:00" session_time="81897138146" tracker_time="1518200122265" system_time="1518200126048" nano_time="1900892980156939" gazeId="2932" duration="650" url="https://stackoverflow.com/questions/23011284/invocationtargetexception-caused-by-swterror-no-more-handles" Id="23011284">
            <soe part="QUESTION" part_number="1" type="CODE" type_number="8"/>
        </response>
        <response name="java - InvocationTargetException caused by SWTError (&quot;no more handles&quot;)? - Stack Overflow" type="browser" x="749.0" y="396.0" left_validation="1" right_validation="1" left_pupil_diameter="2.2371749877929688" right_pupil_diameter="2.2772390192205254" timestamp="2018-02-09T13:15:26.698-05:00" session_time="82546933587" tracker_time="1518200122915" system_time="1518200126698" nano_time="1900893629952380" gazeId="2971" duration="351" url="https://stackoverflow.com/questions/23011284/invocationtargetexception-caused-by-swterror-no-more-handles" Id="23011284">
            <soe part="QUESTION" part_number="1" type="CODE" type_number="8"/>
        </response>
    </gazes>
</itrace-records>
