<?xml version="1.0" encoding="UTF-8" standalone="yes"?>
<itrace-records>
    <environment>
        <screen-size width="1920" height="1080"/>
    </environment>
    <gazes>
        <response name="T8-SO.txt" type="txt" x="487.0" y="732.0" left_validation="1" right_validation="1" left_pupil_diameter="3.0413729349772134" right_pupil_diameter="2.9081268310546875" timestamp="2018-02-09T16:09:08.468-05:00" session_time="3453898508" tracker_time="1518210548593" system_time="1518210548468" nano_time="1911319195201933" gazeId="5" duration="1516" path="C:\CodeSummarizationStudy\_tasks\Sequence 6\T8-SO.txt" line_height="15" font_height="10" line="6" col="12" line_base_x="414" line_base_y="775"/>
        <response name="T8-SO.txt" type="txt" x="959.0" y="711.0" left_validation="1" right_validation="1" left_pupil_diameter="2.988073076520647" right_pupil_diameter="2.871577671595982" timestamp="2018-02-09T16:09:09.984-05:00" session_time="4970608019" tracker_time="1518210550109" system_time="1518210549984" nano_time="1911320711911444" gazeId="16" duration="417" path="C:\CodeSummarizationStudy\_tasks\Sequence 6\T8-SO.txt" line_height="15" font_height="10" line="1" col="56" line_base_x="414" line_base_y="700"/>
        <response name="T8-SO.txt" type="txt" x="614.0" y="786.0" left_validation="1" right_validation="1" left_pupil_diameter="2.8947380913628473" right_pupil_diameter="2.9241129557291665" timestamp="2018-02-09T16:09:10.401-05:00" session_time="5387092352" tracker_time="1518210550526" system_time="1518210550401" nano_time="1911321128395777" gazeId="29" duration="134" path="C:\CodeSummarizationStudy\_tasks\Sequence 6\T8-SO.txt" line_height="15" font_height="10" line="6" col="37" line_base_x="414" line_base_y="775"/>
        <response name="T8-SO.txt" type="txt" x="682.0" y="776.0" left_validation="1" right_validation="1" left_pupil_diameter="2.901283957741477" right_pupil_diameter="2.9402313232421875" timestamp="2018-02-09T16:09:10.535-05:00" session_time="5520416913" tracker_time="1518210550659" system_time="1518210550535" nano_time="1911321261720338" gazeId="37" duration="1016" path="C:\CodeSummarizationStudy\_tasks\Sequence 6\T8-SO.txt" line_height="15" font_height="10" line="6" col="31" line_base_x="414" line_base_y="775"/>
        <response name="T8-SO.txt" type="txt" x="480.0" y="829.0" left_validation="1" right_validation="1" left_pupil_diameter="2.963892397673234" right_pupil_diameter="2.909618211829144" timestamp="2018-02-09T16:09:11.551-05:00" session_time="6536852420" tracker_time="1518210551676" system_time="1518210551551" nano_time="1911322278155845" gazeId="47" duration="1200" path="C:\CodeSummarizationStudy\_tasks\Sequence 6\T8-SO.txt" line_height="15" font_height="10" line="7" col="29" line_base_x="414" line_base_y="790"/>
        <response name="T8-SO.txt" type="txt" x="525.0" y="844.0" left_validation="1" right_validation="1" left_pupil_diameter="2.968939644949777" right_pupil_diameter="2.9468252999441966" timestamp="2018-02-09T16:09:12.751-05:00" session_time="7736811218" tracker_time="1518210552875" system_time="1518210552751" nano_time="1911323478114643" gazeId="69" duration="182" path="C:\CodeSummarizationStudy\_tasks\Sequence 6\T8-SO.txt" line_height="15" font_height="10" line="10" col="10" line_base_x="414" line_base_y="835"/>
        <response name="T8-SO.txt" type="txt" x="703.0" y="850.0" left_validation="1" right_validation="1" left_pupil_diameter="2.970196892233456" right_pupil_diameter="2.9394459443933822" timestamp="2018-02-09T16:09:12.933-05:00" session_time="7920029164" tracker_time="1518210553059" system_time="1518210552933" nano_time="1911323661332589" gazeId="75" duration="951" path="C:\CodeSummarizationStudy\_tasks\Sequence 6\T8-SO.txt" line_height="15" font_height="10" line="11" col="33" line_base_x="414" line_base_y="850"/>
        <response name="T8-SO.txt" type="txt" x="458.0" y="840.0" left_validation="1" right_validation="1" left_pupil_diameter="2.9981408370168587" right_pupil_diameter="2.9223006399054277" timestamp="2018-02-09T16:09:13.884-05:00" session_time="8870006382" tracker_time="1518210554009" system_time="1518210553884" nano_time="1911324611309807" gazeId="91" duration="11598" path="C:\CodeSummarizationStudy\_tasks\Sequence 6\T8-SO.txt" line_height="15" font_height="10" line="10" col="8" line_base_x="414" line_base_y="835"/>
        <response name="T8-SO.txt" type="txt" x="467.0" y="898.0" left_validation="1" right_validation="1" left_pupil_diameter="3.0888956705729167" right_pupil_diameter="2.991197713216146" timestamp="2018-02-09T16:09:25.482-05:00" session_time="20468265876" tracker_time="1518210565607" system_time="1518210565482" nano_time="1911336209569301" gazeId="109" duration="450" path="C:\CodeSummarizationStudy\_tasks\Sequence 6\T8-SO.txt" line_height="15" font_height="10" line="14" col="11" line_base_x="414" line_base_y="895"/>
        <response name="T8-SO.txt" type="txt" x="665.0" y="872.0" left_validation="1" right_validation="1" left_pupil_diameter="3.1114027235243054" right_pupil_diameter="2.958382500542535" timestamp="2018-02-09T16:09:25.932-05:00" session_time="20918259040" tracker_time="1518210566057" system_time="1518210565932" nano_time="1911336659562465" gazeId="123" duration="951" path="C:\CodeSummarizationStudy\_tasks\Sequence 6\T8-SO.txt" line_height="15" font_height="10" line="12" col="12" line_base_x="414" line_base_y="865"/>
        <response name="T8-SO.txt" type="txt" x="787.0" y="872.5" left_validation="1" right_validation="1" left_pupil_diameter="3.091806411743164" right_pupil_diameter="3.058929443359375" timestamp="2018-02-09T16:09:26.883-05:00" session_time="21868307004" tracker_time="1518210567007" system_time="1518210566883" nano_time="1911337609610429" gazeId="131" duration="950" path="C:\CodeSummarizationStudy\_tasks\Sequence 6\T8-SO.txt" line_height="15" font_height="10" line="6" col="36" line_base_x="414" line_base_y="775"/>
        <response name="T8-SO.txt" type="txt" x="850.0" y="898.0" left_validation="1" right_validation="1" left_pupil_diameter="3.158050537109375" right_pupil_diameter="3.09287109375" timestamp="2018-02-09T16:09:27.833-05:00" session_time="22818335174" tracker_time="1518210567957" system_time="1518210567833" nano_time="1911338559638599" gazeId="138" duration="66" path="C:\CodeSummarizationStudy\_tasks\Sequence 6\T8-SO.txt" line_height="15" font_height="10" line="14" col="60" line_base_x="414" line_base_y="895"/>
        <response name="T8-SO.txt" type="txt" x="886.0" y="897.5" left_validation="1" right_validation="1" left_pupil_diameter="3.1623272365993924" right_pupil_diameter="3.0176213582356772" timestamp="2018-02-09T16:09:27.899-05:00" session_time="22884817657" tracker_time="1518210568023" system_time="1518210567899" nano_time="1911338626121082" gazeId="142" duration="5466" path="C:\CodeSummarizationStudy\_tasks\Sequence 6\T8-SO.txt" line_height="15" font_height="10" line="14" col="64" line_base_x="414" line_base_y="895"/>
        <response name="T8-SO.txt" type="txt" x="588.0" y="899.0" left_validation="1" right_validation="1" left_pupil_diameter="3.09012451171875" right_pupil_diameter="2.96696044921875" timestamp="2018-02-09T16:09:33.365-05:00" session_time="28350867303" tracker_time="1518210573489" system_time="1518210573365" nano_time="1911344092170728" gazeId="159" duration="400" path="C:\CodeSummarizationStudy\_tasks\Sequence 6\T8-SO.txt" line_height="15" font_height="10" line="14" col="40" line_base_x="414" line_base_y="895"/>
        <response name="T8-SO.txt" type="txt" x="611.0" y="863.0" left_validation="1" right_validation="1" left_pupil_diameter="3.0472966974431817" right_pupil_diameter="2.925351229580966" timestamp="2018-02-09T16:09:33.765-05:00" session_time="28750673099" tracker_time="1518210573889" system_time="1518210573765" nano_time="1911344491976524" gazeId="183" duration="2732" path="C:\CodeSummarizationStudy\_tasks\Sequence 6\T8-SO.txt" line_height="15" font_height="10" line="14" col="26" line_base_x="414" line_base_y="895"/>
        <response name="T8-SO.txt" type="txt" x="456.5" y="905.0" left_validation="1" right_validation="1" left_pupil_diameter="2.9423341751098633" right_pupil_diameter="2.889143943786621" timestamp="2018-02-09T16:09:36.497-05:00" session_time="31483826768" tracker_time="1518210576622" system_time="1518210576497" nano_time="1911347225130193" gazeId="193" duration="384" path="C:\CodeSummarizationStudy\_tasks\Sequence 6\T8-SO.txt" line_height="15" font_height="10" line="14" col="9" line_base_x="414" line_base_y="895"/>
        <response name="T8-SO.txt" type="txt" x="503.5" y="898.0" left_validation="1" right_validation="1" left_pupil_diameter="2.9553794860839844" right_pupil_diameter="2.887575149536133" timestamp="2018-02-09T16:09:36.881-05:00" session_time="31867122645" tracker_time="1518210577006" system_time="1518210576881" nano_time="1911347608426070" gazeId="208" duration="117" path="C:\CodeSummarizationStudy\_tasks\Sequence 6\T8-SO.txt" line_height="15" font_height="10" line="14" col="9" line_base_x="414" line_base_y="895"/>
        <response name="T8-SO.txt" type="txt" x="555.0" y="904.0" left_validation="1" right_validation="1" left_pupil_diameter="2.9591899198644303" right_pupil_diameter="2.892293593462776" timestamp="2018-02-09T16:09:36.998-05:00" session_time="31983708552" tracker_time="1518210577122" system_time="1518210576998" nano_time="1911347725011977" gazeId="215" duration="2366" path="C:\CodeSummarizationStudy\_tasks\Sequence 6\T8-SO.txt" line_height="15" font_height="10" line="14" col="17" line_base_x="414" line_base_y="895"/>
        <response name="netbeans platform - Dynamically Remove Node from ChildFactory.Detachable - Stack Overflow" type="browser" x="729.0" y="206.0" left_validation="1" right_validation="1" left_pupil_diameter="2.855236346905048" right_pupil_diameter="2.8125" timestamp="2018-02-09T16:09:39.364-05:00" session_time="34349813806" tracker_time="1518210579489" system_time="1518210579364" nano_time="1911350091117231" gazeId="231" duration="467" url="https://stackoverflow.com/questions/31539964/dynamically-remove-node-from-childfactory-detachable" Id="31539964">
            <soe part="QUESTION" part_number="1" type="TITLE" type_number="1"/>
        </response>
        <response name="netbeans platform - Dynamically Remove Node from ChildFactory.Detachable - Stack Overflow" type="browser" x="555.0" y="850.5" left_validation="1" right_validation="1" left_pupil_diameter="2.9490572611490884" right_pupil_diameter="2.976825714111328" timestamp="2018-02-09T16:09:39.831-05:00" session_time="34816732935" tracker_time="1518210579955" system_time="1518210579831" nano_time="1911350558036360" gazeId="256" duration="284" url="https://stackoverflow.com/questions/31539964/dynamically-remove-node-from-childfactory-detachable" Id="31539964">
            <soe part="QUESTION" part_number="1" type="TEXT" type_number="2"/>
        </response>
        <response name="T8-SO.txt" type="txt" x="467.5" y="852.5" left_validation="1" right_validation="1" left_pupil_diameter="3.0027442932128907" right_pupil_diameter="2.9740058898925783" timestamp="2018-02-09T16:09:40.115-05:00" session_time="35100984327" tracker_time="1518210580239" system_time="1518210580115" nano_time="1911350842287752" gazeId="267" duration="320" path="C:\CodeSummarizationStudy\_tasks\Sequence 6\T8-SO.txt" line_height="15" font_height="10" line="11" col="14" line_base_x="414" line_base_y="850"/>
        <response name="T8-SO.txt" type="txt" x="470.0" y="796.0" left_validation="1" right_validation="1" left_pupil_diameter="2.9417701134314904" right_pupil_diameter="2.911706777719351" timestamp="2018-02-09T16:09:40.435-05:00" session_time="35421237167" tracker_time="1518210580555" system_time="1518210580435" nano_time="1911351162540592" gazeId="286" duration="2779" path="C:\CodeSummarizationStudy\_tasks\Sequence 6\T8-SO.txt" line_height="15" font_height="10" line="9" col="8" line_base_x="414" line_base_y="820"/>
        <response name="netbeans platform - Dynamically Remove Node from ChildFactory.Detachable - Stack Overflow" type="browser" x="784.5" y="372.5" left_validation="1" right_validation="1" left_pupil_diameter="2.7993189493815103" right_pupil_diameter="2.7716471354166665" timestamp="2018-02-09T16:09:43.247-05:00" session_time="38232711780" tracker_time="1518210583372" system_time="1518210583247" nano_time="1911353974015205" gazeId="300" duration="7415" url="https://stackoverflow.com/questions/31539964/dynamically-remove-node-from-childfactory-detachable" Id="31539964">
            <soe part="QUESTION" part_number="1" type="CODE" type_number="4"/>
        </response>
        <response name="netbeans platform - Dynamically Remove Node from ChildFactory.Detachable - Stack Overflow" type="browser" x="877.0" y="355.0" left_validation="1" right_validation="1" left_pupil_diameter="2.7556610107421875" right_pupil_diameter="2.712282453264509" timestamp="2018-02-09T16:09:50.662-05:00" session_time="45648316000" tracker_time="1518210590787" system_time="1518210590662" nano_time="1911361389619425" gazeId="347" duration="101" url="https://stackoverflow.com/questions/31539964/dynamically-remove-node-from-childfactory-detachable" Id="31539964">
            <soe part="QUESTION" part_number="1" type="TEXT" type_number="1"/>
        </response>
        <response name="netbeans platform - Dynamically Remove Node from ChildFactory.Detachable - Stack Overflow" type="browser" x="930.5" y="345.5" left_validation="1" right_validation="1" left_pupil_diameter="2.763564215766059" right_pupil_diameter="2.7027765909830728" timestamp="2018-02-09T16:09:50.763-05:00" session_time="45748294116" tracker_time="1518210590887" system_time="1518210590763" nano_time="1911361489597541" gazeId="353" duration="282" url="https://stackoverflow.com/questions/31539964/dynamically-remove-node-from-childfactory-detachable" Id="31539964">
            <soe part="QUESTION" part_number="1" type="CODE" type_number="4"/>
        </response>
        <response name="netbeans platform - Dynamically Remove Node from ChildFactory.Detachable - Stack Overflow" type="browser" x="1005.0" y="356.0" left_validation="1" right_validation="1" left_pupil_diameter="2.7510875355113638" right_pupil_diameter="2.717093727805398" timestamp="2018-02-09T16:09:51.045-05:00" session_time="46031568989" tracker_time="1518210591171" system_time="1518210591045" nano_time="1911361772872414" gazeId="370" duration="168" url="https://stackoverflow.com/questions/31539964/dynamically-remove-node-from-childfactory-detachable" Id="31539964">
            <soe part="QUESTION" part_number="1" type="CODE" type_number="4"/>
        </response>
        <response name="netbeans platform - Dynamically Remove Node from ChildFactory.Detachable - Stack Overflow" type="browser" x="1047.5" y="347.0" left_validation="1" right_validation="1" left_pupil_diameter="2.7708816528320312" right_pupil_diameter="2.6998363071017795" timestamp="2018-02-09T16:09:51.213-05:00" session_time="46198270784" tracker_time="1518210591337" system_time="1518210591213" nano_time="1911361939574209" gazeId="380" duration="732" url="https://stackoverflow.com/questions/31539964/dynamically-remove-node-from-childfactory-detachable" Id="31539964">
            <soe part="QUESTION" part_number="1" type="CODE" type_number="4"/>
        </response>
        <response name="netbeans platform - Dynamically Remove Node from ChildFactory.Detachable - Stack Overflow" type="browser" x="995.0" y="346.0" left_validation="1" right_validation="1" left_pupil_diameter="2.7817982991536456" right_pupil_diameter="2.737171427408854" timestamp="2018-02-09T16:09:51.945-05:00" session_time="46931537355" tracker_time="1518210592070" system_time="1518210591945" nano_time="1911362672840780" gazeId="415" duration="550" url="https://stackoverflow.com/questions/31539964/dynamically-remove-node-from-childfactory-detachable" Id="31539964">
            <soe part="QUESTION" part_number="1" type="CODE" type_number="4"/>
        </response>
        <response name="T8-SO.txt" type="txt" x="655.0" y="785.0" left_validation="1" right_validation="1" left_pupil_diameter="3.0773277282714844" right_pupil_diameter="2.8764266967773438" timestamp="2018-02-09T16:09:52.495-05:00" session_time="47481483709" tracker_time="1518210592620" system_time="1518210592495" nano_time="1911363222787134" gazeId="429" duration="517" path="C:\CodeSummarizationStudy\_tasks\Sequence 6\T8-SO.txt" line_height="15" font_height="10" line="1" col="39" line_base_x="414" line_base_y="700"/>
        <response name="T8-SO.txt" type="txt" x="698.5" y="785.5" left_validation="1" right_validation="1" left_pupil_diameter="3.0548477172851562" right_pupil_diameter="2.8824127197265623" timestamp="2018-02-09T16:09:53.012-05:00" session_time="47998049894" tracker_time="1518210593137" system_time="1518210593012" nano_time="1911363739353319" gazeId="432" duration="700" path="C:\CodeSummarizationStudy\_tasks\Sequence 6\T8-SO.txt" line_height="15" font_height="10" line="7" col="38" line_base_x="414" line_base_y="790"/>
        <response name="T8-SO.txt" type="txt" x="833.0" y="706.0" left_validation="1" right_validation="1" left_pupil_diameter="2.9664545473845108" right_pupil_diameter="2.8214104693868887" timestamp="2018-02-09T16:09:53.712-05:00" session_time="48698081089" tracker_time="1518210593837" system_time="1518210593712" nano_time="1911364439384514" gazeId="441" duration="850" path="C:\CodeSummarizationStudy\_tasks\Sequence 6\T8-SO.txt" line_height="15" font_height="10" line="1" col="58" line_base_x="414" line_base_y="700"/>
        <response name="netbeans platform - Dynamically Remove Node from ChildFactory.Detachable - Stack Overflow" type="browser" x="939.0" y="366.0" left_validation="1" right_validation="1" left_pupil_diameter="2.751765324519231" right_pupil_diameter="2.6902700570913463" timestamp="2018-02-09T16:09:54.598-05:00" session_time="49583955174" tracker_time="1518210594720" system_time="1518210594598" nano_time="1911365325258599" gazeId="465" duration="731" url="https://stackoverflow.com/questions/31539964/dynamically-remove-node-from-childfactory-detachable" Id="31539964">
            <soe part="QUESTION" part_number="1" type="TEXT" type_number="2"/>
        </response>
        <response name="netbeans platform - Dynamically Remove Node from ChildFactory.Detachable - Stack Overflow" type="browser" x="1143.0" y="374.5" left_validation="1" right_validation="1" left_pupil_diameter="2.7575225830078125" right_pupil_diameter="2.7230012681749134" timestamp="2018-02-09T16:09:55.329-05:00" session_time="50314421217" tracker_time="1518210595453" system_time="1518210595329" nano_time="1911366055724642" gazeId="477" duration="282" url="https://stackoverflow.com/questions/31539964/dynamically-remove-node-from-childfactory-detachable" Id="31539964">
            <soe part="QUESTION" part_number="1" type="TEXT" type_number="1"/>
        </response>
        <response name="netbeans platform - Dynamically Remove Node from ChildFactory.Detachable - Stack Overflow" type="browser" x="1205.0" y="380.0" left_validation="1" right_validation="1" left_pupil_diameter="2.761283511207217" right_pupil_diameter="2.714694068545387" timestamp="2018-02-09T16:09:55.611-05:00" session_time="50597671897" tracker_time="1518210595737" system_time="1518210595611" nano_time="1911366338975322" gazeId="494" duration="334" url="https://stackoverflow.com/questions/31539964/dynamically-remove-node-from-childfactory-detachable" Id="31539964">
            <soe part="QUESTION" part_number="1" type="TEXT" type_number="1"/>
        </response>
        <response name="netbeans platform - Dynamically Remove Node from ChildFactory.Detachable - Stack Overflow" type="browser" x="973.0" y="398.0" left_validation="1" right_validation="1" left_pupil_diameter="2.7393829345703127" right_pupil_diameter="2.761578369140625" timestamp="2018-02-09T16:09:55.945-05:00" session_time="50930953789" tracker_time="1518210596070" system_time="1518210595945" nano_time="1911366672257214" gazeId="514" duration="67" url="https://stackoverflow.com/questions/31539964/dynamically-remove-node-from-childfactory-detachable" Id="31539964">
            <soe part="QUESTION" part_number="1" type="TEXT" type_number="1"/>
        </response>
        <response name="netbeans platform - Dynamically Remove Node from ChildFactory.Detachable - Stack Overflow" type="browser" x="728.5" y="419.0" left_validation="1" right_validation="1" left_pupil_diameter="2.6920667375837053" right_pupil_diameter="2.756404331752232" timestamp="2018-02-09T16:09:56.012-05:00" session_time="50997629815" tracker_time="1518210596137" system_time="1518210596012" nano_time="1911366738933240" gazeId="518" duration="216" url="https://stackoverflow.com/questions/31539964/dynamically-remove-node-from-childfactory-detachable" Id="31539964">
            <soe part="QUESTION" part_number="1" type="TEXT" type_number="1"/>
        </response>
        <response name="netbeans platform - Dynamically Remove Node from ChildFactory.Detachable - Stack Overflow" type="browser" x="787.0" y="411.0" left_validation="1" right_validation="1" left_pupil_diameter="2.7509620303199407" right_pupil_diameter="2.7532010759626115" timestamp="2018-02-09T16:09:56.228-05:00" session_time="51214251022" tracker_time="1518210596353" system_time="1518210596228" nano_time="1911366955554447" gazeId="531" duration="684" url="https://stackoverflow.com/questions/31539964/dynamically-remove-node-from-childfactory-detachable" Id="31539964">
            <soe part="QUESTION" part_number="1" type="CODE" type_number="1"/>
        </response>
        <response name="netbeans platform - Dynamically Remove Node from ChildFactory.Detachable - Stack Overflow" type="browser" x="840.0" y="467.0" left_validation="1" right_validation="1" left_pupil_diameter="2.790743741122159" right_pupil_diameter="2.734465165571733" timestamp="2018-02-09T16:09:56.912-05:00" session_time="51897532933" tracker_time="1518210597036" system_time="1518210596912" nano_time="1911367638836358" gazeId="572" duration="359" url="https://stackoverflow.com/questions/31539964/dynamically-remove-node-from-childfactory-detachable" Id="31539964">
            <soe part="QUESTION" part_number="1" type="TEXT" type_number="2"/>
        </response>
        <response name="netbeans platform - Dynamically Remove Node from ChildFactory.Detachable - Stack Overflow" type="browser" x="901.5" y="424.5" left_validation="1" right_validation="1" left_pupil_diameter="2.829369227091471" right_pupil_diameter="2.7627588907877603" timestamp="2018-02-09T16:09:57.271-05:00" session_time="52256638333" tracker_time="1518210597386" system_time="1518210597271" nano_time="1911367997941758" gazeId="593" duration="36369" url="https://stackoverflow.com/questions/31539964/dynamically-remove-node-from-childfactory-detachable" Id="31539964">
            <soe part="QUESTION" part_number="1" type="CODE" type_number="2"/>
        </response>
        <response name="T8-SO.txt" type="txt" x="609.0" y="791.0" left_validation="1" right_validation="1" left_pupil_diameter="3.14044189453125" right_pupil_diameter="3.1108627319335938" timestamp="2018-02-09T16:10:33.64-05:00" session_time="88626190729" tracker_time="1518210633765" system_time="1518210633640" nano_time="1911404367494154" gazeId="616" duration="83" path="C:\CodeSummarizationStudy\_tasks\Sequence 6\T8-SO.txt" line_height="15" font_height="10" line="1" col="36" line_base_x="414" line_base_y="700"/>
        <response name="T8-SO.txt" type="txt" x="620.0" y="863.0" left_validation="1" right_validation="1" left_pupil_diameter="3.0643086152918197" right_pupil_diameter="2.9773918600643383" timestamp="2018-02-09T16:10:33.723-05:00" session_time="88709521832" tracker_time="1518210633848" system_time="1518210633723" nano_time="1911404450825257" gazeId="619" duration="784" path="C:\CodeSummarizationStudy\_tasks\Sequence 6\T8-SO.txt" line_height="15" font_height="10" line="7" col="27" line_base_x="414" line_base_y="790"/>
        <response name="T8-SO.txt" type="txt" x="641.0" y="821.0" left_validation="1" right_validation="1" left_pupil_diameter="3.0526466369628906" right_pupil_diameter="2.9167633056640625" timestamp="2018-02-09T16:10:34.507-05:00" session_time="89492738239" tracker_time="1518210634632" system_time="1518210634507" nano_time="1911405234041664" gazeId="635" duration="167" path="C:\CodeSummarizationStudy\_tasks\Sequence 6\T8-SO.txt" line_height="15" font_height="10" line="11" col="34" line_base_x="414" line_base_y="850"/>
        <response name="T8-SO.txt" type="txt" x="666.0" y="742.0" left_validation="1" right_validation="1" left_pupil_diameter="2.8810653686523438" right_pupil_diameter="2.9378738403320312" timestamp="2018-02-09T16:10:34.674-05:00" session_time="89659379185" tracker_time="1518210634798" system_time="1518210634674" nano_time="1911405400682610" gazeId="638" duration="183" path="C:\CodeSummarizationStudy\_tasks\Sequence 6\T8-SO.txt" line_height="15" font_height="10" line="6" col="32" line_base_x="414" line_base_y="775"/>
        <response name="T8-SO.txt" type="txt" x="718.5" y="709.5" left_validation="1" right_validation="1" left_pupil_diameter="2.99368953704834" right_pupil_diameter="2.9152402877807617" timestamp="2018-02-09T16:10:34.857-05:00" session_time="89842618758" tracker_time="1518210634982" system_time="1518210634857" nano_time="1911405583922183" gazeId="641" duration="466" path="C:\CodeSummarizationStudy\_tasks\Sequence 6\T8-SO.txt" line_height="15" font_height="10" line="1" col="40" line_base_x="414" line_base_y="700"/>
        <response name="T8-SO.txt" type="txt" x="670.0" y="705.0" left_validation="1" right_validation="1" left_pupil_diameter="3.019876480102539" right_pupil_diameter="2.9091720581054688" timestamp="2018-02-09T16:10:35.323-05:00" session_time="90309663985" tracker_time="1518210635448" system_time="1518210635323" nano_time="1911406050967410" gazeId="656" duration="224" path="C:\CodeSummarizationStudy\_tasks\Sequence 6\T8-SO.txt" line_height="15" font_height="10" line="1" col="41" line_base_x="414" line_base_y="700"/>
        <response name="T8-SO.txt" type="txt" x="478.5" y="733.0" left_validation="1" right_validation="1" left_pupil_diameter="3.020531717936198" right_pupil_diameter="2.920099385579427" timestamp="2018-02-09T16:10:35.589-05:00" session_time="90575853438" tracker_time="1518210635715" system_time="1518210635589" nano_time="1911406317156863" gazeId="666" duration="2634" path="C:\CodeSummarizationStudy\_tasks\Sequence 6\T8-SO.txt" line_height="15" font_height="10" line="1" col="26" line_base_x="414" line_base_y="700"/>
        <response name="T8-SO.txt" type="txt" x="481.0" y="846.0" left_validation="1" right_validation="1" left_pupil_diameter="3.046999250139509" right_pupil_diameter="2.951704842703683" timestamp="2018-02-09T16:10:38.223-05:00" session_time="93209075911" tracker_time="1518210638348" system_time="1518210638223" nano_time="1911408950379336" gazeId="695" duration="217" path="C:\CodeSummarizationStudy\_tasks\Sequence 6\T8-SO.txt" line_height="15" font_height="10" line="9" col="9" line_base_x="414" line_base_y="820"/>
        <response name="T8-SO.txt" type="txt" x="615.5" y="844.5" left_validation="1" right_validation="1" left_pupil_diameter="3.0804367065429688" right_pupil_diameter="2.996027628580729" timestamp="2018-02-09T16:10:38.44-05:00" session_time="93425737806" tracker_time="1518210638565" system_time="1518210638440" nano_time="1911409167041231" gazeId="708" duration="1150" path="C:\CodeSummarizationStudy\_tasks\Sequence 6\T8-SO.txt" line_height="15" font_height="10" line="10" col="16" line_base_x="414" line_base_y="835"/>
        <response name="T8-SO.txt" type="txt" x="714.0" y="854.5" left_validation="1" right_validation="1" left_pupil_diameter="3.1519775390625" right_pupil_diameter="3.0511449178059897" timestamp="2018-02-09T16:10:39.59-05:00" session_time="94575466349" tracker_time="1518210639714" system_time="1518210639590" nano_time="1911410316769774" gazeId="713" duration="3099" path="C:\CodeSummarizationStudy\_tasks\Sequence 6\T8-SO.txt" line_height="15" font_height="10" line="11" col="44" line_base_x="414" line_base_y="850"/>
        <response name="T8-SO.txt" type="txt" x="660.0" y="780.0" left_validation="1" right_validation="1" left_pupil_diameter="3.1960928780691966" right_pupil_diameter="3.064666748046875" timestamp="2018-02-09T16:10:42.689-05:00" session_time="97675173576" tracker_time="1518210642814" system_time="1518210642689" nano_time="1911413416477001" gazeId="718" duration="466" path="C:\CodeSummarizationStudy\_tasks\Sequence 6\T8-SO.txt" line_height="15" font_height="10" line="1" col="35" line_base_x="414" line_base_y="700"/>
        <response name="T8-SO.txt" type="txt" x="678.0" y="850.0" left_validation="1" right_validation="1" left_pupil_diameter="3.1002589634486606" right_pupil_diameter="2.9690769740513394" timestamp="2018-02-09T16:10:43.155-05:00" session_time="98141609212" tracker_time="1518210643281" system_time="1518210643155" nano_time="1911413882912637" gazeId="724" duration="16615" path="C:\CodeSummarizationStudy\_tasks\Sequence 6\T8-SO.txt" line_height="15" font_height="10" line="7" col="36" line_base_x="414" line_base_y="790"/>
        <response name="T8-SO.txt" type="txt" x="672.0" y="459.5" left_validation="1" right_validation="1" left_pupil_diameter="2.9923267364501953" right_pupil_diameter="2.933013916015625" timestamp="2018-02-09T16:10:59.77-05:00" session_time="114756133028" tracker_time="1518210659895" system_time="1518210659770" nano_time="1911430497436453" gazeId="730" duration="1300" path="C:\CodeSummarizationStudy\_tasks\Sequence 6\T8-SO.txt" line_height="15" font_height="10" line="1" col="51" line_base_x="414" line_base_y="700"/>
        <response name="netbeans platform - Dynamically Remove Node from ChildFactory.Detachable - Stack Overflow" type="browser" x="663.5" y="232.0" left_validation="1" right_validation="1" left_pupil_diameter="2.9808998107910156" right_pupil_diameter="2.919921875" timestamp="2018-02-09T16:11:01.07-05:00" session_time="116055841209" tracker_time="1518210661195" system_time="1518210661070" nano_time="1911431797144634" gazeId="737" duration="421" url="https://stackoverflow.com/questions/31539964/dynamically-remove-node-from-childfactory-detachable" Id="31539964">
            <soe part="QUESTION" part_number="1" type="TITLE" type_number="1"/>
        </response>
        <response name="netbeans platform - Dynamically Remove Node from ChildFactory.Detachable - Stack Overflow" type="browser" x="715.0" y="380.0" left_validation="1" right_validation="1" left_pupil_diameter="2.939089093889509" right_pupil_diameter="2.9040055047898066" timestamp="2018-02-09T16:11:01.491-05:00" session_time="116476481614" tracker_time="1518210661612" system_time="1518210661491" nano_time="1911432217785039" gazeId="740" duration="362" url="https://stackoverflow.com/questions/31539964/dynamically-remove-node-from-childfactory-detachable" Id="31539964">
            <soe part="QUESTION" part_number="1" type="TEXT" type_number="1"/>
        </response>
        <response name="netbeans platform - Dynamically Remove Node from ChildFactory.Detachable - Stack Overflow" type="browser" x="761.0" y="223.0" left_validation="1" right_validation="1" left_pupil_diameter="2.8907480875651044" right_pupil_diameter="2.871476236979167" timestamp="2018-02-09T16:11:01.853-05:00" session_time="116839421244" tracker_time="1518210661978" system_time="1518210661853" nano_time="1911432580724669" gazeId="760" duration="6632" url="https://stackoverflow.com/questions/31539964/dynamically-remove-node-from-childfactory-detachable" Id="31539964">
            <soe part="QUESTION" part_number="1" type="TEXT" type_number="1"/>
        </response>
        <response name="netbeans platform - Dynamically Remove Node from ChildFactory.Detachable - Stack Overflow" type="browser" x="723.5" y="243.5" left_validation="1" right_validation="1" left_pupil_diameter="2.9052403767903647" right_pupil_diameter="2.8673299153645835" timestamp="2018-02-09T16:11:08.485-05:00" session_time="123471579956" tracker_time="1518210668611" system_time="1518210668485" nano_time="1911439212883381" gazeId="774" duration="1001" url="https://stackoverflow.com/questions/31539964/dynamically-remove-node-from-childfactory-detachable" Id="31539964">
            <soe part="QUESTION" part_number="1" type="TITLE" type_number="1"/>
        </response>
        <response name="netbeans platform - Dynamically Remove Node from ChildFactory.Detachable - Stack Overflow" type="browser" x="767.5" y="359.0" left_validation="1" right_validation="1" left_pupil_diameter="2.980225604513417" right_pupil_diameter="2.9762735781462295" timestamp="2018-02-09T16:11:09.486-05:00" session_time="124471780832" tracker_time="1518210669611" system_time="1518210669486" nano_time="1911440213084257" gazeId="779" duration="4917" url="https://stackoverflow.com/questions/31539964/dynamically-remove-node-from-childfactory-detachable" Id="31539964">
            <soe part="QUESTION" part_number="1" type="CODE" type_number="1"/>
        </response>
        <response name="netbeans platform - Dynamically Remove Node from ChildFactory.Detachable - Stack Overflow" type="browser" x="804.0" y="360.0" left_validation="1" right_validation="1" left_pupil_diameter="2.858672198127298" right_pupil_diameter="2.9063639921300553" timestamp="2018-02-09T16:11:14.403-05:00" session_time="129388586089" tracker_time="1518210674527" system_time="1518210674403" nano_time="1911445129889514" gazeId="824" duration="382" url="https://stackoverflow.com/questions/31539964/dynamically-remove-node-from-childfactory-detachable" Id="31539964">
            <soe part="QUESTION" part_number="1" type="TEXT" type_number="1"/>
        </response>
        <response name="netbeans platform - Dynamically Remove Node from ChildFactory.Detachable - Stack Overflow" type="browser" x="761.0" y="443.0" left_validation="1" right_validation="1" left_pupil_diameter="2.8978396329012783" right_pupil_diameter="2.930148037997159" timestamp="2018-02-09T16:11:14.785-05:00" session_time="129770803543" tracker_time="1518210674910" system_time="1518210674785" nano_time="1911445512106968" gazeId="840" duration="167" url="https://stackoverflow.com/questions/31539964/dynamically-remove-node-from-childfactory-detachable" Id="31539964">
            <soe part="QUESTION" part_number="1" type="TEXT" type_number="2"/>
        </response>
        <response name="netbeans platform - Dynamically Remove Node from ChildFactory.Detachable - Stack Overflow" type="browser" x="733.0" y="409.0" left_validation="1" right_validation="1" left_pupil_diameter="2.8946685791015625" right_pupil_diameter="2.9373779296875" timestamp="2018-02-09T16:11:14.952-05:00" session_time="129937370077" tracker_time="1518210675077" system_time="1518210674952" nano_time="1911445678673502" gazeId="850" duration="133" url="https://stackoverflow.com/questions/31539964/dynamically-remove-node-from-childfactory-detachable" Id="31539964">
            <soe part="QUESTION" part_number="1" type="TEXT" type_number="2"/>
        </response>
        <response name="netbeans platform - Dynamically Remove Node from ChildFactory.Detachable - Stack Overflow" type="browser" x="724.0" y="369.0" left_validation="1" right_validation="1" left_pupil_diameter="2.9462992350260415" right_pupil_diameter="2.9427154541015623" timestamp="2018-02-09T16:11:15.085-05:00" session_time="130070727995" tracker_time="1518210675210" system_time="1518210675085" nano_time="1911445812031420" gazeId="858" duration="600" url="https://stackoverflow.com/questions/31539964/dynamically-remove-node-from-childfactory-detachable" Id="31539964">
            <soe part="QUESTION" part_number="1" type="CODE" type_number="1"/>
        </response>
        <response name="netbeans platform - Dynamically Remove Node from ChildFactory.Detachable - Stack Overflow" type="browser" x="623.0" y="897.0" left_validation="1" right_validation="1" left_pupil_diameter="3.09783935546875" right_pupil_diameter="3.0060613295611214" timestamp="2018-02-09T16:11:15.685-05:00" session_time="130671449680" tracker_time="1518210675810" system_time="1518210675685" nano_time="1911446412753105" gazeId="872" duration="484" url="https://stackoverflow.com/questions/31539964/dynamically-remove-node-from-childfactory-detachable" Id="31539964">
            <soe part="QUESTION" part_number="1" type="CODE" type_number="4"/>
        </response>
        <response name="T8-SO.txt" type="txt" x="709.0" y="902.5" left_validation="1" right_validation="1" left_pupil_diameter="3.1145197550455728" right_pupil_diameter="3.021783192952474" timestamp="2018-02-09T16:11:16.169-05:00" session_time="131155478423" tracker_time="1518210676293" system_time="1518210676169" nano_time="1911446896781848" gazeId="888" duration="183" path="C:\CodeSummarizationStudy\_tasks\Sequence 6\T8-SO.txt" line_height="15" font_height="10" line="14" col="37" line_base_x="414" line_base_y="895"/>
        <response name="T8-SO.txt" type="txt" x="749.0" y="897.0" left_validation="1" right_validation="1" left_pupil_diameter="3.0953250461154513" right_pupil_diameter="3.08274163140191" timestamp="2018-02-09T16:11:16.352-05:00" session_time="131337325064" tracker_time="1518210676476" system_time="1518210676352" nano_time="1911447078628489" gazeId="899" duration="216" path="C:\CodeSummarizationStudy\_tasks\Sequence 6\T8-SO.txt" line_height="15" font_height="10" line="14" col="47" line_base_x="414" line_base_y="895"/>
        <response name="T8-SO.txt" type="txt" x="765.0" y="861.0" left_validation="1" right_validation="1" left_pupil_diameter="3.1103913680366846" right_pupil_diameter="3.0809545102326767" timestamp="2018-02-09T16:11:16.568-05:00" session_time="131553947370" tracker_time="1518210676693" system_time="1518210676568" nano_time="1911447295250795" gazeId="907" duration="500" path="C:\CodeSummarizationStudy\_tasks\Sequence 6\T8-SO.txt" line_height="15" font_height="10" line="12" col="50" line_base_x="414" line_base_y="865"/>
        <response name="T8-SO.txt" type="txt" x="471.0" y="789.0" left_validation="1" right_validation="1" left_pupil_diameter="3.1535909901494565" right_pupil_diameter="3.087532375169837" timestamp="2018-02-09T16:11:17.068-05:00" session_time="132053977612" tracker_time="1518210677193" system_time="1518210677068" nano_time="1911447795281037" gazeId="929" duration="366" path="C:\CodeSummarizationStudy\_tasks\Sequence 6\T8-SO.txt" line_height="15" font_height="10" line="7" col="26" line_base_x="414" line_base_y="790"/>
        <response name="T8-SO.txt" type="txt" x="428.0" y="784.0" left_validation="1" right_validation="1" left_pupil_diameter="3.038346354166667" right_pupil_diameter="3.052874755859375" timestamp="2018-02-09T16:11:17.434-05:00" session_time="132420546565" tracker_time="1518210677560" system_time="1518210677434" nano_time="1911448161849990" gazeId="951" duration="617" path="C:\CodeSummarizationStudy\_tasks\Sequence 6\T8-SO.txt" line_height="15" font_height="10" line="6" col="4" line_base_x="414" line_base_y="775"/>
        <response name="netbeans platform - Dynamically Remove Node from ChildFactory.Detachable - Stack Overflow" type="browser" x="996.0" y="305.0" left_validation="1" right_validation="1" left_pupil_diameter="2.897154645221989" right_pupil_diameter="2.829050575814596" timestamp="2018-02-09T16:11:18.051-05:00" session_time="133037017922" tracker_time="1518210678176" system_time="1518210678051" nano_time="1911448778321347" gazeId="965" duration="3167" url="https://stackoverflow.com/questions/31539964/dynamically-remove-node-from-childfactory-detachable" Id="31539964">
            <soe part="QUESTION" part_number="1" type="VOTE" type_number="1"/>
        </response>
        <response name="netbeans platform - Dynamically Remove Node from ChildFactory.Detachable - Stack Overflow" type="browser" x="1061.0" y="307.5" left_validation="1" right_validation="1" left_pupil_diameter="2.8762215508355036" right_pupil_diameter="2.8160569932725696" timestamp="2018-02-09T16:11:21.218-05:00" session_time="136203264082" tracker_time="1518210681342" system_time="1518210681218" nano_time="1911451944567507" gazeId="1005" duration="283" url="https://stackoverflow.com/questions/31539964/dynamically-remove-node-from-childfactory-detachable" Id="31539964">
            <soe part="QUESTION" part_number="1" type="TEXT" type_number="1"/>
        </response>
        <response name="netbeans platform - Dynamically Remove Node from ChildFactory.Detachable - Stack Overflow" type="browser" x="966.5" y="300.0" left_validation="1" right_validation="1" left_pupil_diameter="2.8683908635919746" right_pupil_diameter="2.8165414983575996" timestamp="2018-02-09T16:11:21.501-05:00" session_time="136486535289" tracker_time="1518210681626" system_time="1518210681501" nano_time="1911452227838714" gazeId="1022" duration="349" url="https://stackoverflow.com/questions/31539964/dynamically-remove-node-from-childfactory-detachable" Id="31539964">
            <soe part="QUESTION" part_number="1" type="TEXT" type_number="1"/>
        </response>
        <response name="netbeans platform - Dynamically Remove Node from ChildFactory.Detachable - Stack Overflow" type="browser" x="1018.0" y="303.0" left_validation="1" right_validation="1" left_pupil_diameter="2.859949384416853" right_pupil_diameter="2.7857022966657365" timestamp="2018-02-09T16:11:21.85-05:00" session_time="136836515513" tracker_time="1518210681976" system_time="1518210681850" nano_time="1911452577818938" gazeId="1043" duration="450" url="https://stackoverflow.com/questions/31539964/dynamically-remove-node-from-childfactory-detachable" Id="31539964">
            <soe part="QUESTION" part_number="1" type="TEXT" type_number="1"/>
        </response>
        <response name="netbeans platform - Dynamically Remove Node from ChildFactory.Detachable - Stack Overflow" type="browser" x="1083.5" y="308.5" left_validation="1" right_validation="1" left_pupil_diameter="2.857269287109375" right_pupil_diameter="2.8094410366482205" timestamp="2018-02-09T16:11:22.3-05:00" session_time="137286458824" tracker_time="1518210682426" system_time="1518210682300" nano_time="1911453027762249" gazeId="1070" duration="584" url="https://stackoverflow.com/questions/31539964/dynamically-remove-node-from-childfactory-detachable" Id="31539964">
            <soe part="QUESTION" part_number="1" type="TEXT" type_number="1"/>
        </response>
        <response name="netbeans platform - Dynamically Remove Node from ChildFactory.Detachable - Stack Overflow" type="browser" x="763.5" y="339.5" left_validation="1" right_validation="1" left_pupil_diameter="2.8393222263881137" right_pupil_diameter="2.8495276314871654" timestamp="2018-02-09T16:11:22.917-05:00" session_time="137903107963" tracker_time="1518210683042" system_time="1518210682917" nano_time="1911453644411388" gazeId="1107" duration="450" url="https://stackoverflow.com/questions/31539964/dynamically-remove-node-from-childfactory-detachable" Id="31539964">
            <soe part="QUESTION" part_number="1" type="CODE" type_number="2"/>
        </response>
        <response name="netbeans platform - Dynamically Remove Node from ChildFactory.Detachable - Stack Overflow" type="browser" x="853.0" y="344.0" left_validation="1" right_validation="1" left_pupil_diameter="2.8224029541015625" right_pupil_diameter="2.8249267578125" timestamp="2018-02-09T16:11:23.367-05:00" session_time="138352986027" tracker_time="1518210683492" system_time="1518210683367" nano_time="1911454094289452" gazeId="1134" duration="67" url="https://stackoverflow.com/questions/31539964/dynamically-remove-node-from-childfactory-detachable" Id="31539964">
            <soe part="QUESTION" part_number="1" type="CODE" type_number="2"/>
        </response>
        <response name="netbeans platform - Dynamically Remove Node from ChildFactory.Detachable - Stack Overflow" type="browser" x="926.5" y="331.0" left_validation="1" right_validation="1" left_pupil_diameter="2.8078598022460937" right_pupil_diameter="2.7864084879557294" timestamp="2018-02-09T16:11:23.434-05:00" session_time="138419637860" tracker_time="1518210683559" system_time="1518210683434" nano_time="1911454160941285" gazeId="1138" duration="483" url="https://stackoverflow.com/questions/31539964/dynamically-remove-node-from-childfactory-detachable" Id="31539964">
            <soe part="QUESTION" part_number="1" type="CODE" type_number="2"/>
        </response>
        <response name="netbeans platform - Dynamically Remove Node from ChildFactory.Detachable - Stack Overflow" type="browser" x="807.5" y="378.5" left_validation="1" right_validation="1" left_pupil_diameter="2.8020668029785156" right_pupil_diameter="2.83840274810791" timestamp="2018-02-09T16:11:23.917-05:00" session_time="138902963905" tracker_time="1518210684042" system_time="1518210683917" nano_time="1911454644267330" gazeId="1167" duration="249" url="https://stackoverflow.com/questions/31539964/dynamically-remove-node-from-childfactory-detachable" Id="31539964">
            <soe part="QUESTION" part_number="1" type="CODE" type_number="2"/>
        </response>
        <response name="netbeans platform - Dynamically Remove Node from ChildFactory.Detachable - Stack Overflow" type="browser" x="778.0" y="413.0" left_validation="1" right_validation="1" left_pupil_diameter="2.8177381243024553" right_pupil_diameter="2.808954874674479" timestamp="2018-02-09T16:11:24.166-05:00" session_time="139152876572" tracker_time="1518210684292" system_time="1518210684166" nano_time="1911454894179997" gazeId="1182" duration="334" url="https://stackoverflow.com/questions/31539964/dynamically-remove-node-from-childfactory-detachable" Id="31539964">
            <soe part="QUESTION" part_number="1" type="CODE" type_number="4"/>
        </response>
        <response name="netbeans platform - Dynamically Remove Node from ChildFactory.Detachable - Stack Overflow" type="browser" x="843.0" y="413.0" left_validation="1" right_validation="1" left_pupil_diameter="2.787633260091146" right_pupil_diameter="2.800128173828125" timestamp="2018-02-09T16:11:24.5-05:00" session_time="139486122541" tracker_time="1518210684625" system_time="1518210684500" nano_time="1911455227425966" gazeId="1202" duration="234" url="https://stackoverflow.com/questions/31539964/dynamically-remove-node-from-childfactory-detachable" Id="31539964">
            <soe part="QUESTION" part_number="1" type="CODE" type_number="4"/>
        </response>
        <response name="netbeans platform - Dynamically Remove Node from ChildFactory.Detachable - Stack Overflow" type="browser" x="901.0" y="402.5" left_validation="1" right_validation="1" left_pupil_diameter="2.7706851959228516" right_pupil_diameter="2.7598609924316406" timestamp="2018-02-09T16:11:24.734-05:00" session_time="139719433282" tracker_time="1518210684859" system_time="1518210684734" nano_time="1911455460736707" gazeId="1216" duration="249" url="https://stackoverflow.com/questions/31539964/dynamically-remove-node-from-childfactory-detachable" Id="31539964">
            <soe part="QUESTION" part_number="1" type="CODE" type_number="4"/>
        </response>
        <response name="netbeans platform - Dynamically Remove Node from ChildFactory.Detachable - Stack Overflow" type="browser" x="813.0" y="426.0" left_validation="1" right_validation="1" left_pupil_diameter="2.7664513838918587" right_pupil_diameter="2.7624792801706413" timestamp="2018-02-09T16:11:24.983-05:00" session_time="139969408264" tracker_time="1518210685109" system_time="1518210684983" nano_time="1911455710711689" gazeId="1231" duration="300" url="https://stackoverflow.com/questions/31539964/dynamically-remove-node-from-childfactory-detachable" Id="31539964">
            <soe part="QUESTION" part_number="1" type="CODE" type_number="4"/>
        </response>
        <response name="netbeans platform - Dynamically Remove Node from ChildFactory.Detachable - Stack Overflow" type="browser" x="851.0" y="435.0" left_validation="1" right_validation="1" left_pupil_diameter="2.7717951724403784" right_pupil_diameter="2.767105905633224" timestamp="2018-02-09T16:11:25.283-05:00" session_time="140269363874" tracker_time="1518210685409" system_time="1518210685283" nano_time="1911456010667299" gazeId="1249" duration="300" url="https://stackoverflow.com/questions/31539964/dynamically-remove-node-from-childfactory-detachable" Id="31539964">
            <soe part="QUESTION" part_number="1" type="CODE" type_number="4"/>
        </response>
        <response name="netbeans platform - Dynamically Remove Node from ChildFactory.Detachable - Stack Overflow" type="browser" x="814.0" y="479.0" left_validation="1" right_validation="1" left_pupil_diameter="2.8268607003348216" right_pupil_diameter="2.8120785667782737" timestamp="2018-02-09T16:11:25.583-05:00" session_time="140569374834" tracker_time="1518210685709" system_time="1518210685583" nano_time="1911456310678259" gazeId="1267" duration="334" url="https://stackoverflow.com/questions/31539964/dynamically-remove-node-from-childfactory-detachable" Id="31539964">
            <soe part="QUESTION" part_number="1" type="CODE" type_number="4"/>
        </response>
        <response name="netbeans platform - Dynamically Remove Node from ChildFactory.Detachable - Stack Overflow" type="browser" x="905.0" y="485.0" left_validation="1" right_validation="1" left_pupil_diameter="2.7987254749644888" right_pupil_diameter="2.7975283536044033" timestamp="2018-02-09T16:11:25.917-05:00" session_time="140902651595" tracker_time="1518210686042" system_time="1518210685917" nano_time="1911456643955020" gazeId="1287" duration="167" url="https://stackoverflow.com/questions/31539964/dynamically-remove-node-from-childfactory-detachable" Id="31539964">
            <soe part="QUESTION" part_number="1" type="CODE" type_number="4"/>
        </response>
        <response name="netbeans platform - Dynamically Remove Node from ChildFactory.Detachable - Stack Overflow" type="browser" x="812.5" y="472.5" left_validation="1" right_validation="1" left_pupil_diameter="2.8047666549682617" right_pupil_diameter="2.812312126159668" timestamp="2018-02-09T16:11:26.084-05:00" session_time="141069594954" tracker_time="1518210686208" system_time="1518210686084" nano_time="1911456810898379" gazeId="1297" duration="250" url="https://stackoverflow.com/questions/31539964/dynamically-remove-node-from-childfactory-detachable" Id="31539964">
            <soe part="QUESTION" part_number="1" type="CODE" type_number="4"/>
        </response>
        <response name="netbeans platform - Dynamically Remove Node from ChildFactory.Detachable - Stack Overflow" type="browser" x="851.0" y="324.0" left_validation="1" right_validation="1" left_pupil_diameter="2.7950204702524037" right_pupil_diameter="2.782099797175481" timestamp="2018-02-09T16:11:26.334-05:00" session_time="141319277054" tracker_time="1518210686458" system_time="1518210686334" nano_time="1911457060580479" gazeId="1312" duration="200" url="https://stackoverflow.com/questions/31539964/dynamically-remove-node-from-childfactory-detachable" Id="31539964">
            <soe part="QUESTION" part_number="1" type="TEXT" type_number="2"/>
        </response>
        <response name="netbeans platform - Dynamically Remove Node from ChildFactory.Detachable - Stack Overflow" type="browser" x="896.0" y="328.0" left_validation="1" right_validation="1" left_pupil_diameter="2.8215716552734373" right_pupil_diameter="2.78985107421875" timestamp="2018-02-09T16:11:26.534-05:00" session_time="141519292303" tracker_time="1518210686658" system_time="1518210686534" nano_time="1911457260595728" gazeId="1324" duration="399" url="https://stackoverflow.com/questions/31539964/dynamically-remove-node-from-childfactory-detachable" Id="31539964">
            <soe part="QUESTION" part_number="1" type="TEXT" type_number="1"/>
        </response>
        <response name="netbeans platform - Dynamically Remove Node from ChildFactory.Detachable - Stack Overflow" type="browser" x="724.5" y="381.0" left_validation="1" right_validation="1" left_pupil_diameter="2.8118907383510043" right_pupil_diameter="2.8106416974748885" timestamp="2018-02-09T16:11:26.933-05:00" session_time="141919200003" tracker_time="1518210687058" system_time="1518210686933" nano_time="1911457660503428" gazeId="1348" duration="234" url="https://stackoverflow.com/questions/31539964/dynamically-remove-node-from-childfactory-detachable" Id="31539964">
            <soe part="QUESTION" part_number="1" type="TEXT" type_number="2"/>
        </response>
        <response name="netbeans platform - Dynamically Remove Node from ChildFactory.Detachable - Stack Overflow" type="browser" x="766.5" y="368.0" left_validation="1" right_validation="1" left_pupil_diameter="2.786950429280599" right_pupil_diameter="2.7592786153157554" timestamp="2018-02-09T16:11:27.167-05:00" session_time="142152433033" tracker_time="1518210687292" system_time="1518210687167" nano_time="1911457893736458" gazeId="1361" duration="183" url="https://stackoverflow.com/questions/31539964/dynamically-remove-node-from-childfactory-detachable" Id="31539964">
            <soe part="QUESTION" part_number="1" type="TEXT" type_number="2"/>
        </response>
        <response name="netbeans platform - Dynamically Remove Node from ChildFactory.Detachable - Stack Overflow" type="browser" x="831.0" y="357.0" left_validation="1" right_validation="1" left_pupil_diameter="2.7623983529897838" right_pupil_diameter="2.7679419884314904" timestamp="2018-02-09T16:11:27.35-05:00" session_time="142335765712" tracker_time="1518210687475" system_time="1518210687350" nano_time="1911458077069137" gazeId="1372" duration="200" url="https://stackoverflow.com/questions/31539964/dynamically-remove-node-from-childfactory-detachable" Id="31539964">
            <soe part="QUESTION" part_number="1" type="CODE" type_number="2"/>
        </response>
        <response name="netbeans platform - Dynamically Remove Node from ChildFactory.Detachable - Stack Overflow" type="browser" x="890.0" y="354.0" left_validation="1" right_validation="1" left_pupil_diameter="2.807880108173077" right_pupil_diameter="2.806182861328125" timestamp="2018-02-09T16:11:27.55-05:00" session_time="142535812119" tracker_time="1518210687675" system_time="1518210687550" nano_time="1911458277115544" gazeId="1384" duration="199" url="https://stackoverflow.com/questions/31539964/dynamically-remove-node-from-childfactory-detachable" Id="31539964">
            <soe part="QUESTION" part_number="1" type="CODE" type_number="2"/>
        </response>
        <response name="netbeans platform - Dynamically Remove Node from ChildFactory.Detachable - Stack Overflow" type="browser" x="871.5" y="415.5" left_validation="1" right_validation="1" left_pupil_diameter="2.825103759765625" right_pupil_diameter="2.8127822875976562" timestamp="2018-02-09T16:11:27.749-05:00" session_time="142735735361" tracker_time="1518210687875" system_time="1518210687749" nano_time="1911458477038786" gazeId="1396" duration="85" url="https://stackoverflow.com/questions/31539964/dynamically-remove-node-from-childfactory-detachable" Id="31539964">
            <soe part="QUESTION" part_number="1" type="CODE" type_number="4"/>
        </response>
        <response name="netbeans platform - Dynamically Remove Node from ChildFactory.Detachable - Stack Overflow" type="browser" x="852.0" y="449.0" left_validation="1" right_validation="1" left_pupil_diameter="2.8115252326516544" right_pupil_diameter="2.8310484044692097" timestamp="2018-02-09T16:11:27.834-05:00" session_time="142819542627" tracker_time="1518210687958" system_time="1518210687834" nano_time="1911458560846052" gazeId="1401" duration="267" url="https://stackoverflow.com/questions/31539964/dynamically-remove-node-from-childfactory-detachable" Id="31539964">
            <soe part="QUESTION" part_number="1" type="CODE" type_number="4"/>
        </response>
        <response name="netbeans platform - Dynamically Remove Node from ChildFactory.Detachable - Stack Overflow" type="browser" x="877.0" y="403.0" left_validation="1" right_validation="1" left_pupil_diameter="2.8131998697916667" right_pupil_diameter="2.776195271809896" timestamp="2018-02-09T16:11:28.101-05:00" session_time="143086277890" tracker_time="1518210688225" system_time="1518210688101" nano_time="1911458827581315" gazeId="1417" duration="232" url="https://stackoverflow.com/questions/31539964/dynamically-remove-node-from-childfactory-detachable" Id="31539964">
            <soe part="QUESTION" part_number="1" type="CODE" type_number="4"/>
        </response>
        <response name="netbeans platform - Dynamically Remove Node from ChildFactory.Detachable - Stack Overflow" type="browser" x="837.0" y="415.0" left_validation="1" right_validation="1" left_pupil_diameter="2.7997589111328125" right_pupil_diameter="2.80682373046875" timestamp="2018-02-09T16:11:28.333-05:00" session_time="143319010564" tracker_time="1518210688458" system_time="1518210688333" nano_time="1911459060313989" gazeId="1431" duration="134" url="https://stackoverflow.com/questions/31539964/dynamically-remove-node-from-childfactory-detachable" Id="31539964">
            <soe part="QUESTION" part_number="1" type="CODE" type_number="4"/>
        </response>
        <response name="netbeans platform - Dynamically Remove Node from ChildFactory.Detachable - Stack Overflow" type="browser" x="771.0" y="434.0" left_validation="1" right_validation="1" left_pupil_diameter="2.8029793875558036" right_pupil_diameter="2.8102713448660714" timestamp="2018-02-09T16:11:28.467-05:00" session_time="143452613344" tracker_time="1518210688591" system_time="1518210688467" nano_time="1911459193916769" gazeId="1439" duration="565" url="https://stackoverflow.com/questions/31539964/dynamically-remove-node-from-childfactory-detachable" Id="31539964">
            <soe part="QUESTION" part_number="1" type="CODE" type_number="4"/>
        </response>
        <response name="netbeans platform - Dynamically Remove Node from ChildFactory.Detachable - Stack Overflow" type="browser" x="817.0" y="430.0" left_validation="1" right_validation="1" left_pupil_diameter="2.767199271065848" right_pupil_diameter="2.7823412214006695" timestamp="2018-02-09T16:11:29.032-05:00" session_time="144018879371" tracker_time="1518210689158" system_time="1518210689032" nano_time="1911459760182796" gazeId="1473" duration="568" url="https://stackoverflow.com/questions/31539964/dynamically-remove-node-from-childfactory-detachable" Id="31539964">
            <soe part="QUESTION" part_number="1" type="CODE" type_number="4"/>
        </response>
        <response name="netbeans platform - Dynamically Remove Node from ChildFactory.Detachable - Stack Overflow" type="browser" x="857.5" y="410.5" left_validation="1" right_validation="1" left_pupil_diameter="2.808511734008789" right_pupil_diameter="2.7535457611083984" timestamp="2018-02-09T16:11:29.6-05:00" session_time="144585493999" tracker_time="1518210689725" system_time="1518210689600" nano_time="1911460326797424" gazeId="1507" duration="116" url="https://stackoverflow.com/questions/31539964/dynamically-remove-node-from-childfactory-detachable" Id="31539964">
            <soe part="QUESTION" part_number="1" type="CODE" type_number="4"/>
        </response>
        <response name="netbeans platform - Dynamically Remove Node from ChildFactory.Detachable - Stack Overflow" type="browser" x="908.0" y="402.0" left_validation="1" right_validation="1" left_pupil_diameter="2.778791728772615" right_pupil_diameter="2.7489848889802633" timestamp="2018-02-09T16:11:29.716-05:00" session_time="144702106298" tracker_time="1518210689841" system_time="1518210689716" nano_time="1911460443409723" gazeId="1514" duration="317" url="https://stackoverflow.com/questions/31539964/dynamically-remove-node-from-childfactory-detachable" Id="31539964">
            <soe part="QUESTION" part_number="1" type="CODE" type_number="4"/>
        </response>
        <response name="netbeans platform - Dynamically Remove Node from ChildFactory.Detachable - Stack Overflow" type="browser" x="843.5" y="365.5" left_validation="1" right_validation="1" left_pupil_diameter="2.789029121398926" right_pupil_diameter="2.771580696105957" timestamp="2018-02-09T16:11:30.066-05:00" session_time="145052039236" tracker_time="1518210690191" system_time="1518210690066" nano_time="1911460793342661" gazeId="1534" duration="252" url="https://stackoverflow.com/questions/31539964/dynamically-remove-node-from-childfactory-detachable" Id="31539964">
            <soe part="QUESTION" part_number="1" type="CODE" type_number="2"/>
        </response>
    </gazes>
</itrace-records>
