<?xml version="1.0" encoding="UTF-8" standalone="yes"?>
<itrace-records>
    <environment>
        <screen-size width="1920" height="1080"/>
    </environment>
    <gazes>
        <response name="T5-SO.txt" type="txt" x="490.5" y="738.0" left_validation="1" right_validation="1" left_pupil_diameter="2.0261522928873696" right_pupil_diameter="2.3812332153320312" timestamp="2018-02-12T13:48:48.657-05:00" session_time="2249389218" tracker_time="1518461327182" system_time="1518461328657" nano_time="2162099437277887" gazeId="5" duration="22863" path="C:\CodeSummarizationStudy\_tasks\Sequence 5\T5-SO.txt" line_height="15" font_height="10" line="3" col="11" line_base_x="414" line_base_y="730"/>
        <response name="T5-SO.txt" type="txt" x="511.0" y="435.0" left_validation="1" right_validation="1" left_pupil_diameter="2.202143351236979" right_pupil_diameter="2.3285649617513022" timestamp="2018-02-12T13:49:11.52-05:00" session_time="25112570595" tracker_time="1518461350046" system_time="1518461351520" nano_time="2162122300459264" gazeId="28" duration="21681" path="C:\CodeSummarizationStudy\_tasks\Sequence 5\T5-SO.txt" line_height="15" font_height="10" line="1" col="36" line_base_x="414" line_base_y="700"/>
        <response name="Project Explorer" type="view_part" x="274.0" y="237.0" left_validation="1" right_validation="1" left_pupil_diameter="2.224267142159598" right_pupil_diameter="2.3725062779017856" timestamp="2018-02-12T13:49:33.201-05:00" session_time="46793181374" tracker_time="1518461371727" system_time="1518461373201" nano_time="2162143981070043" gazeId="33" duration="149"/>
        <response name="Project Explorer" type="view_part" x="467.0" y="787.0" left_validation="1" right_validation="1" left_pupil_diameter="2.3534224660773027" right_pupil_diameter="2.3594207763671875" timestamp="2018-02-12T13:49:33.35-05:00" session_time="46943085134" tracker_time="1518461371877" system_time="1518461373350" nano_time="2162144130973803" gazeId="39" duration="1334"/>
        <response name="T5-SO.txt" type="txt" x="485.0" y="827.0" left_validation="1" right_validation="1" left_pupil_diameter="2.4063920241135817" right_pupil_diameter="2.4426116943359375" timestamp="2018-02-12T13:49:34.684-05:00" session_time="48276136826" tracker_time="1518461373210" system_time="1518461374684" nano_time="2162145464025495" gazeId="57" duration="716" path="C:\CodeSummarizationStudy\_tasks\Sequence 5\T5-SO.txt" line_height="15" font_height="10" line="7" col="11" line_base_x="414" line_base_y="790"/>
        <response name="T5-SO.txt" type="txt" x="639.0" y="708.5" left_validation="1" right_validation="1" left_pupil_diameter="2.3806749979654946" right_pupil_diameter="2.4039459228515625" timestamp="2018-02-12T13:49:35.4-05:00" session_time="48992986217" tracker_time="1518461373926" system_time="1518461375400" nano_time="2162146180874886" gazeId="69" duration="6467" path="C:\CodeSummarizationStudy\_tasks\Sequence 5\T5-SO.txt" line_height="15" font_height="10" line="10" col="11" line_base_x="414" line_base_y="835"/>
        <response name="authorization - How to get roles from principal in Apache Shiro? - Stack Overflow" type="browser" x="992.0" y="398.0" left_validation="1" right_validation="1" left_pupil_diameter="2.159798873098273" right_pupil_diameter="2.3342574270148027" timestamp="2018-02-12T13:49:41.867-05:00" session_time="55459156462" tracker_time="1518461380392" system_time="1518461381867" nano_time="2162152647045131" gazeId="80" duration="382" url="https://stackoverflow.com/questions/46032100/how-to-get-roles-from-principal-in-apache-shiro" Id="46032100">
            <soe part="QUESTION" part_number="1" type="CODE" type_number="1"/>
        </response>
        <response name="authorization - How to get roles from principal in Apache Shiro? - Stack Overflow" type="browser" x="755.0" y="495.0" left_validation="1" right_validation="1" left_pupil_diameter="2.235389463363155" right_pupil_diameter="2.2744593466481855" timestamp="2018-02-12T13:49:42.249-05:00" session_time="55841941352" tracker_time="1518461380775" system_time="1518461382249" nano_time="2162153029830021" gazeId="98" duration="500" url="https://stackoverflow.com/questions/46032100/how-to-get-roles-from-principal-in-apache-shiro" Id="46032100">
            <soe part="QUESTION" part_number="1" type="CODE" type_number="1"/>
        </response>
        <response name="authorization - How to get roles from principal in Apache Shiro? - Stack Overflow" type="browser" x="722.0" y="525.0" left_validation="1" right_validation="1" left_pupil_diameter="2.174902779715402" right_pupil_diameter="2.2213912237258184" timestamp="2018-02-12T13:49:42.749-05:00" session_time="56341970494" tracker_time="1518461381275" system_time="1518461382749" nano_time="2162153529859163" gazeId="128" duration="334" url="https://stackoverflow.com/questions/46032100/how-to-get-roles-from-principal-in-apache-shiro" Id="46032100">
            <soe part="QUESTION" part_number="1" type="TEXT" type_number="3"/>
        </response>
        <response name="authorization - How to get roles from principal in Apache Shiro? - Stack Overflow" type="browser" x="799.0" y="525.0" left_validation="1" right_validation="1" left_pupil_diameter="2.188929239908854" right_pupil_diameter="2.172562917073568" timestamp="2018-02-12T13:49:43.083-05:00" session_time="56675059576" tracker_time="1518461381609" system_time="1518461383083" nano_time="2162153862948245" gazeId="148" duration="184" url="https://stackoverflow.com/questions/46032100/how-to-get-roles-from-principal-in-apache-shiro" Id="46032100">
            <soe part="QUESTION" part_number="1" type="CODE" type_number="2"/>
        </response>
        <response name="authorization - How to get roles from principal in Apache Shiro? - Stack Overflow" type="browser" x="836.0" y="516.0" left_validation="1" right_validation="1" left_pupil_diameter="2.19036865234375" right_pupil_diameter="2.184655325753348" timestamp="2018-02-12T13:49:43.267-05:00" session_time="56858911306" tracker_time="1518461381792" system_time="1518461383267" nano_time="2162154046799975" gazeId="159" duration="99" url="https://stackoverflow.com/questions/46032100/how-to-get-roles-from-principal-in-apache-shiro" Id="46032100">
            <soe part="QUESTION" part_number="1" type="TEXT" type_number="3"/>
        </response>
        <response name="authorization - How to get roles from principal in Apache Shiro? - Stack Overflow" type="browser" x="869.0" y="481.0" left_validation="1" right_validation="1" left_pupil_diameter="2.194103843287418" right_pupil_diameter="2.1938605057565788" timestamp="2018-02-12T13:49:43.366-05:00" session_time="56958365973" tracker_time="1518461381892" system_time="1518461383366" nano_time="2162154146254642" gazeId="165" duration="299" url="https://stackoverflow.com/questions/46032100/how-to-get-roles-from-principal-in-apache-shiro" Id="46032100">
            <soe part="QUESTION" part_number="1" type="TEXT" type_number="3"/>
        </response>
        <response name="authorization - How to get roles from principal in Apache Shiro? - Stack Overflow" type="browser" x="962.0" y="384.0" left_validation="1" right_validation="1" left_pupil_diameter="2.1836605072021484" right_pupil_diameter="2.242659250895182" timestamp="2018-02-12T13:49:43.699-05:00" session_time="57291715313" tracker_time="1518461382225" system_time="1518461383699" nano_time="2162154479603982" gazeId="185" duration="384" url="https://stackoverflow.com/questions/46032100/how-to-get-roles-from-principal-in-apache-shiro" Id="46032100">
            <soe part="QUESTION" part_number="1" type="CODE" type_number="1"/>
        </response>
        <response name="authorization - How to get roles from principal in Apache Shiro? - Stack Overflow" type="browser" x="710.0" y="439.5" left_validation="1" right_validation="1" left_pupil_diameter="2.2152031792534723" right_pupil_diameter="2.256494310167101" timestamp="2018-02-12T13:49:44.083-05:00" session_time="57674912951" tracker_time="1518461382609" system_time="1518461384083" nano_time="2162154862801620" gazeId="208" duration="583" url="https://stackoverflow.com/questions/46032100/how-to-get-roles-from-principal-in-apache-shiro" Id="46032100">
            <soe part="QUESTION" part_number="1" type="CODE" type_number="1"/>
        </response>
        <response name="authorization - How to get roles from principal in Apache Shiro? - Stack Overflow" type="browser" x="719.0" y="486.0" left_validation="1" right_validation="1" left_pupil_diameter="2.235660129123264" right_pupil_diameter="2.2317301432291665" timestamp="2018-02-12T13:49:44.666-05:00" session_time="58258238739" tracker_time="1518461383192" system_time="1518461384666" nano_time="2162155446127408" gazeId="243" duration="134" url="https://stackoverflow.com/questions/46032100/how-to-get-roles-from-principal-in-apache-shiro" Id="46032100">
            <soe part="QUESTION" part_number="1" type="CODE" type_number="1"/>
        </response>
        <response name="authorization - How to get roles from principal in Apache Shiro? - Stack Overflow" type="browser" x="783.0" y="497.0" left_validation="1" right_validation="1" left_pupil_diameter="2.2273180926287615" right_pupil_diameter="2.2256560149016202" timestamp="2018-02-12T13:49:44.8-05:00" session_time="58392580874" tracker_time="1518461383325" system_time="1518461384800" nano_time="2162155580469543" gazeId="251" duration="433" url="https://stackoverflow.com/questions/46032100/how-to-get-roles-from-principal-in-apache-shiro" Id="46032100">
            <soe part="QUESTION" part_number="1" type="CODE" type_number="2"/>
        </response>
        <response name="authorization - How to get roles from principal in Apache Shiro? - Stack Overflow" type="browser" x="852.5" y="497.0" left_validation="1" right_validation="1" left_pupil_diameter="2.233917236328125" right_pupil_diameter="2.23262939453125" timestamp="2018-02-12T13:49:45.233-05:00" session_time="58825121323" tracker_time="1518461383758" system_time="1518461385233" nano_time="2162156013009992" gazeId="277" duration="150" url="https://stackoverflow.com/questions/46032100/how-to-get-roles-from-principal-in-apache-shiro" Id="46032100">
            <soe part="QUESTION" part_number="1" type="TEXT" type_number="3"/>
        </response>
        <response name="authorization - How to get roles from principal in Apache Shiro? - Stack Overflow" type="browser" x="950.0" y="507.0" left_validation="1" right_validation="1" left_pupil_diameter="2.255647447374132" right_pupil_diameter="2.262137518988715" timestamp="2018-02-12T13:49:45.383-05:00" session_time="58974869660" tracker_time="1518461383908" system_time="1518461385383" nano_time="2162156162758329" gazeId="286" duration="399" url="https://stackoverflow.com/questions/46032100/how-to-get-roles-from-principal-in-apache-shiro" Id="46032100">
            <soe part="QUESTION" part_number="1" type="TEXT" type_number="3"/>
        </response>
        <response name="authorization - How to get roles from principal in Apache Shiro? - Stack Overflow" type="browser" x="1029.0" y="499.0" left_validation="1" right_validation="1" left_pupil_diameter="2.2210355486188615" right_pupil_diameter="2.241906302315848" timestamp="2018-02-12T13:49:45.782-05:00" session_time="59374798987" tracker_time="1518461384308" system_time="1518461385782" nano_time="2162156562687656" gazeId="303" duration="1650" url="https://stackoverflow.com/questions/46032100/how-to-get-roles-from-principal-in-apache-shiro" Id="46032100">
            <soe part="QUESTION" part_number="1" type="TEXT" type_number="3"/>
        </response>
        <response name="authorization - How to get roles from principal in Apache Shiro? - Stack Overflow" type="browser" x="797.0" y="473.0" left_validation="1" right_validation="1" left_pupil_diameter="2.2287842506586117" right_pupil_diameter="2.3208685586618825" timestamp="2018-02-12T13:49:47.432-05:00" session_time="61024625219" tracker_time="1518461385958" system_time="1518461387432" nano_time="2162158212513888" gazeId="316" duration="700" url="https://stackoverflow.com/questions/46032100/how-to-get-roles-from-principal-in-apache-shiro" Id="46032100">
            <soe part="QUESTION" part_number="1" type="CODE" type_number="1"/>
        </response>
        <response name="authorization - How to get roles from principal in Apache Shiro? - Stack Overflow" type="browser" x="734.0" y="459.0" left_validation="1" right_validation="1" left_pupil_diameter="2.228873859752308" right_pupil_diameter="2.274577400901101" timestamp="2018-02-12T13:49:48.132-05:00" session_time="61724397254" tracker_time="1518461386658" system_time="1518461388132" nano_time="2162158912285923" gazeId="358" duration="1684" url="https://stackoverflow.com/questions/46032100/how-to-get-roles-from-principal-in-apache-shiro" Id="46032100">
            <soe part="QUESTION" part_number="1" type="CODE" type_number="1"/>
        </response>
        <response name="T5-SO.txt" type="txt" x="497.0" y="797.0" left_validation="1" right_validation="1" left_pupil_diameter="2.4614596366882324" right_pupil_diameter="2.401407241821289" timestamp="2018-02-12T13:49:49.816-05:00" session_time="63407691262" tracker_time="1518461388341" system_time="1518461389816" nano_time="2162160595579931" gazeId="401" duration="533" path="C:\CodeSummarizationStudy\_tasks\Sequence 5\T5-SO.txt" line_height="15" font_height="10" line="7" col="12" line_base_x="414" line_base_y="790"/>
        <response name="T5-SO.txt" type="txt" x="552.0" y="788.0" left_validation="1" right_validation="1" left_pupil_diameter="2.2318455622746396" right_pupil_diameter="2.497681837815505" timestamp="2018-02-12T13:49:50.349-05:00" session_time="63941130996" tracker_time="1518461388874" system_time="1518461390349" nano_time="2162161129019665" gazeId="432" duration="500" path="C:\CodeSummarizationStudy\_tasks\Sequence 5\T5-SO.txt" line_height="15" font_height="10" line="6" col="15" line_base_x="414" line_base_y="775"/>
        <response name="authorization - How to get roles from principal in Apache Shiro? - Stack Overflow" type="browser" x="752.0" y="452.0" left_validation="1" right_validation="1" left_pupil_diameter="2.478724529868678" right_pupil_diameter="2.5841475035014905" timestamp="2018-02-12T13:49:50.849-05:00" session_time="64441082426" tracker_time="1518461389374" system_time="1518461390849" nano_time="2162161628971095" gazeId="444" duration="83" url="https://stackoverflow.com/questions/46032100/how-to-get-roles-from-principal-in-apache-shiro" Id="46032100">
            <soe part="QUESTION" part_number="1" type="CODE" type_number="1"/>
        </response>
        <response name="authorization - How to get roles from principal in Apache Shiro? - Stack Overflow" type="browser" x="788.0" y="428.5" left_validation="1" right_validation="1" left_pupil_diameter="2.309613037109375" right_pupil_diameter="2.4155364990234376" timestamp="2018-02-12T13:49:50.932-05:00" session_time="64524277535" tracker_time="1518461389458" system_time="1518461390932" nano_time="2162161712166204" gazeId="449" duration="12664" url="https://stackoverflow.com/questions/46032100/how-to-get-roles-from-principal-in-apache-shiro" Id="46032100">
            <soe part="QUESTION" part_number="1" type="TEXT" type_number="1"/>
        </response>
        <response name="Implement a Tomcat Realm with LDAP authentication and JDBC authorization - Stack Overflow" type="browser" x="938.5" y="405.0" left_validation="1" right_validation="1" left_pupil_diameter="2.0553455352783203" right_pupil_diameter="2.157716751098633" timestamp="2018-02-12T13:50:03.596-05:00" session_time="77189193261" tracker_time="1518461402123" system_time="1518461403596" nano_time="2162174377081930" gazeId="604" duration="118" url="https://stackoverflow.com/questions/1138450/implement-a-tomcat-realm-with-ldap-authentication-and-jdbc-authorization/2319514#2319514" Id="1138450">
            <soe part="ANSWER" part_number="2" type="CODE" type_number="1"/>
        </response>
        <response name="Implement a Tomcat Realm with LDAP authentication and JDBC authorization - Stack Overflow" type="browser" x="999.0" y="435.0" left_validation="1" right_validation="1" left_pupil_diameter="2.063772201538086" right_pupil_diameter="2.124591827392578" timestamp="2018-02-12T13:50:03.714-05:00" session_time="77305734448" tracker_time="1518461402239" system_time="1518461403714" nano_time="2162174493623117" gazeId="611" duration="249" url="https://stackoverflow.com/questions/1138450/implement-a-tomcat-realm-with-ldap-authentication-and-jdbc-authorization/2319514#2319514" Id="1138450">
            <soe part="ANSWER" part_number="2" type="CODE" type_number="1"/>
        </response>
        <response name="Implement a Tomcat Realm with LDAP authentication and JDBC authorization - Stack Overflow" type="browser" x="940.0" y="527.5" left_validation="1" right_validation="1" left_pupil_diameter="2.0971593856811523" right_pupil_diameter="2.1817216873168945" timestamp="2018-02-12T13:50:03.963-05:00" session_time="77555658478" tracker_time="1518461402489" system_time="1518461403963" nano_time="2162174743547147" gazeId="626" duration="250" url="https://stackoverflow.com/questions/1138450/implement-a-tomcat-realm-with-ldap-authentication-and-jdbc-authorization/2319514#2319514" Id="1138450">
            <soe part="ANSWER" part_number="2" type="CODE" type_number="1"/>
        </response>
        <response name="Implement a Tomcat Realm with LDAP authentication and JDBC authorization - Stack Overflow" type="browser" x="978.0" y="526.0" left_validation="1" right_validation="1" left_pupil_diameter="2.0822035845588234" right_pupil_diameter="2.1203640208524814" timestamp="2018-02-12T13:50:04.213-05:00" session_time="77805630528" tracker_time="1518461402739" system_time="1518461404213" nano_time="2162174993519197" gazeId="641" duration="267" url="https://stackoverflow.com/questions/1138450/implement-a-tomcat-realm-with-ldap-authentication-and-jdbc-authorization/2319514#2319514" Id="1138450">
            <soe part="ANSWER" part_number="2" type="CODE" type_number="1"/>
        </response>
        <response name="Implement a Tomcat Realm with LDAP authentication and JDBC authorization - Stack Overflow" type="browser" x="743.5" y="494.5" left_validation="1" right_validation="1" left_pupil_diameter="2.079084873199463" right_pupil_diameter="2.1179776191711426" timestamp="2018-02-12T13:50:04.48-05:00" session_time="78072262420" tracker_time="1518461403006" system_time="1518461404480" nano_time="2162175260151089" gazeId="657" duration="516" url="https://stackoverflow.com/questions/1138450/implement-a-tomcat-realm-with-ldap-authentication-and-jdbc-authorization/2319514#2319514" Id="1138450">
            <soe part="ANSWER" part_number="2" type="CODE" type_number="1"/>
        </response>
        <response name="Implement a Tomcat Realm with LDAP authentication and JDBC authorization - Stack Overflow" type="browser" x="776.5" y="517.0" left_validation="1" right_validation="1" left_pupil_diameter="2.10781192779541" right_pupil_diameter="2.1553268432617188" timestamp="2018-02-12T13:50:04.996-05:00" session_time="78588856098" tracker_time="1518461403523" system_time="1518461404996" nano_time="2162175776744767" gazeId="688" duration="517" url="https://stackoverflow.com/questions/1138450/implement-a-tomcat-realm-with-ldap-authentication-and-jdbc-authorization/2319514#2319514" Id="1138450">
            <soe part="ANSWER" part_number="2" type="CODE" type_number="1"/>
        </response>
        <response name="Implement a Tomcat Realm with LDAP authentication and JDBC authorization - Stack Overflow" type="browser" x="753.5" y="325.0" left_validation="1" right_validation="1" left_pupil_diameter="2.1637066927823154" right_pupil_diameter="2.2118266712535513" timestamp="2018-02-12T13:50:05.513-05:00" session_time="79105627192" tracker_time="1518461404039" system_time="1518461405513" nano_time="2162176293515861" gazeId="719" duration="350" url="https://stackoverflow.com/questions/1138450/implement-a-tomcat-realm-with-ldap-authentication-and-jdbc-authorization/2319514#2319514" Id="1138450">
            <soe part="ANSWER" part_number="2" type="CODE" type_number="1"/>
        </response>
        <response name="Implement a Tomcat Realm with LDAP authentication and JDBC authorization - Stack Overflow" type="browser" x="809.5" y="364.5" left_validation="1" right_validation="1" left_pupil_diameter="2.17535400390625" right_pupil_diameter="2.2499351501464844" timestamp="2018-02-12T13:50:05.863-05:00" session_time="79455466290" tracker_time="1518461404389" system_time="1518461405863" nano_time="2162176643354959" gazeId="740" duration="184" url="https://stackoverflow.com/questions/1138450/implement-a-tomcat-realm-with-ldap-authentication-and-jdbc-authorization/2319514#2319514" Id="1138450">
            <soe part="ANSWER" part_number="2" type="CODE" type_number="1"/>
        </response>
        <response name="Implement a Tomcat Realm with LDAP authentication and JDBC authorization - Stack Overflow" type="browser" x="749.5" y="470.5" left_validation="1" right_validation="1" left_pupil_diameter="2.1438741269318955" right_pupil_diameter="2.207414378290591" timestamp="2018-02-12T13:50:06.047-05:00" session_time="79639034302" tracker_time="1518461404572" system_time="1518461406047" nano_time="2162176826922971" gazeId="751" duration="749" url="https://stackoverflow.com/questions/1138450/implement-a-tomcat-realm-with-ldap-authentication-and-jdbc-authorization/2319514#2319514" Id="1138450">
            <soe part="ANSWER" part_number="2" type="CODE" type_number="1"/>
        </response>
        <response name="Implement a Tomcat Realm with LDAP authentication and JDBC authorization - Stack Overflow" type="browser" x="782.0" y="495.0" left_validation="1" right_validation="1" left_pupil_diameter="2.0987415313720703" right_pupil_diameter="2.1457996368408203" timestamp="2018-02-12T13:50:06.796-05:00" session_time="80388614681" tracker_time="1518461405322" system_time="1518461406796" nano_time="2162177576503350" gazeId="796" duration="117" url="https://stackoverflow.com/questions/1138450/implement-a-tomcat-realm-with-ldap-authentication-and-jdbc-authorization/2319514#2319514" Id="1138450">
            <soe part="ANSWER" part_number="2" type="CODE" type_number="1"/>
        </response>
        <response name="Implement a Tomcat Realm with LDAP authentication and JDBC authorization - Stack Overflow" type="browser" x="869.5" y="492.0" left_validation="1" right_validation="1" left_pupil_diameter="2.099546432495117" right_pupil_diameter="2.1388460795084634" timestamp="2018-02-12T13:50:06.913-05:00" session_time="80505335482" tracker_time="1518461405439" system_time="1518461406913" nano_time="2162177693224151" gazeId="803" duration="383" url="https://stackoverflow.com/questions/1138450/implement-a-tomcat-realm-with-ldap-authentication-and-jdbc-authorization/2319514#2319514" Id="1138450">
            <soe part="ANSWER" part_number="2" type="CODE" type_number="1"/>
        </response>
        <response name="Implement a Tomcat Realm with LDAP authentication and JDBC authorization - Stack Overflow" type="browser" x="737.0" y="321.0" left_validation="1" right_validation="1" left_pupil_diameter="2.1097213081691577" right_pupil_diameter="2.142805016559103" timestamp="2018-02-12T13:50:07.296-05:00" session_time="80888651887" tracker_time="1518461405822" system_time="1518461407296" nano_time="2162178076540556" gazeId="826" duration="367" url="https://stackoverflow.com/questions/1138450/implement-a-tomcat-realm-with-ldap-authentication-and-jdbc-authorization/2319514#2319514" Id="1138450">
            <soe part="ANSWER" part_number="2" type="CODE" type_number="1"/>
        </response>
        <response name="Implement a Tomcat Realm with LDAP authentication and JDBC authorization - Stack Overflow" type="browser" x="684.0" y="285.0" left_validation="1" right_validation="1" left_pupil_diameter="2.2528450705788354" right_pupil_diameter="2.2772341641512783" timestamp="2018-02-12T13:50:07.663-05:00" session_time="81255589601" tracker_time="1518461406189" system_time="1518461407663" nano_time="2162178443478270" gazeId="848" duration="1283" url="https://stackoverflow.com/questions/1138450/implement-a-tomcat-realm-with-ldap-authentication-and-jdbc-authorization/2319514#2319514" Id="1138450">
            <soe part="ANSWER" part_number="2" type="CODE" type_number="1"/>
        </response>
        <response name="Implement a Tomcat Realm with LDAP authentication and JDBC authorization - Stack Overflow" type="browser" x="749.0" y="455.0" left_validation="1" right_validation="1" left_pupil_diameter="2.214567638578869" right_pupil_diameter="2.2761957077752974" timestamp="2018-02-12T13:50:08.946-05:00" session_time="82538570858" tracker_time="1518461407472" system_time="1518461408946" nano_time="2162179726459527" gazeId="858" duration="683" url="https://stackoverflow.com/questions/1138450/implement-a-tomcat-realm-with-ldap-authentication-and-jdbc-authorization/2319514#2319514" Id="1138450">
            <soe part="ANSWER" part_number="2" type="CODE" type_number="1"/>
        </response>
        <response name="Implement a Tomcat Realm with LDAP authentication and JDBC authorization - Stack Overflow" type="browser" x="686.0" y="460.5" left_validation="1" right_validation="1" left_pupil_diameter="2.118441581726074" right_pupil_diameter="2.208846092224121" timestamp="2018-02-12T13:50:09.629-05:00" session_time="83221610472" tracker_time="1518461408155" system_time="1518461409629" nano_time="2162180409499141" gazeId="899" duration="250" url="https://stackoverflow.com/questions/1138450/implement-a-tomcat-realm-with-ldap-authentication-and-jdbc-authorization/2319514#2319514" Id="1138450">
            <soe part="ANSWER" part_number="2" type="CODE" type_number="1"/>
        </response>
        <response name="Implement a Tomcat Realm with LDAP authentication and JDBC authorization - Stack Overflow" type="browser" x="691.0" y="317.0" left_validation="1" right_validation="1" left_pupil_diameter="2.1005609130859373" right_pupil_diameter="2.2144195556640627" timestamp="2018-02-12T13:50:09.929-05:00" session_time="83521617034" tracker_time="1518461408455" system_time="1518461409929" nano_time="2162180709505703" gazeId="917" duration="400" url="https://stackoverflow.com/questions/1138450/implement-a-tomcat-realm-with-ldap-authentication-and-jdbc-authorization/2319514#2319514" Id="1138450">
            <soe part="ANSWER" part_number="2" type="CODE" type_number="1"/>
        </response>
        <response name="Implement a Tomcat Realm with LDAP authentication and JDBC authorization - Stack Overflow" type="browser" x="1259.0" y="398.0" left_validation="1" right_validation="1" left_pupil_diameter="2.1509876251220703" right_pupil_diameter="2.18743896484375" timestamp="2018-02-12T13:50:10.329-05:00" session_time="83921565422" tracker_time="1518461408855" system_time="1518461410329" nano_time="2162181109454091" gazeId="941" duration="550" url="https://stackoverflow.com/questions/1138450/implement-a-tomcat-realm-with-ldap-authentication-and-jdbc-authorization/2319514#2319514" Id="1138450">
            <soe part="ANSWER" part_number="2" type="CODE" type_number="1"/>
        </response>
        <response name="Implement a Tomcat Realm with LDAP authentication and JDBC authorization - Stack Overflow" type="browser" x="859.0" y="522.5" left_validation="1" right_validation="1" left_pupil_diameter="2.0964736938476562" right_pupil_diameter="2.146504211425781" timestamp="2018-02-12T13:50:10.879-05:00" session_time="84471390810" tracker_time="1518461409405" system_time="1518461410879" nano_time="2162181659279479" gazeId="956" duration="316" url="https://stackoverflow.com/questions/1138450/implement-a-tomcat-realm-with-ldap-authentication-and-jdbc-authorization/2319514#2319514" Id="1138450">
            <soe part="ANSWER" part_number="2" type="CODE" type_number="1"/>
        </response>
        <response name="Implement a Tomcat Realm with LDAP authentication and JDBC authorization - Stack Overflow" type="browser" x="802.5" y="526.0" left_validation="1" right_validation="1" left_pupil_diameter="2.103674146864149" right_pupil_diameter="2.1069098578559027" timestamp="2018-02-12T13:50:11.195-05:00" session_time="84788060880" tracker_time="1518461409722" system_time="1518461411195" nano_time="2162181975949549" gazeId="975" duration="283" url="https://stackoverflow.com/questions/1138450/implement-a-tomcat-realm-with-ldap-authentication-and-jdbc-authorization/2319514#2319514" Id="1138450">
            <soe part="ANSWER" part_number="2" type="CODE" type_number="1"/>
        </response>
        <response name="Implement a Tomcat Realm with LDAP authentication and JDBC authorization - Stack Overflow" type="browser" x="889.5" y="527.5" left_validation="1" right_validation="1" left_pupil_diameter="2.1164728800455728" right_pupil_diameter="2.0965296427408853" timestamp="2018-02-12T13:50:11.478-05:00" session_time="85071268306" tracker_time="1518461410005" system_time="1518461411478" nano_time="2162182259156975" gazeId="992" duration="186" url="https://stackoverflow.com/questions/1138450/implement-a-tomcat-realm-with-ldap-authentication-and-jdbc-authorization/2319514#2319514" Id="1138450">
            <soe part="ANSWER" part_number="2" type="CODE" type_number="1"/>
        </response>
        <response name="Implement a Tomcat Realm with LDAP authentication and JDBC authorization - Stack Overflow" type="browser" x="1019.0" y="530.0" left_validation="1" right_validation="1" left_pupil_diameter="2.1090771219004756" right_pupil_diameter="2.0901721456776494" timestamp="2018-02-12T13:50:11.664-05:00" session_time="85255663280" tracker_time="1518461410188" system_time="1518461411664" nano_time="2162182443551949" gazeId="1003" duration="365" url="https://stackoverflow.com/questions/1138450/implement-a-tomcat-realm-with-ldap-authentication-and-jdbc-authorization/2319514#2319514" Id="1138450">
            <soe part="ANSWER" part_number="2" type="CODE" type_number="1"/>
        </response>
        <response name="Implement a Tomcat Realm with LDAP authentication and JDBC authorization - Stack Overflow" type="browser" x="1119.0" y="541.0" left_validation="1" right_validation="1" left_pupil_diameter="2.1013387044270835" right_pupil_diameter="2.0876651340060763" timestamp="2018-02-12T13:50:12.029-05:00" session_time="85621253149" tracker_time="1518461410555" system_time="1518461412029" nano_time="2162182809141818" gazeId="1025" duration="133" url="https://stackoverflow.com/questions/1138450/implement-a-tomcat-realm-with-ldap-authentication-and-jdbc-authorization/2319514#2319514" Id="1138450">
            <soe part="ANSWER" part_number="2" type="CODE" type_number="1"/>
        </response>
        <response name="Implement a Tomcat Realm with LDAP authentication and JDBC authorization - Stack Overflow" type="browser" x="1179.0" y="540.5" left_validation="1" right_validation="1" left_pupil_diameter="2.1090796334402904" right_pupil_diameter="2.1050829206194197" timestamp="2018-02-12T13:50:12.162-05:00" session_time="85754583207" tracker_time="1518461410688" system_time="1518461412162" nano_time="2162182942471876" gazeId="1033" duration="217" url="https://stackoverflow.com/questions/1138450/implement-a-tomcat-realm-with-ldap-authentication-and-jdbc-authorization/2319514#2319514" Id="1138450">
            <soe part="ANSWER" part_number="2" type="CODE" type_number="1"/>
        </response>
        <response name="Implement a Tomcat Realm with LDAP authentication and JDBC authorization - Stack Overflow" type="browser" x="1213.5" y="561.5" left_validation="1" right_validation="1" left_pupil_diameter="2.110876547323691" right_pupil_diameter="2.1357603330869934" timestamp="2018-02-12T13:50:12.379-05:00" session_time="85971330144" tracker_time="1518461410905" system_time="1518461412379" nano_time="2162183159218813" gazeId="1046" duration="1216" url="https://stackoverflow.com/questions/1138450/implement-a-tomcat-realm-with-ldap-authentication-and-jdbc-authorization/2319514#2319514" Id="1138450">
            <soe part="ANSWER" part_number="2" type="CODE" type_number="1"/>
        </response>
        <response name="Implement a Tomcat Realm with LDAP authentication and JDBC authorization - Stack Overflow" type="browser" x="1017.0" y="557.0" left_validation="1" right_validation="1" left_pupil_diameter="2.09315185546875" right_pupil_diameter="2.1069000244140623" timestamp="2018-02-12T13:50:13.595-05:00" session_time="87187714186" tracker_time="1518461412121" system_time="1518461413595" nano_time="2162184375602855" gazeId="1119" duration="67" url="https://stackoverflow.com/questions/1138450/implement-a-tomcat-realm-with-ldap-authentication-and-jdbc-authorization/2319514#2319514" Id="1138450">
            <soe part="ANSWER" part_number="2" type="CODE" type_number="1"/>
        </response>
        <response name="Implement a Tomcat Realm with LDAP authentication and JDBC authorization - Stack Overflow" type="browser" x="806.0" y="548.0" left_validation="1" right_validation="1" left_pupil_diameter="2.0727949876051683" right_pupil_diameter="2.0824115459735575" timestamp="2018-02-12T13:50:13.662-05:00" session_time="87254408174" tracker_time="1518461412188" system_time="1518461413662" nano_time="2162184442296843" gazeId="1123" duration="200" url="https://stackoverflow.com/questions/1138450/implement-a-tomcat-realm-with-ldap-authentication-and-jdbc-authorization/2319514#2319514" Id="1138450">
            <soe part="ANSWER" part_number="2" type="CODE" type_number="1"/>
        </response>
        <response name="Implement a Tomcat Realm with LDAP authentication and JDBC authorization - Stack Overflow" type="browser" x="771.0" y="364.0" left_validation="1" right_validation="1" left_pupil_diameter="2.0993757981520433" right_pupil_diameter="2.0830218975360575" timestamp="2018-02-12T13:50:13.911-05:00" session_time="87504341735" tracker_time="1518461412438" system_time="1518461413911" nano_time="2162184692230404" gazeId="1138" duration="201" url="https://stackoverflow.com/questions/1138450/implement-a-tomcat-realm-with-ldap-authentication-and-jdbc-authorization/2319514#2319514" Id="1138450">
            <soe part="ANSWER" part_number="2" type="CODE" type_number="1"/>
        </response>
        <response name="Implement a Tomcat Realm with LDAP authentication and JDBC authorization - Stack Overflow" type="browser" x="810.0" y="347.5" left_validation="1" right_validation="1" left_pupil_diameter="2.1086213853624134" right_pupil_diameter="2.0997662014431424" timestamp="2018-02-12T13:50:14.112-05:00" session_time="87704411235" tracker_time="1518461412638" system_time="1518461414112" nano_time="2162184892299904" gazeId="1150" duration="283" url="https://stackoverflow.com/questions/1138450/implement-a-tomcat-realm-with-ldap-authentication-and-jdbc-authorization/2319514#2319514" Id="1138450">
            <soe part="ANSWER" part_number="2" type="CODE" type_number="1"/>
        </response>
        <response name="Implement a Tomcat Realm with LDAP authentication and JDBC authorization - Stack Overflow" type="browser" x="808.0" y="500.0" left_validation="1" right_validation="1" left_pupil_diameter="2.12449872052228" right_pupil_diameter="2.176120334201389" timestamp="2018-02-12T13:50:14.429-05:00" session_time="88021018256" tracker_time="1518461412955" system_time="1518461414429" nano_time="2162185208906925" gazeId="1169" duration="432" url="https://stackoverflow.com/questions/1138450/implement-a-tomcat-realm-with-ldap-authentication-and-jdbc-authorization/2319514#2319514" Id="1138450">
            <soe part="ANSWER" part_number="2" type="CODE" type_number="1"/>
        </response>
        <response name="Implement a Tomcat Realm with LDAP authentication and JDBC authorization - Stack Overflow" type="browser" x="837.0" y="315.0" left_validation="1" right_validation="1" left_pupil_diameter="2.1323041562680847" right_pupil_diameter="2.240341469093605" timestamp="2018-02-12T13:50:14.896-05:00" session_time="88488660244" tracker_time="1518461413421" system_time="1518461414896" nano_time="2162185676548913" gazeId="1197" duration="949" url="https://stackoverflow.com/questions/1138450/implement-a-tomcat-realm-with-ldap-authentication-and-jdbc-authorization/2319514#2319514" Id="1138450">
            <soe part="ANSWER" part_number="2" type="CODE" type_number="1"/>
        </response>
        <response name="Implement a Tomcat Realm with LDAP authentication and JDBC authorization - Stack Overflow" type="browser" x="897.0" y="279.0" left_validation="1" right_validation="1" left_pupil_diameter="2.348577646108774" right_pupil_diameter="2.4700540395883412" timestamp="2018-02-12T13:50:15.845-05:00" session_time="89437622821" tracker_time="1518461414371" system_time="1518461415845" nano_time="2162186625511490" gazeId="1250" duration="200" url="https://stackoverflow.com/questions/1138450/implement-a-tomcat-realm-with-ldap-authentication-and-jdbc-authorization/2319514#2319514" Id="1138450">
            <soe part="ANSWER" part_number="2" type="CODE" type_number="1"/>
        </response>
        <response name="Implement a Tomcat Realm with LDAP authentication and JDBC authorization - Stack Overflow" type="browser" x="889.0" y="351.0" left_validation="1" right_validation="1" left_pupil_diameter="2.3447502983940973" right_pupil_diameter="2.4349500868055554" timestamp="2018-02-12T13:50:16.045-05:00" session_time="89638304478" tracker_time="1518461414571" system_time="1518461416045" nano_time="2162186826193147" gazeId="1262" duration="67" url="https://stackoverflow.com/questions/1138450/implement-a-tomcat-realm-with-ldap-authentication-and-jdbc-authorization/2319514#2319514" Id="1138450">
            <soe part="ANSWER" part_number="2" type="CODE" type_number="1"/>
        </response>
        <response name="Implement a Tomcat Realm with LDAP authentication and JDBC authorization - Stack Overflow" type="browser" x="892.0" y="443.0" left_validation="1" right_validation="1" left_pupil_diameter="2.2532154430042612" right_pupil_diameter="2.348550969904119" timestamp="2018-02-12T13:50:16.112-05:00" session_time="89704347820" tracker_time="1518461414638" system_time="1518461416112" nano_time="2162186892236489" gazeId="1266" duration="2466" url="https://stackoverflow.com/questions/1138450/implement-a-tomcat-realm-with-ldap-authentication-and-jdbc-authorization/2319514#2319514" Id="1138450">
            <soe part="ANSWER" part_number="2" type="CODE" type_number="1"/>
        </response>
        <response name="Implement a Tomcat Realm with LDAP authentication and JDBC authorization - Stack Overflow" type="browser" x="813.5" y="375.5" left_validation="1" right_validation="1" left_pupil_diameter="2.1681017194475447" right_pupil_diameter="2.3051365443638394" timestamp="2018-02-12T13:50:18.578-05:00" session_time="92170538226" tracker_time="1518461417104" system_time="1518461418578" nano_time="2162189358426895" gazeId="1280" duration="216" url="https://stackoverflow.com/questions/1138450/implement-a-tomcat-realm-with-ldap-authentication-and-jdbc-authorization/2319514#2319514" Id="1138450">
            <soe part="ANSWER" part_number="2" type="CODE" type_number="1"/>
        </response>
        <response name="Implement a Tomcat Realm with LDAP authentication and JDBC authorization - Stack Overflow" type="browser" x="792.0" y="424.0" left_validation="1" right_validation="1" left_pupil_diameter="2.1621616908482144" right_pupil_diameter="2.2471487862723216" timestamp="2018-02-12T13:50:18.794-05:00" session_time="92387090885" tracker_time="1518461417321" system_time="1518461418794" nano_time="2162189574979554" gazeId="1293" duration="100" url="https://stackoverflow.com/questions/1138450/implement-a-tomcat-realm-with-ldap-authentication-and-jdbc-authorization/2319514#2319514" Id="1138450">
            <soe part="ANSWER" part_number="2" type="CODE" type_number="1"/>
        </response>
        <response name="Implement a Tomcat Realm with LDAP authentication and JDBC authorization - Stack Overflow" type="browser" x="797.0" y="468.0" left_validation="1" right_validation="1" left_pupil_diameter="2.123082478841146" right_pupil_diameter="2.251500447591146" timestamp="2018-02-12T13:50:18.894-05:00" session_time="92487313132" tracker_time="1518461417421" system_time="1518461418894" nano_time="2162189675201801" gazeId="1299" duration="84" url="https://stackoverflow.com/questions/1138450/implement-a-tomcat-realm-with-ldap-authentication-and-jdbc-authorization/2319514#2319514" Id="1138450">
            <soe part="ANSWER" part_number="2" type="CODE" type_number="1"/>
        </response>
        <response name="Implement a Tomcat Realm with LDAP authentication and JDBC authorization - Stack Overflow" type="browser" x="768.0" y="554.0" left_validation="1" right_validation="1" left_pupil_diameter="2.107903616768973" right_pupil_diameter="2.172782006201806" timestamp="2018-02-12T13:50:19.012-05:00" session_time="92604319485" tracker_time="1518461417537" system_time="1518461419012" nano_time="2162189792208154" gazeId="1306" duration="1267" url="https://stackoverflow.com/questions/1138450/implement-a-tomcat-realm-with-ldap-authentication-and-jdbc-authorization/2319514#2319514" Id="1138450">
            <soe part="ANSWER" part_number="2" type="CODE" type_number="1"/>
        </response>
        <response name="Implement a Tomcat Realm with LDAP authentication and JDBC authorization - Stack Overflow" type="browser" x="789.0" y="495.0" left_validation="1" right_validation="1" left_pupil_diameter="2.081673516167535" right_pupil_diameter="2.186069064670139" timestamp="2018-02-12T13:50:20.279-05:00" session_time="93870938547" tracker_time="1518461418804" system_time="1518461420279" nano_time="2162191058827216" gazeId="1382" duration="132" url="https://stackoverflow.com/questions/1138450/implement-a-tomcat-realm-with-ldap-authentication-and-jdbc-authorization/2319514#2319514" Id="1138450">
            <soe part="ANSWER" part_number="2" type="CODE" type_number="1"/>
        </response>
        <response name="Implement a Tomcat Realm with LDAP authentication and JDBC authorization - Stack Overflow" type="browser" x="778.0" y="371.0" left_validation="1" right_validation="1" left_pupil_diameter="2.1329144929584705" right_pupil_diameter="2.136371010228207" timestamp="2018-02-12T13:50:20.461-05:00" session_time="94053494484" tracker_time="1518461418987" system_time="1518461420461" nano_time="2162191241383153" gazeId="1393" duration="300" url="https://stackoverflow.com/questions/1138450/implement-a-tomcat-realm-with-ldap-authentication-and-jdbc-authorization/2319514#2319514" Id="1138450">
            <soe part="ANSWER" part_number="2" type="CODE" type_number="1"/>
        </response>
        <response name="Implement a Tomcat Realm with LDAP authentication and JDBC authorization - Stack Overflow" type="browser" x="857.0" y="377.0" left_validation="1" right_validation="1" left_pupil_diameter="2.157713148328993" right_pupil_diameter="2.167141384548611" timestamp="2018-02-12T13:50:20.761-05:00" session_time="94353515707" tracker_time="1518461419287" system_time="1518461420761" nano_time="2162191541404376" gazeId="1411" duration="133" url="https://stackoverflow.com/questions/1138450/implement-a-tomcat-realm-with-ldap-authentication-and-jdbc-authorization/2319514#2319514" Id="1138450">
            <soe part="ANSWER" part_number="2" type="CODE" type_number="1"/>
        </response>
        <response name="Implement a Tomcat Realm with LDAP authentication and JDBC authorization - Stack Overflow" type="browser" x="904.5" y="380.0" left_validation="1" right_validation="1" left_pupil_diameter="2.142674763997396" right_pupil_diameter="2.186906178792318" timestamp="2018-02-12T13:50:20.894-05:00" session_time="94486829271" tracker_time="1518461419420" system_time="1518461420894" nano_time="2162191674717940" gazeId="1419" duration="183" url="https://stackoverflow.com/questions/1138450/implement-a-tomcat-realm-with-ldap-authentication-and-jdbc-authorization/2319514#2319514" Id="1138450">
            <soe part="ANSWER" part_number="2" type="CODE" type_number="1"/>
        </response>
        <response name="Implement a Tomcat Realm with LDAP authentication and JDBC authorization - Stack Overflow" type="browser" x="922.0" y="429.5" left_validation="1" right_validation="1" left_pupil_diameter="2.146857125418527" right_pupil_diameter="2.1905201503208707" timestamp="2018-02-12T13:50:21.077-05:00" session_time="94670143989" tracker_time="1518461419604" system_time="1518461421077" nano_time="2162191858032658" gazeId="1430" duration="218" url="https://stackoverflow.com/questions/1138450/implement-a-tomcat-realm-with-ldap-authentication-and-jdbc-authorization/2319514#2319514" Id="1138450">
            <soe part="ANSWER" part_number="2" type="CODE" type_number="1"/>
        </response>
        <response name="Implement a Tomcat Realm with LDAP authentication and JDBC authorization - Stack Overflow" type="browser" x="791.0" y="565.0" left_validation="1" right_validation="1" left_pupil_diameter="2.109619867234003" right_pupil_diameter="2.1907857259114585" timestamp="2018-02-12T13:50:21.295-05:00" session_time="94886775460" tracker_time="1518461419820" system_time="1518461421295" nano_time="2162192074664129" gazeId="1443" duration="332" url="https://stackoverflow.com/questions/1138450/implement-a-tomcat-realm-with-ldap-authentication-and-jdbc-authorization/2319514#2319514" Id="1138450">
            <soe part="ANSWER" part_number="2" type="CODE" type_number="1"/>
        </response>
    </gazes>
</itrace-records>
