<?xml version="1.0" encoding="UTF-8" standalone="yes"?>
<itrace-records>
    <environment>
        <screen-size width="1920" height="1080"/>
    </environment>
    <gazes>
        <response name="T7-SO.txt" type="txt" x="522.0" y="784.0" left_validation="1" right_validation="1" left_pupil_diameter="3.4523829291848576" right_pupil_diameter="3.3242986342486214" timestamp="2018-02-14T12:59:12.805-05:00" session_time="2835461650" tracker_time="1518631152926" system_time="1518631152805" nano_time="2331926121210444" gazeId="5" duration="3183" path="C:\CodeSummarizationStudy\_tasks\Sequence 8\T7-SO.txt" line_height="15" font_height="10" line="7" col="11" line_base_x="414" line_base_y="790"/>
        <response name="T7-SO.txt" type="txt" x="488.0" y="835.0" left_validation="1" right_validation="1" left_pupil_diameter="3.630250410600142" right_pupil_diameter="3.4414908669211646" timestamp="2018-02-14T12:59:15.988-05:00" session_time="6018525640" tracker_time="1518631156109" system_time="1518631155988" nano_time="2331929304274434" gazeId="72" duration="200" path="C:\CodeSummarizationStudy\_tasks\Sequence 8\T7-SO.txt" line_height="15" font_height="10" line="9" col="13" line_base_x="414" line_base_y="820"/>
        <response name="T7-SO.txt" type="txt" x="550.5" y="791.5" left_validation="1" right_validation="1" left_pupil_diameter="3.55511474609375" right_pupil_diameter="3.3832759857177734" timestamp="2018-02-14T12:59:16.188-05:00" session_time="6218363840" tracker_time="1518631156309" system_time="1518631156188" nano_time="2331929504112634" gazeId="82" duration="6299" path="C:\CodeSummarizationStudy\_tasks\Sequence 8\T7-SO.txt" line_height="15" font_height="10" line="7" col="9" line_base_x="414" line_base_y="790"/>
        <response name="T7-SO.txt" type="txt" x="480.5" y="796.0" left_validation="1" right_validation="1" left_pupil_diameter="3.492162916395399" right_pupil_diameter="3.3596055772569446" timestamp="2018-02-14T12:59:22.487-05:00" session_time="12517508249" tracker_time="1518631162608" system_time="1518631162487" nano_time="2331935803257043" gazeId="97" duration="400" path="C:\CodeSummarizationStudy\_tasks\Sequence 8\T7-SO.txt" line_height="15" font_height="10" line="6" col="16" line_base_x="414" line_base_y="775"/>
        <response name="T7-SO.txt" type="txt" x="540.0" y="790.0" left_validation="1" right_validation="1" left_pupil_diameter="3.4406696666370737" right_pupil_diameter="3.354239723899148" timestamp="2018-02-14T12:59:22.887-05:00" session_time="12917464702" tracker_time="1518631163008" system_time="1518631162887" nano_time="2331936203213496" gazeId="114" duration="3883" path="C:\CodeSummarizationStudy\_tasks\Sequence 8\T7-SO.txt" line_height="15" font_height="10" line="1" col="21" line_base_x="414" line_base_y="700"/>
        <response name="T7-SO.txt" type="txt" x="484.0" y="858.5" left_validation="1" right_validation="1" left_pupil_diameter="3.489540793678977" right_pupil_diameter="3.329504880038175" timestamp="2018-02-14T12:59:26.77-05:00" session_time="16800234380" tracker_time="1518631166891" system_time="1518631166770" nano_time="2331940085983174" gazeId="124" duration="717" path="C:\CodeSummarizationStudy\_tasks\Sequence 8\T7-SO.txt" line_height="15" font_height="10" line="9" col="13" line_base_x="414" line_base_y="820"/>
        <response name="T7-SO.txt" type="txt" x="535.0" y="860.0" left_validation="1" right_validation="1" left_pupil_diameter="3.486047532823351" right_pupil_diameter="3.312575446234809" timestamp="2018-02-14T12:59:27.487-05:00" session_time="17516745802" tracker_time="1518631167607" system_time="1518631167487" nano_time="2331940802494596" gazeId="167" duration="283" path="C:\CodeSummarizationStudy\_tasks\Sequence 8\T7-SO.txt" line_height="15" font_height="10" line="11" col="15" line_base_x="414" line_base_y="850"/>
        <response name="T7-SO.txt" type="txt" x="593.5" y="852.5" left_validation="1" right_validation="1" left_pupil_diameter="3.4582002427842884" right_pupil_diameter="3.276180691189236" timestamp="2018-02-14T12:59:27.77-05:00" session_time="17800085923" tracker_time="1518631167891" system_time="1518631167770" nano_time="2331941085834717" gazeId="184" duration="383" path="C:\CodeSummarizationStudy\_tasks\Sequence 8\T7-SO.txt" line_height="15" font_height="10" line="11" col="22" line_base_x="414" line_base_y="850"/>
        <response name="T7-SO.txt" type="txt" x="519.0" y="851.0" left_validation="1" right_validation="1" left_pupil_diameter="3.456355503627232" right_pupil_diameter="3.3057054792131697" timestamp="2018-02-14T12:59:28.153-05:00" session_time="18183379600" tracker_time="1518631168274" system_time="1518631168153" nano_time="2331941469128394" gazeId="201" duration="100" path="C:\CodeSummarizationStudy\_tasks\Sequence 8\T7-SO.txt" line_height="15" font_height="10" line="11" col="18" line_base_x="414" line_base_y="850"/>
        <response name="T7-SO.txt" type="txt" x="483.0" y="860.0" left_validation="1" right_validation="1" left_pupil_diameter="3.4704557719983553" right_pupil_diameter="3.310622365851151" timestamp="2018-02-14T12:59:28.253-05:00" session_time="18283509839" tracker_time="1518631168374" system_time="1518631168253" nano_time="2331941569258633" gazeId="207" duration="300" path="C:\CodeSummarizationStudy\_tasks\Sequence 8\T7-SO.txt" line_height="15" font_height="10" line="11" col="11" line_base_x="414" line_base_y="850"/>
        <response name="T7-SO.txt" type="txt" x="505.5" y="802.5" left_validation="1" right_validation="1" left_pupil_diameter="3.400698575106534" right_pupil_diameter="3.2902741865678267" timestamp="2018-02-14T12:59:28.553-05:00" session_time="18583483044" tracker_time="1518631168674" system_time="1518631168553" nano_time="2331941869231838" gazeId="225" duration="2751" path="C:\CodeSummarizationStudy\_tasks\Sequence 8\T7-SO.txt" line_height="15" font_height="10" line="11" col="12" line_base_x="414" line_base_y="850"/>
        <response name="T7-SO.txt" type="txt" x="643.0" y="801.0" left_validation="1" right_validation="1" left_pupil_diameter="3.4071793989701704" right_pupil_diameter="3.278775301846591" timestamp="2018-02-14T12:59:31.304-05:00" session_time="21333947569" tracker_time="1518631171424" system_time="1518631171304" nano_time="2331944619696363" gazeId="246" duration="165" path="C:\CodeSummarizationStudy\_tasks\Sequence 8\T7-SO.txt" line_height="15" font_height="10" line="7" col="25" line_base_x="414" line_base_y="790"/>
        <response name="T7-SO.txt" type="txt" x="770.0" y="802.0" left_validation="1" right_validation="1" left_pupil_diameter="3.4547687877308237" right_pupil_diameter="3.2915080677379263" timestamp="2018-02-14T12:59:31.469-05:00" session_time="21499634356" tracker_time="1518631171590" system_time="1518631171469" nano_time="2331944785383150" gazeId="256" duration="800" path="C:\CodeSummarizationStudy\_tasks\Sequence 8\T7-SO.txt" line_height="15" font_height="10" line="7" col="39" line_base_x="414" line_base_y="790"/>
        <response name="T7-SO.txt" type="txt" x="785.0" y="701.0" left_validation="1" right_validation="1" left_pupil_diameter="2.764352971857244" right_pupil_diameter="3.2467762340198862" timestamp="2018-02-14T12:59:32.269-05:00" session_time="22299610676" tracker_time="1518631172390" system_time="1518631172269" nano_time="2331945585359470" gazeId="266" duration="6616" path="C:\CodeSummarizationStudy\_tasks\Sequence 8\T7-SO.txt" line_height="15" font_height="10" line="7" col="55" line_base_x="414" line_base_y="790"/>
        <response name="user interface - How to disable the GUI of a Netbeans Platform Application - Stack Overflow" type="browser" x="785.0" y="482.5" left_validation="1" right_validation="1" left_pupil_diameter="1.9487625122070313" right_pupil_diameter="3.0253997802734376" timestamp="2018-02-14T12:59:38.885-05:00" session_time="28915309688" tracker_time="1518631179006" system_time="1518631178885" nano_time="2331952201058482" gazeId="276" duration="150" url="https://stackoverflow.com/questions/24414549/how-to-disable-the-gui-of-a-netbeans-platform-application/25521751#25521751" Id="24414549">
            <soe part="ANSWER" part_number="1" type="COMMENT" type_number="1"/>
        </response>
        <response name="user interface - How to disable the GUI of a Netbeans Platform Application - Stack Overflow" type="browser" x="747.0" y="304.0" left_validation="1" right_validation="1" left_pupil_diameter="3.1034185236150567" right_pupil_diameter="3.067138671875" timestamp="2018-02-14T12:59:39.035-05:00" session_time="29065210882" tracker_time="1518631179156" system_time="1518631179035" nano_time="2331952350959676" gazeId="285" duration="1151" url="https://stackoverflow.com/questions/24414549/how-to-disable-the-gui-of-a-netbeans-platform-application/25521751#25521751" Id="24414549">
            <soe part="ANSWER" part_number="1" type="TEXT" type_number="1"/>
        </response>
        <response name="user interface - How to disable the GUI of a Netbeans Platform Application - Stack Overflow" type="browser" x="790.0" y="438.0" left_validation="1" right_validation="1" left_pupil_diameter="3.2150582207573786" right_pupil_diameter="3.1257222493489585" timestamp="2018-02-14T12:59:40.186-05:00" session_time="30216060369" tracker_time="1518631180306" system_time="1518631180186" nano_time="2331953501809163" gazeId="295" duration="915" url="https://stackoverflow.com/questions/24414549/how-to-disable-the-gui-of-a-netbeans-platform-application/25521751#25521751" Id="24414549">
            <soe part="QUESTION" part_number="1" type="TITLE" type_number="1"/>
        </response>
        <response name="user interface - How to disable the GUI of a Netbeans Platform Application - Stack Overflow" type="browser" x="739.0" y="417.5" left_validation="1" right_validation="1" left_pupil_diameter="3.223818302154541" right_pupil_diameter="3.019005298614502" timestamp="2018-02-14T12:59:41.101-05:00" session_time="31131536108" tracker_time="1518631181222" system_time="1518631181101" nano_time="2331954417284902" gazeId="312" duration="516" url="https://stackoverflow.com/questions/24414549/how-to-disable-the-gui-of-a-netbeans-platform-application/25521751#25521751" Id="24414549">
            <soe part="QUESTION" part_number="1" type="TEXT" type_number="1"/>
        </response>
        <response name="user interface - How to disable the GUI of a Netbeans Platform Application - Stack Overflow" type="browser" x="726.0" y="367.0" left_validation="1" right_validation="1" left_pupil_diameter="3.1487167820785986" right_pupil_diameter="3.120183308919271" timestamp="2018-02-14T12:59:41.617-05:00" session_time="31648384180" tracker_time="1518631181739" system_time="1518631181617" nano_time="2331954934132974" gazeId="343" duration="534" url="https://stackoverflow.com/questions/24414549/how-to-disable-the-gui-of-a-netbeans-platform-application/25521751#25521751" Id="24414549">
            <soe part="QUESTION" part_number="1" type="TEXT" type_number="2"/>
        </response>
        <response name="user interface - How to disable the GUI of a Netbeans Platform Application - Stack Overflow" type="browser" x="740.0" y="330.0" left_validation="1" right_validation="1" left_pupil_diameter="3.2649652817670036" right_pupil_diameter="3.1761582318474266" timestamp="2018-02-14T12:59:42.151-05:00" session_time="32181383308" tracker_time="1518631182272" system_time="1518631182151" nano_time="2331955467132102" gazeId="375" duration="267" url="https://stackoverflow.com/questions/24414549/how-to-disable-the-gui-of-a-netbeans-platform-application/25521751#25521751" Id="24414549">
            <soe part="QUESTION" part_number="1" type="TEXT" type_number="2"/>
        </response>
        <response name="user interface - How to disable the GUI of a Netbeans Platform Application - Stack Overflow" type="browser" x="918.0" y="313.0" left_validation="1" right_validation="1" left_pupil_diameter="2.298927525111607" right_pupil_diameter="3.2051034109933036" timestamp="2018-02-14T12:59:42.418-05:00" session_time="32448253831" tracker_time="1518631182539" system_time="1518631182418" nano_time="2331955734002625" gazeId="391" duration="566" url="https://stackoverflow.com/questions/24414549/how-to-disable-the-gui-of-a-netbeans-platform-application/25521751#25521751" Id="24414549">
            <soe part="QUESTION" part_number="1" type="TEXT" type_number="1"/>
        </response>
        <response name="user interface - How to disable the GUI of a Netbeans Platform Application - Stack Overflow" type="browser" x="858.0" y="314.0" left_validation="1" right_validation="1" left_pupil_diameter="2.91497802734375" right_pupil_diameter="3.229998779296875" timestamp="2018-02-14T12:59:42.984-05:00" session_time="33014776818" tracker_time="1518631183105" system_time="1518631182984" nano_time="2331956300525612" gazeId="425" duration="67" url="https://stackoverflow.com/questions/24414549/how-to-disable-the-gui-of-a-netbeans-platform-application/25521751#25521751" Id="24414549">
            <soe part="QUESTION" part_number="1" type="TEXT" type_number="1"/>
        </response>
        <response name="user interface - How to disable the GUI of a Netbeans Platform Application - Stack Overflow" type="browser" x="810.0" y="313.0" left_validation="1" right_validation="1" left_pupil_diameter="3.0459143190967795" right_pupil_diameter="3.2507065753547515" timestamp="2018-02-14T12:59:43.051-05:00" session_time="33081318682" tracker_time="1518631183172" system_time="1518631183051" nano_time="2331956367067476" gazeId="429" duration="900" url="https://stackoverflow.com/questions/24414549/how-to-disable-the-gui-of-a-netbeans-platform-application/25521751#25521751" Id="24414549">
            <soe part="QUESTION" part_number="1" type="TEXT" type_number="1"/>
        </response>
        <response name="user interface - How to disable the GUI of a Netbeans Platform Application - Stack Overflow" type="browser" x="928.5" y="315.0" left_validation="1" right_validation="1" left_pupil_diameter="3.3187049865722655" right_pupil_diameter="3.2421730041503904" timestamp="2018-02-14T12:59:43.951-05:00" session_time="33981206771" tracker_time="1518631184072" system_time="1518631183951" nano_time="2331957266955565" gazeId="477" duration="317" url="https://stackoverflow.com/questions/24414549/how-to-disable-the-gui-of-a-netbeans-platform-application/25521751#25521751" Id="24414549">
            <soe part="QUESTION" part_number="1" type="TEXT" type_number="1"/>
        </response>
        <response name="user interface - How to disable the GUI of a Netbeans Platform Application - Stack Overflow" type="browser" x="1057.0" y="322.0" left_validation="1" right_validation="1" left_pupil_diameter="3.323065621512277" right_pupil_diameter="3.1847766694568453" timestamp="2018-02-14T12:59:44.268-05:00" session_time="34297831388" tracker_time="1518631184389" system_time="1518631184268" nano_time="2331957583580182" gazeId="496" duration="332" url="https://stackoverflow.com/questions/24414549/how-to-disable-the-gui-of-a-netbeans-platform-application/25521751#25521751" Id="24414549">
            <soe part="QUESTION" part_number="1" type="TEXT" type_number="1"/>
        </response>
        <response name="user interface - How to disable the GUI of a Netbeans Platform Application - Stack Overflow" type="browser" x="770.0" y="451.0" left_validation="1" right_validation="1" left_pupil_diameter="3.23717041015625" right_pupil_diameter="3.15147705078125" timestamp="2018-02-14T12:59:44.651-05:00" session_time="34681132763" tracker_time="1518631184772" system_time="1518631184651" nano_time="2331957966881557" gazeId="519" duration="233" url="https://stackoverflow.com/questions/24414549/how-to-disable-the-gui-of-a-netbeans-platform-application/25521751#25521751" Id="24414549">
            <soe part="QUESTION" part_number="1" type="TEXT" type_number="3"/>
        </response>
        <response name="user interface - How to disable the GUI of a Netbeans Platform Application - Stack Overflow" type="browser" x="736.0" y="400.5" left_validation="1" right_validation="1" left_pupil_diameter="3.23773193359375" right_pupil_diameter="3.140728290264423" timestamp="2018-02-14T12:59:44.884-05:00" session_time="34914430308" tracker_time="1518631185005" system_time="1518631184884" nano_time="2331958200179102" gazeId="533" duration="417" url="https://stackoverflow.com/questions/24414549/how-to-disable-the-gui-of-a-netbeans-platform-application/25521751#25521751" Id="24414549">
            <soe part="QUESTION" part_number="1" type="TEXT" type_number="4"/>
        </response>
        <response name="user interface - How to disable the GUI of a Netbeans Platform Application - Stack Overflow" type="browser" x="789.5" y="379.0" left_validation="1" right_validation="1" left_pupil_diameter="2.7228469848632812" right_pupil_diameter="3.154927062988281" timestamp="2018-02-14T12:59:45.301-05:00" session_time="35331057233" tracker_time="1518631185422" system_time="1518631185301" nano_time="2331958616806027" gazeId="558" duration="150" url="https://stackoverflow.com/questions/24414549/how-to-disable-the-gui-of-a-netbeans-platform-application/25521751#25521751" Id="24414549">
            <soe part="QUESTION" part_number="1" type="TEXT" type_number="2"/>
        </response>
        <response name="user interface - How to disable the GUI of a Netbeans Platform Application - Stack Overflow" type="browser" x="822.0" y="341.0" left_validation="1" right_validation="1" left_pupil_diameter="3.234954833984375" right_pupil_diameter="3.1670857747395833" timestamp="2018-02-14T12:59:45.451-05:00" session_time="35481230415" tracker_time="1518631185572" system_time="1518631185451" nano_time="2331958766979209" gazeId="567" duration="233" url="https://stackoverflow.com/questions/24414549/how-to-disable-the-gui-of-a-netbeans-platform-application/25521751#25521751" Id="24414549">
            <soe part="QUESTION" part_number="1" type="TEXT" type_number="2"/>
        </response>
        <response name="user interface - How to disable the GUI of a Netbeans Platform Application - Stack Overflow" type="browser" x="909.5" y="320.5" left_validation="1" right_validation="1" left_pupil_diameter="3.2711142080801503" right_pupil_diameter="3.172978719075521" timestamp="2018-02-14T12:59:45.684-05:00" session_time="35714327450" tracker_time="1518631185805" system_time="1518631185684" nano_time="2331959000076244" gazeId="581" duration="883" url="https://stackoverflow.com/questions/24414549/how-to-disable-the-gui-of-a-netbeans-platform-application/25521751#25521751" Id="24414549">
            <soe part="QUESTION" part_number="1" type="TEXT" type_number="1"/>
        </response>
        <response name="user interface - How to disable the GUI of a Netbeans Platform Application - Stack Overflow" type="browser" x="950.0" y="316.0" left_validation="1" right_validation="1" left_pupil_diameter="2.914119902111235" right_pupil_diameter="3.120516095842634" timestamp="2018-02-14T12:59:46.567-05:00" session_time="36597554597" tracker_time="1518631186688" system_time="1518631186567" nano_time="2331959883303391" gazeId="634" duration="333" url="https://stackoverflow.com/questions/24414549/how-to-disable-the-gui-of-a-netbeans-platform-application/25521751#25521751" Id="24414549">
            <soe part="QUESTION" part_number="1" type="TEXT" type_number="1"/>
        </response>
        <response name="user interface - How to disable the GUI of a Netbeans Platform Application - Stack Overflow" type="browser" x="987.5" y="293.0" left_validation="1" right_validation="1" left_pupil_diameter="3.200647989908854" right_pupil_diameter="2.8493448893229165" timestamp="2018-02-14T12:59:46.9-05:00" session_time="36930815229" tracker_time="1518631187022" system_time="1518631186900" nano_time="2331960216564023" gazeId="654" duration="501" url="https://stackoverflow.com/questions/24414549/how-to-disable-the-gui-of-a-netbeans-platform-application/25521751#25521751" Id="24414549">
            <soe part="QUESTION" part_number="1" type="TEXT" type_number="1"/>
        </response>
        <response name="user interface - How to disable the GUI of a Netbeans Platform Application - Stack Overflow" type="browser" x="1057.0" y="286.0" left_validation="1" right_validation="1" left_pupil_diameter="3.1590073529411766" right_pupil_diameter="2.974643482881434" timestamp="2018-02-14T12:59:47.401-05:00" session_time="37431705790" tracker_time="1518631187522" system_time="1518631187401" nano_time="2331960717454584" gazeId="659" duration="666" url="https://stackoverflow.com/questions/24414549/how-to-disable-the-gui-of-a-netbeans-platform-application/25521751#25521751" Id="24414549">
            <soe part="QUESTION" part_number="1" type="TEXT" type_number="1"/>
        </response>
        <response name="user interface - How to disable the GUI of a Netbeans Platform Application - Stack Overflow" type="browser" x="731.0" y="406.0" left_validation="1" right_validation="1" left_pupil_diameter="3.279900142124721" right_pupil_diameter="2.8905666896275113" timestamp="2018-02-14T12:59:48.067-05:00" session_time="38097390194" tracker_time="1518631188188" system_time="1518631188067" nano_time="2331961383138988" gazeId="675" duration="449" url="https://stackoverflow.com/questions/24414549/how-to-disable-the-gui-of-a-netbeans-platform-application/25521751#25521751" Id="24414549">
            <soe part="QUESTION" part_number="1" type="TEXT" type_number="1"/>
        </response>
    </gazes>
</itrace-records>
