<?xml version="1.0" encoding="UTF-8" standalone="yes"?>
<itrace-records>
    <environment>
        <screen-size width="1920" height="1080"/>
    </environment>
    <gazes>
        <response name="T4-SO.txt" type="txt" x="553.0" y="703.0" left_validation="1" right_validation="1" left_pupil_diameter="3.262967159873561" right_pupil_diameter="3.2855043913188733" timestamp="2018-02-14T15:43:04.458-05:00" session_time="1631693179" tracker_time="1518640984768" system_time="1518640984458" nano_time="2341757775882615" gazeId="5" duration="917" path="C:\CodeSummarizationStudy\_tasks\Sequence 3\T4-SO.txt" line_height="15" font_height="10" line="1" col="21" line_base_x="414" line_base_y="700"/>
        <response name="T4-SO.txt" type="txt" x="491.0" y="731.5" left_validation="1" right_validation="1" left_pupil_diameter="3.125798543294271" right_pupil_diameter="3.145461188422309" timestamp="2018-02-14T15:43:05.375-05:00" session_time="2549529940" tracker_time="1518640985684" system_time="1518640985375" nano_time="2341758693719376" gazeId="42" duration="716" path="C:\CodeSummarizationStudy\_tasks\Sequence 3\T4-SO.txt" line_height="15" font_height="10" line="1" col="16" line_base_x="414" line_base_y="700"/>
        <response name="T4-SO.txt" type="txt" x="657.0" y="712.0" left_validation="1" right_validation="1" left_pupil_diameter="3.1706250508626304" right_pupil_diameter="3.2190259297688804" timestamp="2018-02-14T15:43:06.091-05:00" session_time="3265120193" tracker_time="1518640986401" system_time="1518640986091" nano_time="2341759409309629" gazeId="59" duration="384" path="C:\CodeSummarizationStudy\_tasks\Sequence 3\T4-SO.txt" line_height="15" font_height="10" line="1" col="23" line_base_x="414" line_base_y="700"/>
        <response name="T4-SO.txt" type="txt" x="736.0" y="709.0" left_validation="1" right_validation="1" left_pupil_diameter="3.26661187249261" right_pupil_diameter="3.310072202940245" timestamp="2018-02-14T15:43:06.475-05:00" session_time="3649829164" tracker_time="1518640986784" system_time="1518640986475" nano_time="2341759794018600" gazeId="82" duration="1199" path="C:\CodeSummarizationStudy\_tasks\Sequence 3\T4-SO.txt" line_height="15" font_height="10" line="1" col="57" line_base_x="414" line_base_y="700"/>
        <response name="T4-SO.txt" type="txt" x="548.0" y="711.5" left_validation="1" right_validation="1" left_pupil_diameter="3.3804683685302734" right_pupil_diameter="3.4358997344970703" timestamp="2018-02-14T15:43:07.674-05:00" session_time="4847819162" tracker_time="1518640987984" system_time="1518640987674" nano_time="2341760992008598" gazeId="118" duration="1316" path="C:\CodeSummarizationStudy\_tasks\Sequence 3\T4-SO.txt" line_height="15" font_height="10" line="1" col="23" line_base_x="414" line_base_y="700"/>
        <response name="T4-SO.txt" type="txt" x="939.0" y="712.0" left_validation="1" right_validation="1" left_pupil_diameter="3.3033778599330357" right_pupil_diameter="3.3743822370256695" timestamp="2018-02-14T15:43:08.99-05:00" session_time="6164528087" tracker_time="1518640989300" system_time="1518640988990" nano_time="2341762308717523" gazeId="133" duration="933" path="C:\CodeSummarizationStudy\_tasks\Sequence 3\T4-SO.txt" line_height="15" font_height="10" line="1" col="72" line_base_x="414" line_base_y="700"/>
        <response name="T4-SO.txt" type="txt" x="715.0" y="746.0" left_validation="1" right_validation="1" left_pupil_diameter="3.3016444614955356" right_pupil_diameter="3.370145525251116" timestamp="2018-02-14T15:43:09.923-05:00" session_time="7097636522" tracker_time="1518640990234" system_time="1518640989923" nano_time="2341763241825958" gazeId="167" duration="2833" path="C:\CodeSummarizationStudy\_tasks\Sequence 3\T4-SO.txt" line_height="15" font_height="10" line="1" col="54" line_base_x="414" line_base_y="700"/>
        <response name="T4-SO.txt" type="txt" x="544.0" y="771.0" left_validation="1" right_validation="1" left_pupil_diameter="3.271836344401042" right_pupil_diameter="3.327398681640625" timestamp="2018-02-14T15:43:12.756-05:00" session_time="9930621317" tracker_time="1518640993067" system_time="1518640992756" nano_time="2341766074810753" gazeId="173" duration="484" path="C:\CodeSummarizationStudy\_tasks\Sequence 3\T4-SO.txt" line_height="15" font_height="10" line="6" col="34" line_base_x="414" line_base_y="745"/>
        <response name="T4-SO.txt" type="txt" x="635.0" y="767.0" left_validation="1" right_validation="1" left_pupil_diameter="3.262201060419497" right_pupil_diameter="3.3225197170091714" timestamp="2018-02-14T15:43:13.24-05:00" session_time="10413820898" tracker_time="1518640993550" system_time="1518640993240" nano_time="2341766558010334" gazeId="187" duration="366" path="C:\CodeSummarizationStudy\_tasks\Sequence 3\T4-SO.txt" line_height="15" font_height="10" line="7" col="22" line_base_x="414" line_base_y="760"/>
        <response name="T4-SO.txt" type="txt" x="481.0" y="844.0" left_validation="1" right_validation="1" left_pupil_diameter="3.292775132921007" right_pupil_diameter="3.2963297526041666" timestamp="2018-02-14T15:43:13.606-05:00" session_time="10780245060" tracker_time="1518640993916" system_time="1518640993606" nano_time="2341766924434496" gazeId="209" duration="1000" path="C:\CodeSummarizationStudy\_tasks\Sequence 3\T4-SO.txt" line_height="15" font_height="10" line="7" col="28" line_base_x="414" line_base_y="760"/>
        <response name="T4-SO.txt" type="txt" x="463.0" y="806.0" left_validation="1" right_validation="1" left_pupil_diameter="3.2345331365411933" right_pupil_diameter="3.3835601806640625" timestamp="2018-02-14T15:43:14.606-05:00" session_time="11780077542" tracker_time="1518640994916" system_time="1518640994606" nano_time="2341767924266978" gazeId="253" duration="1749" path="C:\CodeSummarizationStudy\_tasks\Sequence 3\T4-SO.txt" line_height="15" font_height="10" line="12" col="7" line_base_x="414" line_base_y="835"/>
        <response name="T4-SO.txt" type="txt" x="703.0" y="853.5" left_validation="1" right_validation="1" left_pupil_diameter="3.4310951232910156" right_pupil_diameter="3.470090866088867" timestamp="2018-02-14T15:43:16.355-05:00" session_time="13529942006" tracker_time="1518640996666" system_time="1518640996355" nano_time="2341769674131442" gazeId="263" duration="635" path="C:\CodeSummarizationStudy\_tasks\Sequence 3\T4-SO.txt" line_height="15" font_height="10" line="13" col="46" line_base_x="414" line_base_y="850"/>
        <response name="T4-SO.txt" type="txt" x="685.0" y="793.0" left_validation="1" right_validation="1" left_pupil_diameter="3.4744031857221556" right_pupil_diameter="3.5152760041065707" timestamp="2018-02-14T15:43:16.99-05:00" session_time="14163397612" tracker_time="1518640997299" system_time="1518640996990" nano_time="2341770307587048" gazeId="270" duration="882" path="C:\CodeSummarizationStudy\_tasks\Sequence 3\T4-SO.txt" line_height="15" font_height="10" line="12" col="41" line_base_x="414" line_base_y="835"/>
        <response name="T4-SO.txt" type="txt" x="641.0" y="776.0" left_validation="1" right_validation="1" left_pupil_diameter="3.4914659772600447" right_pupil_diameter="3.5203094482421875" timestamp="2018-02-14T15:43:17.872-05:00" session_time="15046362301" tracker_time="1518640998183" system_time="1518640997872" nano_time="2341771190551737" gazeId="308" duration="367" path="C:\CodeSummarizationStudy\_tasks\Sequence 3\T4-SO.txt" line_height="15" font_height="10" line="6" col="35" line_base_x="414" line_base_y="775"/>
        <response name="T4-SO.txt" type="txt" x="479.0" y="733.0" left_validation="1" right_validation="1" left_pupil_diameter="3.3938446044921875" right_pupil_diameter="3.4039502825055803" timestamp="2018-02-14T15:43:18.239-05:00" session_time="15413043789" tracker_time="1518640998549" system_time="1518640998239" nano_time="2341771557233225" gazeId="314" duration="933" path="C:\CodeSummarizationStudy\_tasks\Sequence 3\T4-SO.txt" line_height="15" font_height="10" line="3" col="12" line_base_x="414" line_base_y="730"/>
        <response name="T4-SO.txt" type="txt" x="697.0" y="788.0" left_validation="1" right_validation="1" left_pupil_diameter="3.274449666341146" right_pupil_diameter="3.3315912882486978" timestamp="2018-02-14T15:43:19.172-05:00" session_time="16346353100" tracker_time="1518640999482" system_time="1518640999172" nano_time="2341772490542536" gazeId="334" duration="1351" path="C:\CodeSummarizationStudy\_tasks\Sequence 3\T4-SO.txt" line_height="15" font_height="10" line="7" col="14" line_base_x="414" line_base_y="790"/>
        <response name="T4-SO.txt" type="txt" x="736.0" y="710.0" left_validation="1" right_validation="1" left_pupil_diameter="3.185499064127604" right_pupil_diameter="3.2525965372721353" timestamp="2018-02-14T15:43:20.523-05:00" session_time="17696852375" tracker_time="1518641000832" system_time="1518641000523" nano_time="2341773841041811" gazeId="339" duration="482" path="C:\CodeSummarizationStudy\_tasks\Sequence 3\T4-SO.txt" line_height="15" font_height="10" line="1" col="51" line_base_x="414" line_base_y="700"/>
        <response name="T4-SO.txt" type="txt" x="775.0" y="708.0" left_validation="1" right_validation="1" left_pupil_diameter="3.1990374755859374" right_pupil_diameter="3.2561041259765626" timestamp="2018-02-14T15:43:21.005-05:00" session_time="18179472423" tracker_time="1518641001315" system_time="1518641001005" nano_time="2341774323661859" gazeId="368" duration="400" path="C:\CodeSummarizationStudy\_tasks\Sequence 3\T4-SO.txt" line_height="15" font_height="10" line="1" col="49" line_base_x="414" line_base_y="700"/>
        <response name="T4-SO.txt" type="txt" x="829.0" y="702.0" left_validation="1" right_validation="1" left_pupil_diameter="2.16500244140625" right_pupil_diameter="3.1700067138671875" timestamp="2018-02-14T15:43:21.405-05:00" session_time="18579341267" tracker_time="1518641001715" system_time="1518641001405" nano_time="2341774723530703" gazeId="392" duration="2500" path="C:\CodeSummarizationStudy\_tasks\Sequence 3\T4-SO.txt" line_height="15" font_height="10" line="1" col="57" line_base_x="414" line_base_y="700"/>
        <response name="Project Explorer" type="view_part" x="112.0" y="130.0" left_validation="1" right_validation="1" left_pupil_diameter="0.7214101155598959" right_pupil_diameter="3.095709664481027" timestamp="2018-02-14T15:43:23.905-05:00" session_time="21079000915" tracker_time="1518641004215" system_time="1518641003905" nano_time="2341777223190351" gazeId="416" duration="335"/>
        <response name="Project Explorer" type="view_part" x="109.0" y="187.0" left_validation="1" right_validation="1" left_pupil_diameter="-0.4487152099609375" right_pupil_diameter="3.0827531080979567" timestamp="2018-02-14T15:43:24.24-05:00" session_time="21413915838" tracker_time="1518641004548" system_time="1518641004240" nano_time="2341777558105274" gazeId="436" duration="198"/>
        <response name="Project Explorer" type="view_part" x="122.0" y="149.0" left_validation="1" right_validation="1" left_pupil_diameter="0.3950336162860577" right_pupil_diameter="3.1454737736628604" timestamp="2018-02-14T15:43:24.438-05:00" session_time="21612090949" tracker_time="1518641004748" system_time="1518641004438" nano_time="2341777756280385" gazeId="448" duration="200"/>
        <response name="Project Explorer" type="view_part" x="160.0" y="166.0" left_validation="1" right_validation="1" left_pupil_diameter="0.7447255452473959" right_pupil_diameter="3.2003682454427085" timestamp="2018-02-14T15:43:24.638-05:00" session_time="21812366823" tracker_time="1518641004948" system_time="1518641004638" nano_time="2341777956556259" gazeId="460" duration="334"/>
        <response name="Project Explorer" type="view_part" x="97.0" y="190.0" left_validation="1" right_validation="1" left_pupil_diameter="-1.0" right_pupil_diameter="3.2485170364379883" timestamp="2018-02-14T15:43:24.972-05:00" session_time="22145772247" tracker_time="1518641005282" system_time="1518641004972" nano_time="2341778289961683" gazeId="480" duration="250"/>
        <response name="Project Explorer" type="view_part" x="57.5" y="132.0" left_validation="1" right_validation="1" left_pupil_diameter="-0.7904671563042535" right_pupil_diameter="3.407093471950955" timestamp="2018-02-14T15:43:25.222-05:00" session_time="22395942973" tracker_time="1518641005532" system_time="1518641005222" nano_time="2341778540132409" gazeId="495" duration="284"/>
        <response name="Project Explorer" type="view_part" x="106.0" y="127.0" left_validation="1" right_validation="1" left_pupil_diameter="2.1576690673828125" right_pupil_diameter="3.4302571614583335" timestamp="2018-02-14T15:43:25.506-05:00" session_time="22680106757" tracker_time="1518641005815" system_time="1518641005506" nano_time="2341778824296193" gazeId="512" duration="82"/>
        <response name="Project Explorer" type="view_part" x="147.0" y="150.0" left_validation="1" right_validation="1" left_pupil_diameter="2.346920437282986" right_pupil_diameter="3.336983574761285" timestamp="2018-02-14T15:43:25.588-05:00" session_time="22762223443" tracker_time="1518641005898" system_time="1518641005588" nano_time="2341778906412879" gazeId="517" duration="217"/>
        <response name="Project Explorer" type="view_part" x="154.0" y="189.0" left_validation="1" right_validation="1" left_pupil_diameter="2.0446014404296875" right_pupil_diameter="3.3636199951171877" timestamp="2018-02-14T15:43:25.805-05:00" session_time="22979285623" tracker_time="1518641006115" system_time="1518641005805" nano_time="2341779123475059" gazeId="525" duration="67"/>
        <response name="Project Explorer" type="view_part" x="139.0" y="236.0" left_validation="1" right_validation="1" left_pupil_diameter="2.9604806082589286" right_pupil_diameter="3.5438668387276784" timestamp="2018-02-14T15:43:25.872-05:00" session_time="23046431947" tracker_time="1518641006182" system_time="1518641005872" nano_time="2341779190621383" gazeId="529" duration="566"/>
        <response name="Project Explorer" type="view_part" x="704.0" y="801.0" left_validation="1" right_validation="1" left_pupil_diameter="3.441684923673931" right_pupil_diameter="3.4424815930818258" timestamp="2018-02-14T15:43:26.438-05:00" session_time="23612062724" tracker_time="1518641006748" system_time="1518641006438" nano_time="2341779756252160" gazeId="563" duration="2066"/>
        <response name="T4-SO.txt" type="txt" x="554.0" y="804.0" left_validation="1" right_validation="1" left_pupil_diameter="3.3377855088975696" right_pupil_diameter="3.3281707763671875" timestamp="2018-02-14T15:43:28.504-05:00" session_time="25678285314" tracker_time="1518641008814" system_time="1518641008504" nano_time="2341781822474750" gazeId="581" duration="100" path="C:\CodeSummarizationStudy\_tasks\Sequence 3\T4-SO.txt" line_height="15" font_height="10" line="7" col="31" line_base_x="414" line_base_y="790"/>
        <response name="T4-SO.txt" type="txt" x="558.0" y="872.0" left_validation="1" right_validation="1" left_pupil_diameter="3.2155721028645834" right_pupil_diameter="3.524957275390625" timestamp="2018-02-14T15:43:28.604-05:00" session_time="25778255366" tracker_time="1518641008914" system_time="1518641008604" nano_time="2341781922444802" gazeId="587" duration="1350" path="C:\CodeSummarizationStudy\_tasks\Sequence 3\T4-SO.txt" line_height="15" font_height="10" line="7" col="15" line_base_x="414" line_base_y="790"/>
        <response name="T4-SO.txt" type="txt" x="619.5" y="792.0" left_validation="1" right_validation="1" left_pupil_diameter="3.5514046805245534" right_pupil_diameter="3.5996573311941966" timestamp="2018-02-14T15:43:29.954-05:00" session_time="27128304137" tracker_time="1518641010264" system_time="1518641009954" nano_time="2341783272493573" gazeId="603" duration="5549" path="C:\CodeSummarizationStudy\_tasks\Sequence 3\T4-SO.txt" line_height="15" font_height="10" line="12" col="26" line_base_x="414" line_base_y="865"/>
        <response name="T4-SO.txt" type="txt" x="477.0" y="874.0" left_validation="1" right_validation="1" left_pupil_diameter="3.5532919076772838" right_pupil_diameter="3.516979510967548" timestamp="2018-02-14T15:43:35.503-05:00" session_time="32677521034" tracker_time="1518641015814" system_time="1518641015503" nano_time="2341788821710470" gazeId="616" duration="417" path="C:\CodeSummarizationStudy\_tasks\Sequence 3\T4-SO.txt" line_height="15" font_height="10" line="12" col="12" line_base_x="414" line_base_y="865"/>
        <response name="T4-SO.txt" type="txt" x="521.0" y="891.0" left_validation="1" right_validation="1" left_pupil_diameter="3.47836421086238" right_pupil_diameter="3.4427994948167067" timestamp="2018-02-14T15:43:35.92-05:00" session_time="33094063284" tracker_time="1518641016230" system_time="1518641015920" nano_time="2341789238252720" gazeId="641" duration="417" path="C:\CodeSummarizationStudy\_tasks\Sequence 3\T4-SO.txt" line_height="15" font_height="10" line="13" col="12" line_base_x="414" line_base_y="880"/>
        <response name="T4-SO.txt" type="txt" x="463.0" y="889.0" left_validation="1" right_validation="1" left_pupil_diameter="3.4448939732142856" right_pupil_diameter="3.4101104736328125" timestamp="2018-02-14T15:43:36.337-05:00" session_time="33510683977" tracker_time="1518641016647" system_time="1518641016337" nano_time="2341789654873413" gazeId="653" duration="100" path="C:\CodeSummarizationStudy\_tasks\Sequence 3\T4-SO.txt" line_height="15" font_height="10" line="15" col="8" line_base_x="414" line_base_y="880"/>
        <response name="T4-SO.txt" type="txt" x="559.0" y="857.0" left_validation="1" right_validation="1" left_pupil_diameter="3.3215193314985796" right_pupil_diameter="3.3324016224254263" timestamp="2018-02-14T15:43:36.437-05:00" session_time="33610707914" tracker_time="1518641016747" system_time="1518641016437" nano_time="2341789754897350" gazeId="659" duration="767" path="C:\CodeSummarizationStudy\_tasks\Sequence 3\T4-SO.txt" line_height="15" font_height="10" line="15" col="8" line_base_x="414" line_base_y="880"/>
        <response name="T4-SO.txt" type="txt" x="513.0" y="863.0" left_validation="1" right_validation="1" left_pupil_diameter="3.324920654296875" right_pupil_diameter="3.3347579292629077" timestamp="2018-02-14T15:43:37.204-05:00" session_time="34377853908" tracker_time="1518641017513" system_time="1518641017204" nano_time="2341790522043344" gazeId="669" duration="383" path="C:\CodeSummarizationStudy\_tasks\Sequence 3\T4-SO.txt" line_height="15" font_height="10" line="13" col="20" line_base_x="414" line_base_y="850"/>
        <response name="T4-SO.txt" type="txt" x="685.0" y="863.0" left_validation="1" right_validation="1" left_pupil_diameter="3.255107879638672" right_pupil_diameter="3.2617311477661133" timestamp="2018-02-14T15:43:37.587-05:00" session_time="34760934247" tracker_time="1518641017897" system_time="1518641017587" nano_time="2341790905123683" gazeId="691" duration="1400" path="C:\CodeSummarizationStudy\_tasks\Sequence 3\T4-SO.txt" line_height="15" font_height="10" line="13" col="17" line_base_x="414" line_base_y="850"/>
        <response name="T4-SO.txt" type="txt" x="818.0" y="860.0" left_validation="1" right_validation="1" left_pupil_diameter="3.230132491500289" right_pupil_diameter="3.2271513762297452" timestamp="2018-02-14T15:43:38.987-05:00" session_time="36160393642" tracker_time="1518641019296" system_time="1518641018987" nano_time="2341792304583078" gazeId="706" duration="1532" path="C:\CodeSummarizationStudy\_tasks\Sequence 3\T4-SO.txt" line_height="15" font_height="10" line="13" col="47" line_base_x="414" line_base_y="850"/>
        <response name="T4-SO.txt" type="txt" x="475.0" y="886.5" left_validation="1" right_validation="1" left_pupil_diameter="3.1926956176757812" right_pupil_diameter="3.229485511779785" timestamp="2018-02-14T15:43:40.519-05:00" session_time="37693502371" tracker_time="1518641020830" system_time="1518641020519" nano_time="2341793837691807" gazeId="732" duration="300" path="C:\CodeSummarizationStudy\_tasks\Sequence 3\T4-SO.txt" line_height="15" font_height="10" line="15" col="32" line_base_x="414" line_base_y="880"/>
        <response name="T4-SO.txt" type="txt" x="518.5" y="887.5" left_validation="1" right_validation="1" left_pupil_diameter="2.8884455362955728" right_pupil_diameter="3.233771006266276" timestamp="2018-02-14T15:43:40.819-05:00" session_time="37993479975" tracker_time="1518641021130" system_time="1518641020819" nano_time="2341794137669411" gazeId="747" duration="484" path="C:\CodeSummarizationStudy\_tasks\Sequence 3\T4-SO.txt" line_height="15" font_height="10" line="15" col="11" line_base_x="414" line_base_y="880"/>
        <response name="T4-SO.txt" type="txt" x="594.0" y="890.0" left_validation="1" right_validation="1" left_pupil_diameter="3.2688734266493054" right_pupil_diameter="3.283567640516493" timestamp="2018-02-14T15:43:41.303-05:00" session_time="38476680289" tracker_time="1518641021613" system_time="1518641021303" nano_time="2341794620869725" gazeId="758" duration="133" path="C:\CodeSummarizationStudy\_tasks\Sequence 3\T4-SO.txt" line_height="15" font_height="10" line="15" col="23" line_base_x="414" line_base_y="880"/>
        <response name="T4-SO.txt" type="txt" x="665.0" y="886.0" left_validation="1" right_validation="1" left_pupil_diameter="3.2785847981770835" right_pupil_diameter="3.3182254367404513" timestamp="2018-02-14T15:43:41.436-05:00" session_time="38610089891" tracker_time="1518641021746" system_time="1518641021436" nano_time="2341794754279327" gazeId="766" duration="133" path="C:\CodeSummarizationStudy\_tasks\Sequence 3\T4-SO.txt" line_height="15" font_height="10" line="15" col="32" line_base_x="414" line_base_y="880"/>
        <response name="T4-SO.txt" type="txt" x="726.0" y="887.0" left_validation="1" right_validation="1" left_pupil_diameter="3.2489603678385417" right_pupil_diameter="3.264317830403646" timestamp="2018-02-14T15:43:41.569-05:00" session_time="38743187550" tracker_time="1518641021879" system_time="1518641021569" nano_time="2341794887376986" gazeId="774" duration="233" path="C:\CodeSummarizationStudy\_tasks\Sequence 3\T4-SO.txt" line_height="15" font_height="10" line="15" col="39" line_base_x="414" line_base_y="880"/>
        <response name="T4-SO.txt" type="txt" x="1119.0" y="849.0" left_validation="1" right_validation="1" left_pupil_diameter="3.289667765299479" right_pupil_diameter="3.295967949761285" timestamp="2018-02-14T15:43:41.802-05:00" session_time="38976650048" tracker_time="1518641022113" system_time="1518641021802" nano_time="2341795120839484" gazeId="788" duration="7849" path="C:\CodeSummarizationStudy\_tasks\Sequence 3\T4-SO.txt" line_height="15" font_height="10" line="15" col="47" line_base_x="414" line_base_y="880"/>
        <response name="T4-SO.txt" type="txt" x="838.0" y="862.0" left_validation="1" right_validation="1" left_pupil_diameter="3.280370076497396" right_pupil_diameter="3.3244425455729165" timestamp="2018-02-14T15:43:49.651-05:00" session_time="46825523440" tracker_time="1518641029962" system_time="1518641029651" nano_time="2341802969712876" gazeId="796" duration="601" path="C:\CodeSummarizationStudy\_tasks\Sequence 3\T4-SO.txt" line_height="15" font_height="10" line="12" col="100" line_base_x="414" line_base_y="835"/>
        <response name="T4-SO.txt" type="txt" x="774.5" y="861.0" left_validation="1" right_validation="1" left_pupil_diameter="3.2494552612304686" right_pupil_diameter="3.32288818359375" timestamp="2018-02-14T15:43:50.252-05:00" session_time="47425845574" tracker_time="1518641030562" system_time="1518641030252" nano_time="2341803570035010" gazeId="804" duration="150" path="C:\CodeSummarizationStudy\_tasks\Sequence 3\T4-SO.txt" line_height="15" font_height="10" line="13" col="58" line_base_x="414" line_base_y="850"/>
        <response name="T4-SO.txt" type="txt" x="666.0" y="864.0" left_validation="1" right_validation="1" left_pupil_diameter="3.229135513305664" right_pupil_diameter="3.305440902709961" timestamp="2018-02-14T15:43:50.435-05:00" session_time="47609045558" tracker_time="1518641030745" system_time="1518641030435" nano_time="2341803753234994" gazeId="815" duration="132" path="C:\CodeSummarizationStudy\_tasks\Sequence 3\T4-SO.txt" line_height="15" font_height="10" line="13" col="43" line_base_x="414" line_base_y="850"/>
        <response name="T4-SO.txt" type="txt" x="616.0" y="864.0" left_validation="1" right_validation="1" left_pupil_diameter="3.248779296875" right_pupil_diameter="3.3030896868024553" timestamp="2018-02-14T15:43:50.567-05:00" session_time="47742191604" tracker_time="1518641030878" system_time="1518641030567" nano_time="2341803886381040" gazeId="822" duration="103" path="C:\CodeSummarizationStudy\_tasks\Sequence 3\T4-SO.txt" line_height="15" font_height="10" line="13" col="31" line_base_x="414" line_base_y="850"/>
        <response name="T4-SO.txt" type="txt" x="564.0" y="862.0" left_validation="1" right_validation="1" left_pupil_diameter="3.265570504324777" right_pupil_diameter="3.295351300920759" timestamp="2018-02-14T15:43:50.67-05:00" session_time="47843472845" tracker_time="1518641030978" system_time="1518641030670" nano_time="2341803987662281" gazeId="828" duration="98" path="C:\CodeSummarizationStudy\_tasks\Sequence 3\T4-SO.txt" line_height="15" font_height="10" line="13" col="26" line_base_x="414" line_base_y="850"/>
        <response name="T4-SO.txt" type="txt" x="529.0" y="859.5" left_validation="1" right_validation="1" left_pupil_diameter="3.2525482177734375" right_pupil_diameter="3.2750523885091147" timestamp="2018-02-14T15:43:50.768-05:00" session_time="47942945473" tracker_time="1518641031078" system_time="1518641030768" nano_time="2341804087134909" gazeId="834" duration="83" path="C:\CodeSummarizationStudy\_tasks\Sequence 3\T4-SO.txt" line_height="15" font_height="10" line="13" col="18" line_base_x="414" line_base_y="850"/>
        <response name="T4-SO.txt" type="txt" x="491.0" y="858.0" left_validation="1" right_validation="1" left_pupil_diameter="3.24671775416324" right_pupil_diameter="3.2530581825657894" timestamp="2018-02-14T15:43:50.851-05:00" session_time="48025366405" tracker_time="1518641031162" system_time="1518641030851" nano_time="2341804169555841" gazeId="839" duration="300" path="C:\CodeSummarizationStudy\_tasks\Sequence 3\T4-SO.txt" line_height="15" font_height="10" line="13" col="14" line_base_x="414" line_base_y="850"/>
        <response name="T4-SO.txt" type="txt" x="793.0" y="858.0" left_validation="1" right_validation="1" left_pupil_diameter="3.215764363606771" right_pupil_diameter="3.2096371120876737" timestamp="2018-02-14T15:43:51.151-05:00" session_time="48325323481" tracker_time="1518641031462" system_time="1518641031151" nano_time="2341804469512917" gazeId="857" duration="8899" path="C:\CodeSummarizationStudy\_tasks\Sequence 3\T4-SO.txt" line_height="15" font_height="10" line="13" col="38" line_base_x="414" line_base_y="850"/>
        <response name="json - JMeter Assertion failure with groovy - Stack Overflow" type="browser" x="811.0" y="431.0" left_validation="1" right_validation="1" left_pupil_diameter="3.2354736328125" right_pupil_diameter="3.2304655376233553" timestamp="2018-02-14T15:44:00.05-05:00" session_time="57224318260" tracker_time="1518641040360" system_time="1518641040050" nano_time="2341813368507696" gazeId="865" duration="300" url="https://stackoverflow.com/questions/44160451/jmeter-assertion-failure-with-groovy" Id="44160451">
            <soe part="QUESTION" part_number="1" type="TEXT" type_number="1"/>
        </response>
        <response name="json - JMeter Assertion failure with groovy - Stack Overflow" type="browser" x="766.5" y="420.0" left_validation="1" right_validation="1" left_pupil_diameter="2.710193089076451" right_pupil_diameter="3.2633252825055803" timestamp="2018-02-14T15:44:00.35-05:00" session_time="57524185528" tracker_time="1518641040660" system_time="1518641040350" nano_time="2341813668374964" gazeId="883" duration="300" url="https://stackoverflow.com/questions/44160451/jmeter-assertion-failure-with-groovy" Id="44160451">
            <soe part="QUESTION" part_number="1" type="CODE" type_number="1"/>
        </response>
        <response name="json - JMeter Assertion failure with groovy - Stack Overflow" type="browser" x="932.0" y="416.5" left_validation="1" right_validation="1" left_pupil_diameter="3.3298263549804688" right_pupil_diameter="3.3401012420654297" timestamp="2018-02-14T15:44:00.684-05:00" session_time="57858448705" tracker_time="1518641040994" system_time="1518641040684" nano_time="2341814002638141" gazeId="898" duration="249" url="https://stackoverflow.com/questions/44160451/jmeter-assertion-failure-with-groovy" Id="44160451">
            <soe part="QUESTION" part_number="1" type="CODE" type_number="1"/>
        </response>
        <response name="json - JMeter Assertion failure with groovy - Stack Overflow" type="browser" x="851.0" y="412.0" left_validation="1" right_validation="1" left_pupil_diameter="3.2517965811270253" right_pupil_diameter="3.2852545844184027" timestamp="2018-02-14T15:44:00.933-05:00" session_time="58107426274" tracker_time="1518641041244" system_time="1518641040933" nano_time="2341814251615710" gazeId="913" duration="550" url="https://stackoverflow.com/questions/44160451/jmeter-assertion-failure-with-groovy" Id="44160451">
            <soe part="QUESTION" part_number="1" type="TEXT" type_number="1"/>
        </response>
        <response name="json - JMeter Assertion failure with groovy - Stack Overflow" type="browser" x="477.0" y="940.0" left_validation="1" right_validation="1" left_pupil_diameter="3.3093719482421875" right_pupil_diameter="3.2863956027560763" timestamp="2018-02-14T15:44:01.483-05:00" session_time="58657535748" tracker_time="1518641041794" system_time="1518641041483" nano_time="2341814801725184" gazeId="939" duration="1200" url="https://stackoverflow.com/questions/44160451/jmeter-assertion-failure-with-groovy" Id="44160451">
            <soe part="QUESTION" part_number="1" type="CODE" type_number="1"/>
        </response>
        <response name="T4-SO.txt" type="txt" x="673.0" y="882.0" left_validation="1" right_validation="1" left_pupil_diameter="3.3255844116210938" right_pupil_diameter="3.3452814275568183" timestamp="2018-02-14T15:44:02.683-05:00" session_time="59857520572" tracker_time="1518641042993" system_time="1518641042683" nano_time="2341816001710008" gazeId="983" duration="500" path="C:\CodeSummarizationStudy\_tasks\Sequence 3\T4-SO.txt" line_height="15" font_height="10" line="15" col="28" line_base_x="414" line_base_y="880"/>
        <response name="json - JMeter Assertion failure with groovy - Stack Overflow" type="browser" x="740.5" y="519.5" left_validation="1" right_validation="1" left_pupil_diameter="3.172133551703559" right_pupil_diameter="3.2050238715277777" timestamp="2018-02-14T15:44:03.183-05:00" session_time="60357175088" tracker_time="1518641043493" system_time="1518641043183" nano_time="2341816501364524" gazeId="1004" duration="283" url="https://stackoverflow.com/questions/44160451/jmeter-assertion-failure-with-groovy" Id="44160451">
            <soe part="QUESTION" part_number="1" type="CODE" type_number="1"/>
        </response>
        <response name="json - JMeter Assertion failure with groovy - Stack Overflow" type="browser" x="735.5" y="444.5" left_validation="1" right_validation="1" left_pupil_diameter="3.2241625104631697" right_pupil_diameter="3.2401199340820312" timestamp="2018-02-14T15:44:03.466-05:00" session_time="60640407073" tracker_time="1518641043777" system_time="1518641043466" nano_time="2341816784596509" gazeId="1021" duration="451" url="https://stackoverflow.com/questions/44160451/jmeter-assertion-failure-with-groovy" Id="44160451">
            <soe part="QUESTION" part_number="1" type="CODE" type_number="1"/>
        </response>
        <response name="json - JMeter Assertion failure with groovy - Stack Overflow" type="browser" x="798.0" y="425.0" left_validation="1" right_validation="1" left_pupil_diameter="3.2923209450461646" right_pupil_diameter="3.3338858864524146" timestamp="2018-02-14T15:44:03.917-05:00" session_time="61090896927" tracker_time="1518641044227" system_time="1518641043917" nano_time="2341817235086363" gazeId="1048" duration="349" url="https://stackoverflow.com/questions/44160451/jmeter-assertion-failure-with-groovy" Id="44160451">
            <soe part="QUESTION" part_number="1" type="CODE" type_number="1"/>
        </response>
        <response name="json - JMeter Assertion failure with groovy - Stack Overflow" type="browser" x="791.0" y="381.0" left_validation="1" right_validation="1" left_pupil_diameter="3.3456483063874423" right_pupil_diameter="3.4062398274739585" timestamp="2018-02-14T15:44:04.266-05:00" session_time="61440329143" tracker_time="1518641044577" system_time="1518641044266" nano_time="2341817584518579" gazeId="1069" duration="451" url="https://stackoverflow.com/questions/44160451/jmeter-assertion-failure-with-groovy" Id="44160451">
            <soe part="QUESTION" part_number="1" type="CODE" type_number="1"/>
        </response>
        <response name="json - JMeter Assertion failure with groovy - Stack Overflow" type="browser" x="875.0" y="367.5" left_validation="1" right_validation="1" left_pupil_diameter="3.3447860717773437" right_pupil_diameter="3.418072509765625" timestamp="2018-02-14T15:44:04.717-05:00" session_time="61891655856" tracker_time="1518641045026" system_time="1518641044717" nano_time="2341818035845292" gazeId="1095" duration="234" url="https://stackoverflow.com/questions/44160451/jmeter-assertion-failure-with-groovy" Id="44160451">
            <soe part="QUESTION" part_number="1" type="CODE" type_number="1"/>
        </response>
        <response name="json - JMeter Assertion failure with groovy - Stack Overflow" type="browser" x="974.0" y="361.0" left_validation="1" right_validation="1" left_pupil_diameter="3.309511021205357" right_pupil_diameter="3.3591421944754463" timestamp="2018-02-14T15:44:04.951-05:00" session_time="62124809342" tracker_time="1518641045260" system_time="1518641044951" nano_time="2341818268998778" gazeId="1104" duration="565" url="https://stackoverflow.com/questions/44160451/jmeter-assertion-failure-with-groovy" Id="44160451">
            <soe part="QUESTION" part_number="1" type="CODE" type_number="1"/>
        </response>
        <response name="json - JMeter Assertion failure with groovy - Stack Overflow" type="browser" x="1111.0" y="366.0" left_validation="1" right_validation="1" left_pupil_diameter="3.212434337985131" right_pupil_diameter="3.271751649918095" timestamp="2018-02-14T15:44:05.516-05:00" session_time="62690221648" tracker_time="1518641045826" system_time="1518641045516" nano_time="2341818834411084" gazeId="1138" duration="500" url="https://stackoverflow.com/questions/44160451/jmeter-assertion-failure-with-groovy" Id="44160451">
            <soe part="QUESTION" part_number="1" type="CODE" type_number="1"/>
        </response>
        <response name="json - JMeter Assertion failure with groovy - Stack Overflow" type="browser" x="1172.0" y="356.5" left_validation="1" right_validation="1" left_pupil_diameter="3.1907214602908573" right_pupil_diameter="3.2745082958324536" timestamp="2018-02-14T15:44:06.016-05:00" session_time="63190156584" tracker_time="1518641046326" system_time="1518641046016" nano_time="2341819334346020" gazeId="1168" duration="1216" url="https://stackoverflow.com/questions/44160451/jmeter-assertion-failure-with-groovy" Id="44160451">
            <soe part="QUESTION" part_number="1" type="CODE" type_number="1"/>
        </response>
        <response name="json - JMeter Assertion failure with groovy - Stack Overflow" type="browser" x="1194.0" y="298.0" left_validation="1" right_validation="1" left_pupil_diameter="3.2034783614309212" right_pupil_diameter="3.333582827919408" timestamp="2018-02-14T15:44:07.232-05:00" session_time="64406682851" tracker_time="1518641047543" system_time="1518641047232" nano_time="2341820550872287" gazeId="1241" duration="634" url="https://stackoverflow.com/questions/44160451/jmeter-assertion-failure-with-groovy" Id="44160451">
            <soe part="QUESTION" part_number="1" type="CODE" type_number="1"/>
        </response>
        <response name="json - JMeter Assertion failure with groovy - Stack Overflow" type="browser" x="741.0" y="319.0" left_validation="1" right_validation="1" left_pupil_diameter="3.2167031108469204" right_pupil_diameter="3.2946324002915532" timestamp="2018-02-14T15:44:07.866-05:00" session_time="65039868301" tracker_time="1518641048176" system_time="1518641047866" nano_time="2341821184057737" gazeId="1259" duration="1133" url="https://stackoverflow.com/questions/44160451/jmeter-assertion-failure-with-groovy" Id="44160451">
            <soe part="QUESTION" part_number="1" type="CODE" type_number="1"/>
        </response>
        <response name="json - JMeter Assertion failure with groovy - Stack Overflow" type="browser" x="1071.0" y="297.0" left_validation="1" right_validation="1" left_pupil_diameter="3.2201654770795036" right_pupil_diameter="3.296534818761489" timestamp="2018-02-14T15:44:08.999-05:00" session_time="66173053568" tracker_time="1518641049309" system_time="1518641048999" nano_time="2341822317243004" gazeId="1327" duration="300" url="https://stackoverflow.com/questions/44160451/jmeter-assertion-failure-with-groovy" Id="44160451">
            <soe part="QUESTION" part_number="1" type="CODE" type_number="1"/>
        </response>
        <response name="json - JMeter Assertion failure with groovy - Stack Overflow" type="browser" x="749.5" y="318.5" left_validation="1" right_validation="1" left_pupil_diameter="3.2697200775146484" right_pupil_diameter="3.304044723510742" timestamp="2018-02-14T15:44:09.299-05:00" session_time="66472971422" tracker_time="1518641049609" system_time="1518641049299" nano_time="2341822617160858" gazeId="1343" duration="249" url="https://stackoverflow.com/questions/44160451/jmeter-assertion-failure-with-groovy" Id="44160451">
            <soe part="QUESTION" part_number="1" type="CODE" type_number="1"/>
        </response>
        <response name="json - JMeter Assertion failure with groovy - Stack Overflow" type="browser" x="785.0" y="330.0" left_validation="1" right_validation="1" left_pupil_diameter="2.7643923552139946" right_pupil_diameter="3.3134559963060464" timestamp="2018-02-14T15:44:09.548-05:00" session_time="66722993691" tracker_time="1518641049859" system_time="1518641049548" nano_time="2341822867183127" gazeId="1358" duration="467" url="https://stackoverflow.com/questions/44160451/jmeter-assertion-failure-with-groovy" Id="44160451">
            <soe part="QUESTION" part_number="1" type="CODE" type_number="1"/>
        </response>
        <response name="json - JMeter Assertion failure with groovy - Stack Overflow" type="browser" x="772.0" y="367.0" left_validation="1" right_validation="1" left_pupil_diameter="3.341390539098669" right_pupil_diameter="3.34834063494647" timestamp="2018-02-14T15:44:10.015-05:00" session_time="67189602343" tracker_time="1518641050326" system_time="1518641050015" nano_time="2341823333791779" gazeId="1380" duration="433" url="https://stackoverflow.com/questions/44160451/jmeter-assertion-failure-with-groovy" Id="44160451">
            <soe part="QUESTION" part_number="1" type="CODE" type_number="1"/>
        </response>
        <response name="json - JMeter Assertion failure with groovy - Stack Overflow" type="browser" x="846.0" y="331.5" left_validation="1" right_validation="1" left_pupil_diameter="3.2939876980251737" right_pupil_diameter="3.2955652872721353" timestamp="2018-02-14T15:44:10.448-05:00" session_time="67623046732" tracker_time="1518641050759" system_time="1518641050448" nano_time="2341823767236168" gazeId="1406" duration="284" url="https://stackoverflow.com/questions/44160451/jmeter-assertion-failure-with-groovy" Id="44160451">
            <soe part="QUESTION" part_number="1" type="CODE" type_number="1"/>
        </response>
        <response name="json - JMeter Assertion failure with groovy - Stack Overflow" type="browser" x="907.0" y="325.0" left_validation="1" right_validation="1" left_pupil_diameter="3.2583793871330493" right_pupil_diameter="3.265108513109612" timestamp="2018-02-14T15:44:10.732-05:00" session_time="67906095803" tracker_time="1518641051042" system_time="1518641050732" nano_time="2341824050285239" gazeId="1423" duration="534" url="https://stackoverflow.com/questions/44160451/jmeter-assertion-failure-with-groovy" Id="44160451">
            <soe part="QUESTION" part_number="1" type="CODE" type_number="1"/>
        </response>
        <response name="json - JMeter Assertion failure with groovy - Stack Overflow" type="browser" x="973.0" y="319.5" left_validation="1" right_validation="1" left_pupil_diameter="3.1865621713491588" right_pupil_diameter="3.2196068396935096" timestamp="2018-02-14T15:44:11.266-05:00" session_time="68439543602" tracker_time="1518641051576" system_time="1518641051266" nano_time="2341824583733038" gazeId="1455" duration="416" url="https://stackoverflow.com/questions/44160451/jmeter-assertion-failure-with-groovy" Id="44160451">
            <soe part="QUESTION" part_number="1" type="CODE" type_number="1"/>
        </response>
        <response name="json - JMeter Assertion failure with groovy - Stack Overflow" type="browser" x="1050.0" y="317.0" left_validation="1" right_validation="1" left_pupil_diameter="3.090523129417783" right_pupil_diameter="3.138217017764137" timestamp="2018-02-14T15:44:11.682-05:00" session_time="68856138636" tracker_time="1518641051992" system_time="1518641051682" nano_time="2341825000328072" gazeId="1480" duration="333" url="https://stackoverflow.com/questions/44160451/jmeter-assertion-failure-with-groovy" Id="44160451">
            <soe part="QUESTION" part_number="1" type="CODE" type_number="1"/>
        </response>
        <response name="json - JMeter Assertion failure with groovy - Stack Overflow" type="browser" x="774.0" y="421.0" left_validation="1" right_validation="1" left_pupil_diameter="3.0648302964761225" right_pupil_diameter="3.214454543422645" timestamp="2018-02-14T15:44:12.015-05:00" session_time="69189290399" tracker_time="1518641052326" system_time="1518641052015" nano_time="2341825333479835" gazeId="1500" duration="1250" url="https://stackoverflow.com/questions/44160451/jmeter-assertion-failure-with-groovy" Id="44160451">
            <soe part="QUESTION" part_number="1" type="CODE" type_number="1"/>
        </response>
        <response name="json - JMeter Assertion failure with groovy - Stack Overflow" type="browser" x="811.0" y="410.0" left_validation="1" right_validation="1" left_pupil_diameter="3.3548785618373325" right_pupil_diameter="3.4447005135672435" timestamp="2018-02-14T15:44:13.265-05:00" session_time="70439118757" tracker_time="1518641053575" system_time="1518641053265" nano_time="2341826583308193" gazeId="1570" duration="450" url="https://stackoverflow.com/questions/44160451/jmeter-assertion-failure-with-groovy" Id="44160451">
            <soe part="QUESTION" part_number="1" type="CODE" type_number="1"/>
        </response>
        <response name="json - JMeter Assertion failure with groovy - Stack Overflow" type="browser" x="771.5" y="411.0" left_validation="1" right_validation="1" left_pupil_diameter="3.2844342318448154" right_pupil_diameter="3.4764515269886362" timestamp="2018-02-14T15:44:13.715-05:00" session_time="70889366681" tracker_time="1518641054025" system_time="1518641053715" nano_time="2341827033556117" gazeId="1597" duration="350" url="https://stackoverflow.com/questions/44160451/jmeter-assertion-failure-with-groovy" Id="44160451">
            <soe part="QUESTION" part_number="1" type="CODE" type_number="1"/>
        </response>
        <response name="json - JMeter Assertion failure with groovy - Stack Overflow" type="browser" x="773.0" y="472.5" left_validation="1" right_validation="1" left_pupil_diameter="3.2279257774353027" right_pupil_diameter="3.4801321029663086" timestamp="2018-02-14T15:44:14.065-05:00" session_time="71239515523" tracker_time="1518641054375" system_time="1518641054065" nano_time="2341827383704959" gazeId="1618" duration="517" url="https://stackoverflow.com/questions/44160451/jmeter-assertion-failure-with-groovy" Id="44160451">
            <soe part="QUESTION" part_number="1" type="CODE" type_number="1"/>
        </response>
        <response name="json - JMeter Assertion failure with groovy - Stack Overflow" type="browser" x="758.0" y="402.0" left_validation="1" right_validation="1" left_pupil_diameter="3.26898193359375" right_pupil_diameter="3.4952239990234375" timestamp="2018-02-14T15:44:14.582-05:00" session_time="71756295414" tracker_time="1518641054892" system_time="1518641054582" nano_time="2341827900484850" gazeId="1649" duration="134" url="https://stackoverflow.com/questions/44160451/jmeter-assertion-failure-with-groovy" Id="44160451">
            <soe part="QUESTION" part_number="1" type="CODE" type_number="1"/>
        </response>
        <response name="json - JMeter Assertion failure with groovy - Stack Overflow" type="browser" x="738.0" y="364.5" left_validation="1" right_validation="1" left_pupil_diameter="3.0245590209960938" right_pupil_diameter="3.473740641276042" timestamp="2018-02-14T15:44:14.716-05:00" session_time="71889507440" tracker_time="1518641055025" system_time="1518641054716" nano_time="2341828033696876" gazeId="1657" duration="483" url="https://stackoverflow.com/questions/44160451/jmeter-assertion-failure-with-groovy" Id="44160451">
            <soe part="QUESTION" part_number="1" type="CODE" type_number="1"/>
        </response>
        <response name="json - JMeter Assertion failure with groovy - Stack Overflow" type="browser" x="784.0" y="359.0" left_validation="1" right_validation="1" left_pupil_diameter="3.0361054519127153" right_pupil_diameter="3.4276223018251617" timestamp="2018-02-14T15:44:15.199-05:00" session_time="72373101441" tracker_time="1518641055508" system_time="1518641055199" nano_time="2341828517290877" gazeId="1686" duration="467" url="https://stackoverflow.com/questions/44160451/jmeter-assertion-failure-with-groovy" Id="44160451">
            <soe part="QUESTION" part_number="1" type="CODE" type_number="1"/>
        </response>
        <response name="json - JMeter Assertion failure with groovy - Stack Overflow" type="browser" x="760.0" y="385.0" left_validation="1" right_validation="1" left_pupil_diameter="2.896079754007274" right_pupil_diameter="3.363224950330011" timestamp="2018-02-14T15:44:15.666-05:00" session_time="72839612588" tracker_time="1518641055975" system_time="1518641055666" nano_time="2341828983802024" gazeId="1714" duration="466" url="https://stackoverflow.com/questions/44160451/jmeter-assertion-failure-with-groovy" Id="44160451">
            <soe part="QUESTION" part_number="1" type="CODE" type_number="1"/>
        </response>
        <response name="json - JMeter Assertion failure with groovy - Stack Overflow" type="browser" x="824.0" y="399.0" left_validation="1" right_validation="1" left_pupil_diameter="2.449697321111506" right_pupil_diameter="3.3010295521129263" timestamp="2018-02-14T15:44:16.132-05:00" session_time="73305623379" tracker_time="1518641056442" system_time="1518641056132" nano_time="2341829449812815" gazeId="1742" duration="350" url="https://stackoverflow.com/questions/44160451/jmeter-assertion-failure-with-groovy" Id="44160451">
            <soe part="QUESTION" part_number="1" type="CODE" type_number="1"/>
        </response>
        <response name="json - JMeter Assertion failure with groovy - Stack Overflow" type="browser" x="782.0" y="411.0" left_validation="1" right_validation="1" left_pupil_diameter="3.1396697998046874" right_pupil_diameter="3.2426727294921873" timestamp="2018-02-14T15:44:16.482-05:00" session_time="73656126320" tracker_time="1518641056792" system_time="1518641056482" nano_time="2341829800315756" gazeId="1763" duration="66" url="https://stackoverflow.com/questions/44160451/jmeter-assertion-failure-with-groovy" Id="44160451">
            <soe part="QUESTION" part_number="1" type="CODE" type_number="1"/>
        </response>
        <response name="json - JMeter Assertion failure with groovy - Stack Overflow" type="browser" x="723.5" y="415.5" left_validation="1" right_validation="1" left_pupil_diameter="2.2112676447088067" right_pupil_diameter="3.217321916060014" timestamp="2018-02-14T15:44:16.548-05:00" session_time="73722150600" tracker_time="1518641056858" system_time="1518641056548" nano_time="2341829866340036" gazeId="1767" duration="350" url="https://stackoverflow.com/questions/44160451/jmeter-assertion-failure-with-groovy" Id="44160451">
            <soe part="QUESTION" part_number="1" type="CODE" type_number="1"/>
        </response>
        <response name="json - JMeter Assertion failure with groovy - Stack Overflow" type="browser" x="735.0" y="337.0" left_validation="1" right_validation="1" left_pupil_diameter="2.7050403795744242" right_pupil_diameter="3.2074408280222038" timestamp="2018-02-14T15:44:16.898-05:00" session_time="74072234927" tracker_time="1518641057208" system_time="1518641056898" nano_time="2341830216424363" gazeId="1788" duration="300" url="https://stackoverflow.com/questions/44160451/jmeter-assertion-failure-with-groovy" Id="44160451">
            <soe part="QUESTION" part_number="1" type="CODE" type_number="1"/>
        </response>
        <response name="json - JMeter Assertion failure with groovy - Stack Overflow" type="browser" x="740.5" y="301.0" left_validation="1" right_validation="1" left_pupil_diameter="2.3067588806152344" right_pupil_diameter="3.1895065307617188" timestamp="2018-02-14T15:44:17.198-05:00" session_time="74371974632" tracker_time="1518641057508" system_time="1518641057198" nano_time="2341830516164068" gazeId="1806" duration="249" url="https://stackoverflow.com/questions/44160451/jmeter-assertion-failure-with-groovy" Id="44160451">
            <soe part="QUESTION" part_number="1" type="CODE" type_number="1"/>
        </response>
        <response name="json - JMeter Assertion failure with groovy - Stack Overflow" type="browser" x="727.0" y="494.0" left_validation="1" right_validation="1" left_pupil_diameter="2.956022716703869" right_pupil_diameter="3.1770252046130953" timestamp="2018-02-14T15:44:17.447-05:00" session_time="74622062515" tracker_time="1518641057758" system_time="1518641057447" nano_time="2341830766251951" gazeId="1821" duration="334" url="https://stackoverflow.com/questions/44160451/jmeter-assertion-failure-with-groovy" Id="44160451">
            <soe part="QUESTION" part_number="1" type="CODE" type_number="1"/>
        </response>
        <response name="json - JMeter Assertion failure with groovy - Stack Overflow" type="browser" x="729.0" y="548.5" left_validation="1" right_validation="1" left_pupil_diameter="3.0046819051106772" right_pupil_diameter="3.2061793009440103" timestamp="2018-02-14T15:44:17.781-05:00" session_time="74955280259" tracker_time="1518641058091" system_time="1518641057781" nano_time="2341831099469695" gazeId="1841" duration="283" url="https://stackoverflow.com/questions/44160451/jmeter-assertion-failure-with-groovy" Id="44160451">
            <soe part="QUESTION" part_number="1" type="CODE" type_number="1"/>
        </response>
        <response name="json - JMeter Assertion failure with groovy - Stack Overflow" type="browser" x="741.5" y="626.0" left_validation="1" right_validation="1" left_pupil_diameter="3.05877685546875" right_pupil_diameter="3.2221171061197915" timestamp="2018-02-14T15:44:18.064-05:00" session_time="75238503081" tracker_time="1518641058375" system_time="1518641058064" nano_time="2341831382692517" gazeId="1858" duration="183" url="https://stackoverflow.com/questions/44160451/jmeter-assertion-failure-with-groovy" Id="44160451">
            <soe part="QUESTION" part_number="1" type="TEXT" type_number="2"/>
        </response>
        <response name="json - JMeter Assertion failure with groovy - Stack Overflow" type="browser" x="805.5" y="629.5" left_validation="1" right_validation="1" left_pupil_diameter="1.6904042561848958" right_pupil_diameter="3.2307281494140625" timestamp="2018-02-14T15:44:18.247-05:00" session_time="75421943529" tracker_time="1518641058558" system_time="1518641058247" nano_time="2341831566132965" gazeId="1869" duration="84" url="https://stackoverflow.com/questions/44160451/jmeter-assertion-failure-with-groovy" Id="44160451">
            <soe part="QUESTION" part_number="1" type="TEXT" type_number="2"/>
        </response>
        <response name="json - JMeter Assertion failure with groovy - Stack Overflow" type="browser" x="846.0" y="626.0" left_validation="1" right_validation="1" left_pupil_diameter="1.2417416042751737" right_pupil_diameter="3.228059556749132" timestamp="2018-02-14T15:44:18.331-05:00" session_time="75505267302" tracker_time="1518641058641" system_time="1518641058331" nano_time="2341831649456738" gazeId="1874" duration="133" url="https://stackoverflow.com/questions/44160451/jmeter-assertion-failure-with-groovy" Id="44160451">
            <soe part="QUESTION" part_number="1" type="CODE" type_number="1"/>
        </response>
        <response name="json - JMeter Assertion failure with groovy - Stack Overflow" type="browser" x="888.5" y="625.0" left_validation="1" right_validation="1" left_pupil_diameter="3.1516614641462053" right_pupil_diameter="3.2244883946010043" timestamp="2018-02-14T15:44:18.464-05:00" session_time="75638465398" tracker_time="1518641058775" system_time="1518641058464" nano_time="2341831782654834" gazeId="1882" duration="217" url="https://stackoverflow.com/questions/44160451/jmeter-assertion-failure-with-groovy" Id="44160451">
            <soe part="QUESTION" part_number="1" type="CODE" type_number="1"/>
        </response>
        <response name="json - JMeter Assertion failure with groovy - Stack Overflow" type="browser" x="946.0" y="622.0" left_validation="1" right_validation="1" left_pupil_diameter="3.210886174982244" right_pupil_diameter="3.232054276899858" timestamp="2018-02-14T15:44:18.681-05:00" session_time="75855213802" tracker_time="1518641058991" system_time="1518641058681" nano_time="2341831999403238" gazeId="1895" duration="1550" url="https://stackoverflow.com/questions/44160451/jmeter-assertion-failure-with-groovy" Id="44160451">
            <soe part="QUESTION" part_number="1" type="CODE" type_number="1"/>
        </response>
        <response name="json - JMeter Assertion failure with groovy - Stack Overflow" type="browser" x="793.0" y="462.0" left_validation="1" right_validation="1" left_pupil_diameter="3.205782209123884" right_pupil_diameter="3.2191527230398997" timestamp="2018-02-14T15:44:20.231-05:00" session_time="77404942418" tracker_time="1518641060541" system_time="1518641060231" nano_time="2341833549131854" gazeId="1905" duration="450" url="https://stackoverflow.com/questions/44160451/jmeter-assertion-failure-with-groovy" Id="44160451">
            <soe part="QUESTION" part_number="1" type="CODE" type_number="1"/>
        </response>
        <response name="json - JMeter Assertion failure with groovy - Stack Overflow" type="browser" x="867.0" y="335.0" left_validation="1" right_validation="1" left_pupil_diameter="3.2233249439912686" right_pupil_diameter="3.2481608671300553" timestamp="2018-02-14T15:44:20.681-05:00" session_time="77854849074" tracker_time="1518641060991" system_time="1518641060681" nano_time="2341833999038510" gazeId="1932" duration="266" url="https://stackoverflow.com/questions/44160451/jmeter-assertion-failure-with-groovy" Id="44160451">
            <soe part="QUESTION" part_number="1" type="CODE" type_number="1"/>
        </response>
        <response name="json - JMeter Assertion failure with groovy - Stack Overflow" type="browser" x="808.0" y="290.0" left_validation="1" right_validation="1" left_pupil_diameter="3.219140139493075" right_pupil_diameter="3.2371878190474077" timestamp="2018-02-14T15:44:20.947-05:00" session_time="78121442477" tracker_time="1518641061258" system_time="1518641060947" nano_time="2341834265631913" gazeId="1948" duration="717" url="https://stackoverflow.com/questions/44160451/jmeter-assertion-failure-with-groovy" Id="44160451">
            <soe part="QUESTION" part_number="1" type="CODE" type_number="1"/>
        </response>
        <response name="json - JMeter Assertion failure with groovy - Stack Overflow" type="browser" x="884.0" y="611.0" left_validation="1" right_validation="1" left_pupil_diameter="3.209493463689631" right_pupil_diameter="3.258451981977983" timestamp="2018-02-14T15:44:21.664-05:00" session_time="78838009983" tracker_time="1518641061974" system_time="1518641061664" nano_time="2341834982199419" gazeId="1991" duration="733" url="https://stackoverflow.com/questions/44160451/jmeter-assertion-failure-with-groovy" Id="44160451">
            <soe part="QUESTION" part_number="1" type="CODE" type_number="1"/>
        </response>
        <response name="json - JMeter Assertion failure with groovy - Stack Overflow" type="browser" x="781.0" y="332.5" left_validation="1" right_validation="1" left_pupil_diameter="3.2438548694957388" right_pupil_diameter="3.2948226928710938" timestamp="2018-02-14T15:44:22.397-05:00" session_time="79571245029" tracker_time="1518641062708" system_time="1518641062397" nano_time="2341835715434465" gazeId="2001" duration="350" url="https://stackoverflow.com/questions/44160451/jmeter-assertion-failure-with-groovy" Id="44160451">
            <soe part="QUESTION" part_number="1" type="CODE" type_number="1"/>
        </response>
        <response name="json - JMeter Assertion failure with groovy - Stack Overflow" type="browser" x="760.0" y="299.0" left_validation="1" right_validation="1" left_pupil_diameter="3.3225614107572117" right_pupil_diameter="3.3575955904447117" timestamp="2018-02-14T15:44:22.747-05:00" session_time="79921339986" tracker_time="1518641063058" system_time="1518641062747" nano_time="2341836065529422" gazeId="2022" duration="200" url="https://stackoverflow.com/questions/44160451/jmeter-assertion-failure-with-groovy" Id="44160451">
            <soe part="QUESTION" part_number="1" type="CODE" type_number="1"/>
        </response>
        <response name="json - JMeter Assertion failure with groovy - Stack Overflow" type="browser" x="809.0" y="305.5" left_validation="1" right_validation="1" left_pupil_diameter="3.3204803466796875" right_pupil_diameter="3.373845100402832" timestamp="2018-02-14T15:44:22.947-05:00" session_time="80121286688" tracker_time="1518641063257" system_time="1518641062947" nano_time="2341836265476124" gazeId="2034" duration="250" url="https://stackoverflow.com/questions/44160451/jmeter-assertion-failure-with-groovy" Id="44160451">
            <soe part="QUESTION" part_number="1" type="CODE" type_number="1"/>
        </response>
        <response name="json - JMeter Assertion failure with groovy - Stack Overflow" type="browser" x="766.0" y="331.0" left_validation="1" right_validation="1" left_pupil_diameter="3.314014434814453" right_pupil_diameter="3.3438730239868164" timestamp="2018-02-14T15:44:23.197-05:00" session_time="80371154634" tracker_time="1518641063507" system_time="1518641063197" nano_time="2341836515344070" gazeId="2049" duration="284" url="https://stackoverflow.com/questions/44160451/jmeter-assertion-failure-with-groovy" Id="44160451">
            <soe part="QUESTION" part_number="1" type="CODE" type_number="1"/>
        </response>
        <response name="json - JMeter Assertion failure with groovy - Stack Overflow" type="browser" x="814.0" y="353.0" left_validation="1" right_validation="1" left_pupil_diameter="2.601789586684283" right_pupil_diameter="3.3078864602481617" timestamp="2018-02-14T15:44:23.481-05:00" session_time="80654845555" tracker_time="1518641063791" system_time="1518641063481" nano_time="2341836799034991" gazeId="2064" duration="333" url="https://stackoverflow.com/questions/44160451/jmeter-assertion-failure-with-groovy" Id="44160451">
            <soe part="QUESTION" part_number="1" type="TEXT" type_number="2"/>
        </response>
        <response name="json - JMeter Assertion failure with groovy - Stack Overflow" type="browser" x="735.5" y="329.0" left_validation="1" right_validation="1" left_pupil_diameter="3.3871131310096154" right_pupil_diameter="3.4131387563852162" timestamp="2018-02-14T15:44:23.814-05:00" session_time="80987846661" tracker_time="1518641064124" system_time="1518641063814" nano_time="2341837132036097" gazeId="2080" duration="416" url="https://stackoverflow.com/questions/44160451/jmeter-assertion-failure-with-groovy" Id="44160451">
            <soe part="QUESTION" part_number="1" type="TEXT" type_number="2"/>
        </response>
        <response name="json - JMeter Assertion failure with groovy - Stack Overflow" type="browser" x="759.0" y="403.0" left_validation="1" right_validation="1" left_pupil_diameter="3.340171644422743" right_pupil_diameter="3.394004313151042" timestamp="2018-02-14T15:44:24.23-05:00" session_time="81404441696" tracker_time="1518641064541" system_time="1518641064230" nano_time="2341837548631132" gazeId="2105" duration="734" url="https://stackoverflow.com/questions/44160451/jmeter-assertion-failure-with-groovy" Id="44160451">
            <soe part="QUESTION" part_number="1" type="CODE" type_number="1"/>
        </response>
        <response name="json - JMeter Assertion failure with groovy - Stack Overflow" type="browser" x="786.0" y="348.0" left_validation="1" right_validation="1" left_pupil_diameter="3.296099149263822" right_pupil_diameter="3.3871377798227162" timestamp="2018-02-14T15:44:24.964-05:00" session_time="82137585101" tracker_time="1518641065274" system_time="1518641064964" nano_time="2341838281774537" gazeId="2149" duration="200" url="https://stackoverflow.com/questions/44160451/jmeter-assertion-failure-with-groovy" Id="44160451">
            <soe part="QUESTION" part_number="1" type="CODE" type_number="1"/>
        </response>
        <response name="json - JMeter Assertion failure with groovy - Stack Overflow" type="browser" x="773.0" y="308.5" left_validation="1" right_validation="1" left_pupil_diameter="3.281682332356771" right_pupil_diameter="3.3718049791124134" timestamp="2018-02-14T15:44:25.164-05:00" session_time="82337528871" tracker_time="1518641065474" system_time="1518641065164" nano_time="2341838481718307" gazeId="2161" duration="969" url="https://stackoverflow.com/questions/44160451/jmeter-assertion-failure-with-groovy" Id="44160451">
            <soe part="QUESTION" part_number="1" type="CODE" type_number="1"/>
        </response>
        <response name="json - JMeter Assertion failure with groovy - Stack Overflow" type="browser" x="835.0" y="331.0" left_validation="1" right_validation="1" left_pupil_diameter="3.1558197021484373" right_pupil_diameter="3.292498779296875" timestamp="2018-02-14T15:44:26.133-05:00" session_time="83306629223" tracker_time="1518641066440" system_time="1518641066133" nano_time="2341839450818659" gazeId="2214" duration="63" url="https://stackoverflow.com/questions/44160451/jmeter-assertion-failure-with-groovy" Id="44160451">
            <soe part="QUESTION" part_number="1" type="CODE" type_number="2"/>
        </response>
        <response name="json - JMeter Assertion failure with groovy - Stack Overflow" type="browser" x="890.5" y="316.0" left_validation="1" right_validation="1" left_pupil_diameter="3.2725917674877025" right_pupil_diameter="3.3356046323423034" timestamp="2018-02-14T15:44:26.196-05:00" session_time="83370842324" tracker_time="1518641066507" system_time="1518641066196" nano_time="2341839515031760" gazeId="2218" duration="1184" url="https://stackoverflow.com/questions/44160451/jmeter-assertion-failure-with-groovy" Id="44160451">
            <soe part="QUESTION" part_number="1" type="CODE" type_number="2"/>
        </response>
        <response name="json - JMeter Assertion failure with groovy - Stack Overflow" type="browser" x="939.0" y="329.0" left_validation="1" right_validation="1" left_pupil_diameter="2.7852581569126675" right_pupil_diameter="3.255951472691127" timestamp="2018-02-14T15:44:27.38-05:00" session_time="84553870392" tracker_time="1518641067690" system_time="1518641067380" nano_time="2341840698059828" gazeId="2271" duration="617" url="https://stackoverflow.com/questions/44160451/jmeter-assertion-failure-with-groovy" Id="44160451">
            <soe part="QUESTION" part_number="1" type="TEXT" type_number="2"/>
        </response>
        <response name="json - JMeter Assertion failure with groovy - Stack Overflow" type="browser" x="744.0" y="338.0" left_validation="1" right_validation="1" left_pupil_diameter="3.2059012518988714" right_pupil_diameter="3.231408860948351" timestamp="2018-02-14T15:44:27.997-05:00" session_time="85170646361" tracker_time="1518641068307" system_time="1518641067997" nano_time="2341841314835797" gazeId="2298" duration="683" url="https://stackoverflow.com/questions/44160451/jmeter-assertion-failure-with-groovy" Id="44160451">
            <soe part="QUESTION" part_number="1" type="CODE" type_number="2"/>
        </response>
        <response name="json - JMeter Assertion failure with groovy - Stack Overflow" type="browser" x="803.5" y="341.0" left_validation="1" right_validation="1" left_pupil_diameter="3.167551040649414" right_pupil_diameter="3.174985885620117" timestamp="2018-02-14T15:44:28.68-05:00" session_time="85853846529" tracker_time="1518641068990" system_time="1518641068680" nano_time="2341841998035965" gazeId="2333" duration="283" url="https://stackoverflow.com/questions/44160451/jmeter-assertion-failure-with-groovy" Id="44160451">
            <soe part="ANSWER" part_number="1" type="IMAGE" type_number="1"/>
        </response>
        <response name="json - JMeter Assertion failure with groovy - Stack Overflow" type="browser" x="750.0" y="331.5" left_validation="1" right_validation="1" left_pupil_diameter="3.177980422973633" right_pupil_diameter="3.2095184326171875" timestamp="2018-02-14T15:44:28.963-05:00" session_time="86137127266" tracker_time="1518641069273" system_time="1518641068963" nano_time="2341842281316702" gazeId="2348" duration="450" url="https://stackoverflow.com/questions/44160451/jmeter-assertion-failure-with-groovy" Id="44160451">
            <soe part="QUESTION" part_number="1" type="CODE" type_number="1"/>
        </response>
        <response name="json - JMeter Assertion failure with groovy - Stack Overflow" type="browser" x="808.0" y="328.0" left_validation="1" right_validation="1" left_pupil_diameter="3.123848724365234" right_pupil_diameter="3.2461708068847654" timestamp="2018-02-14T15:44:29.413-05:00" session_time="86587042352" tracker_time="1518641069723" system_time="1518641069413" nano_time="2341842731231788" gazeId="2355" duration="650" url="https://stackoverflow.com/questions/44160451/jmeter-assertion-failure-with-groovy" Id="44160451">
            <soe part="QUESTION" part_number="1" type="CODE" type_number="1"/>
        </response>
        <response name="json - JMeter Assertion failure with groovy - Stack Overflow" type="browser" x="791.0" y="287.0" left_validation="1" right_validation="1" left_pupil_diameter="3.090581258138021" right_pupil_diameter="3.296207972935268" timestamp="2018-02-14T15:44:30.063-05:00" session_time="87237114547" tracker_time="1518641070373" system_time="1518641070063" nano_time="2341843381303983" gazeId="2394" duration="333" url="https://stackoverflow.com/questions/44160451/jmeter-assertion-failure-with-groovy" Id="44160451">
            <soe part="QUESTION" part_number="1" type="CODE" type_number="2"/>
        </response>
        <response name="json - JMeter Assertion failure with groovy - Stack Overflow" type="browser" x="827.0" y="306.0" left_validation="1" right_validation="1" left_pupil_diameter="3.1881819100215516" right_pupil_diameter="3.340040009597252" timestamp="2018-02-14T15:44:30.396-05:00" session_time="87570354651" tracker_time="1518641070707" system_time="1518641070396" nano_time="2341843714544087" gazeId="2414" duration="466" url="https://stackoverflow.com/questions/44160451/jmeter-assertion-failure-with-groovy" Id="44160451">
            <soe part="ANSWER" part_number="1" type="IMAGE" type_number="1"/>
        </response>
        <response name="json - JMeter Assertion failure with groovy - Stack Overflow" type="browser" x="772.0" y="297.0" left_validation="1" right_validation="1" left_pupil_diameter="3.2617950439453125" right_pupil_diameter="3.3278652891820792" timestamp="2018-02-14T15:44:30.862-05:00" session_time="88036909786" tracker_time="1518641071173" system_time="1518641070862" nano_time="2341844181099222" gazeId="2442" duration="801" url="https://stackoverflow.com/questions/44160451/jmeter-assertion-failure-with-groovy" Id="44160451">
            <soe part="ANSWER" part_number="1" type="IMAGE" type_number="1"/>
        </response>
        <response name="json - JMeter Assertion failure with groovy - Stack Overflow" type="browser" x="813.0" y="326.0" left_validation="1" right_validation="1" left_pupil_diameter="3.3128680060891544" right_pupil_diameter="3.316681805778952" timestamp="2018-02-14T15:44:31.663-05:00" session_time="88837240937" tracker_time="1518641071973" system_time="1518641071663" nano_time="2341844981430373" gazeId="2490" duration="266" url="https://stackoverflow.com/questions/44160451/jmeter-assertion-failure-with-groovy" Id="44160451">
            <soe part="ANSWER" part_number="1" type="IMAGE" type_number="1"/>
        </response>
        <response name="json - JMeter Assertion failure with groovy - Stack Overflow" type="browser" x="848.0" y="321.0" left_validation="1" right_validation="1" left_pupil_diameter="3.269172845884811" right_pupil_diameter="3.283321646756904" timestamp="2018-02-14T15:44:31.929-05:00" session_time="89103383104" tracker_time="1518641072240" system_time="1518641071929" nano_time="2341845247572540" gazeId="2506" duration="700" url="https://stackoverflow.com/questions/44160451/jmeter-assertion-failure-with-groovy" Id="44160451">
            <soe part="ANSWER" part_number="1" type="IMAGE" type_number="1"/>
        </response>
        <response name="json - JMeter Assertion failure with groovy - Stack Overflow" type="browser" x="926.0" y="331.0" left_validation="1" right_validation="1" left_pupil_diameter="3.230798993791853" right_pupil_diameter="3.229241507393973" timestamp="2018-02-14T15:44:32.629-05:00" session_time="89803282703" tracker_time="1518641072940" system_time="1518641072629" nano_time="2341845947472139" gazeId="2548" duration="622" url="https://stackoverflow.com/questions/44160451/jmeter-assertion-failure-with-groovy" Id="44160451">
            <soe part="ANSWER" part_number="1" type="IMAGE" type_number="1"/>
        </response>
        <response name="json - JMeter Assertion failure with groovy - Stack Overflow" type="browser" x="843.0" y="356.0" left_validation="1" right_validation="1" left_pupil_diameter="3.2416861397879466" right_pupil_diameter="3.241823468889509" timestamp="2018-02-14T15:44:33.251-05:00" session_time="90425196394" tracker_time="1518641073556" system_time="1518641073251" nano_time="2341846569385830" gazeId="2575" duration="94" url="https://stackoverflow.com/questions/44160451/jmeter-assertion-failure-with-groovy" Id="44160451">
            <soe part="ANSWER" part_number="1" type="CODE" type_number="1"/>
        </response>
        <response name="json - JMeter Assertion failure with groovy - Stack Overflow" type="browser" x="728.0" y="352.0" left_validation="1" right_validation="1" left_pupil_diameter="3.229308388449929" right_pupil_diameter="3.2240853743119673" timestamp="2018-02-14T15:44:33.345-05:00" session_time="90519855340" tracker_time="1518641073656" system_time="1518641073345" nano_time="2341846664044776" gazeId="2581" duration="718" url="https://stackoverflow.com/questions/44160451/jmeter-assertion-failure-with-groovy" Id="44160451">
            <soe part="ANSWER" part_number="1" type="CODE" type_number="1"/>
        </response>
        <response name="json - JMeter Assertion failure with groovy - Stack Overflow" type="browser" x="772.0" y="351.0" left_validation="1" right_validation="1" left_pupil_diameter="3.1604741414388022" right_pupil_diameter="3.1455510457356772" timestamp="2018-02-14T15:44:34.063-05:00" session_time="91236524017" tracker_time="1518641074373" system_time="1518641074063" nano_time="2341847380713453" gazeId="2624" duration="183" url="https://stackoverflow.com/questions/44160451/jmeter-assertion-failure-with-groovy" Id="44160451">
            <soe part="ANSWER" part_number="1" type="IMAGE" type_number="2"/>
        </response>
        <response name="json - JMeter Assertion failure with groovy - Stack Overflow" type="browser" x="814.0" y="348.0" left_validation="1" right_validation="1" left_pupil_diameter="3.2082995037699855" right_pupil_diameter="3.162097309910974" timestamp="2018-02-14T15:44:34.246-05:00" session_time="91419827371" tracker_time="1518641074556" system_time="1518641074246" nano_time="2341847564016807" gazeId="2635" duration="733" url="https://stackoverflow.com/questions/44160451/jmeter-assertion-failure-with-groovy" Id="44160451">
            <soe part="ANSWER" part_number="1" type="IMAGE" type_number="2"/>
        </response>
        <response name="json - JMeter Assertion failure with groovy - Stack Overflow" type="browser" x="755.0" y="362.0" left_validation="1" right_validation="1" left_pupil_diameter="3.2665252685546875" right_pupil_diameter="3.2162708955652572" timestamp="2018-02-14T15:44:34.979-05:00" session_time="92152979574" tracker_time="1518641075289" system_time="1518641074979" nano_time="2341848297169010" gazeId="2677" duration="266" url="https://stackoverflow.com/questions/44160451/jmeter-assertion-failure-with-groovy" Id="44160451">
            <soe part="ANSWER" part_number="1" type="IMAGE" type_number="2"/>
        </response>
        <response name="json - JMeter Assertion failure with groovy - Stack Overflow" type="browser" x="720.0" y="365.0" left_validation="1" right_validation="1" left_pupil_diameter="3.2355576552353895" right_pupil_diameter="3.17548182103541" timestamp="2018-02-14T15:44:35.245-05:00" session_time="92419788516" tracker_time="1518641075556" system_time="1518641075245" nano_time="2341848563977952" gazeId="2693" duration="1417" url="https://stackoverflow.com/questions/44160451/jmeter-assertion-failure-with-groovy" Id="44160451">
            <soe part="ANSWER" part_number="1" type="IMAGE" type_number="1"/>
        </response>
        <response name="json - JMeter Assertion failure with groovy - Stack Overflow" type="browser" x="757.0" y="365.0" left_validation="1" right_validation="1" left_pupil_diameter="3.1577835083007812" right_pupil_diameter="3.1117121378580728" timestamp="2018-02-14T15:44:36.662-05:00" session_time="93836167279" tracker_time="1518641076972" system_time="1518641076662" nano_time="2341849980356715" gazeId="2769" duration="84" url="https://stackoverflow.com/questions/44160451/jmeter-assertion-failure-with-groovy" Id="44160451">
            <soe part="QUESTION" part_number="1" type="CODE" type_number="1"/>
        </response>
        <response name="json - JMeter Assertion failure with groovy - Stack Overflow" type="browser" x="809.0" y="364.0" left_validation="1" right_validation="1" left_pupil_diameter="3.136007869944853" right_pupil_diameter="3.088460361256319" timestamp="2018-02-14T15:44:36.746-05:00" session_time="93919461360" tracker_time="1518641077056" system_time="1518641076746" nano_time="2341850063650796" gazeId="2774" duration="1116" url="https://stackoverflow.com/questions/44160451/jmeter-assertion-failure-with-groovy" Id="44160451">
            <soe part="QUESTION" part_number="1" type="CODE" type_number="1"/>
        </response>
        <response name="json - JMeter Assertion failure with groovy - Stack Overflow" type="browser" x="786.0" y="301.5" left_validation="1" right_validation="1" left_pupil_diameter="3.1698694864908856" right_pupil_diameter="3.177844746907552" timestamp="2018-02-14T15:44:37.862-05:00" session_time="95035992650" tracker_time="1518641078172" system_time="1518641077862" nano_time="2341851180182086" gazeId="2841" duration="486" url="https://stackoverflow.com/questions/44160451/jmeter-assertion-failure-with-groovy" Id="44160451">
            <soe part="QUESTION" part_number="1" type="CODE" type_number="1"/>
        </response>
        <response name="json - JMeter Assertion failure with groovy - Stack Overflow" type="browser" x="859.0" y="322.0" left_validation="1" right_validation="1" left_pupil_diameter="3.2554036458333333" right_pupil_diameter="3.1957977294921873" timestamp="2018-02-14T15:44:38.348-05:00" session_time="95522092463" tracker_time="1518641078656" system_time="1518641078348" nano_time="2341851666281899" gazeId="2870" duration="230" url="https://stackoverflow.com/questions/44160451/jmeter-assertion-failure-with-groovy" Id="44160451">
            <soe part="QUESTION" part_number="1" type="CODE" type_number="1"/>
        </response>
        <response name="json - JMeter Assertion failure with groovy - Stack Overflow" type="browser" x="834.0" y="364.0" left_validation="1" right_validation="1" left_pupil_diameter="3.2618650778745995" right_pupil_diameter="3.1949705466245995" timestamp="2018-02-14T15:44:38.578-05:00" session_time="95752571519" tracker_time="1518641078889" system_time="1518641078578" nano_time="2341851896760955" gazeId="2884" duration="633" url="https://stackoverflow.com/questions/44160451/jmeter-assertion-failure-with-groovy" Id="44160451">
            <soe part="QUESTION" part_number="1" type="CODE" type_number="1"/>
        </response>
        <response name="json - JMeter Assertion failure with groovy - Stack Overflow" type="browser" x="908.5" y="366.0" left_validation="1" right_validation="1" left_pupil_diameter="3.223368027630974" right_pupil_diameter="3.148248560288373" timestamp="2018-02-14T15:44:39.211-05:00" session_time="96385775297" tracker_time="1518641079522" system_time="1518641079211" nano_time="2341852529964733" gazeId="2922" duration="551" url="https://stackoverflow.com/questions/44160451/jmeter-assertion-failure-with-groovy" Id="44160451">
            <soe part="QUESTION" part_number="1" type="CODE" type_number="1"/>
        </response>
        <response name="json - JMeter Assertion failure with groovy - Stack Overflow" type="browser" x="827.0" y="359.0" left_validation="1" right_validation="1" left_pupil_diameter="3.1846651349748885" right_pupil_diameter="3.103949410574777" timestamp="2018-02-14T15:44:39.795-05:00" session_time="96968978654" tracker_time="1518641080105" system_time="1518641079795" nano_time="2341853113168090" gazeId="2957" duration="216" url="https://stackoverflow.com/questions/44160451/jmeter-assertion-failure-with-groovy" Id="44160451">
            <soe part="QUESTION" part_number="1" type="CODE" type_number="1"/>
        </response>
    </gazes>
</itrace-records>
