<?xml version="1.0" encoding="UTF-8" standalone="yes"?>
<itrace-records>
    <environment>
        <screen-size width="1920" height="1080"/>
    </environment>
    <gazes>
        <response name="T5-SO.txt" type="txt" x="482.0" y="739.0" left_validation="1" right_validation="1" left_pupil_diameter="2.9184814453125" right_pupil_diameter="3.1217742919921876" timestamp="2018-02-16T12:36:07.646-05:00" session_time="2747696987" tracker_time="1518802566361" system_time="1518802567646" nano_time="2503341014014736" gazeId="16" duration="65" path="C:\CodeSummarizationStudy\_tasks\Sequence 5\T5-SO.txt" line_height="15" font_height="10" line="3" col="11" line_base_x="414" line_base_y="730"/>
        <response name="T5-SO.txt" type="txt" x="484.0" y="791.0" left_validation="1" right_validation="1" left_pupil_diameter="2.8934922899518694" right_pupil_diameter="3.0360439845493863" timestamp="2018-02-16T12:36:07.711-05:00" session_time="2814396840" tracker_time="1518802566428" system_time="1518802567711" nano_time="2503341080714589" gazeId="20" duration="1768" path="C:\CodeSummarizationStudy\_tasks\Sequence 5\T5-SO.txt" line_height="15" font_height="10" line="3" col="9" line_base_x="414" line_base_y="730"/>
        <response name="T5-SO.txt" type="txt" x="711.5" y="710.5" left_validation="1" right_validation="1" left_pupil_diameter="2.9986659458705356" right_pupil_diameter="3.1587862287248885" timestamp="2018-02-16T12:36:09.479-05:00" session_time="4580848201" tracker_time="1518802568194" system_time="1518802569479" nano_time="2503342847165950" gazeId="75" duration="566" path="C:\CodeSummarizationStudy\_tasks\Sequence 5\T5-SO.txt" line_height="15" font_height="10" line="6" col="11" line_base_x="414" line_base_y="775"/>
        <response name="T5-SO.txt" type="txt" x="646.0" y="747.0" left_validation="1" right_validation="1" left_pupil_diameter="3.0494293212890624" right_pupil_diameter="3.253855895996094" timestamp="2018-02-16T12:36:10.045-05:00" session_time="5147417741" tracker_time="1518802568761" system_time="1518802570045" nano_time="2503343413735490" gazeId="88" duration="13449" path="C:\CodeSummarizationStudy\_tasks\Sequence 5\T5-SO.txt" line_height="15" font_height="10" line="1" col="40" line_base_x="414" line_base_y="700"/>
        <response name="T5-SO.txt" type="txt" x="682.5" y="707.0" left_validation="1" right_validation="1" left_pupil_diameter="2.6664108276367187" right_pupil_diameter="2.8696544647216795" timestamp="2018-02-16T12:36:23.494-05:00" session_time="18595915334" tracker_time="1518802582209" system_time="1518802583494" nano_time="2503356862233083" gazeId="97" duration="882" path="C:\CodeSummarizationStudy\_tasks\Sequence 5\T5-SO.txt" line_height="15" font_height="10" line="6" col="33" line_base_x="414" line_base_y="775"/>
        <response name="T5-SO.txt" type="txt" x="637.0" y="710.0" left_validation="1" right_validation="1" left_pupil_diameter="2.6341529259314904" right_pupil_diameter="2.788585956280048" timestamp="2018-02-16T12:36:24.376-05:00" session_time="19478781785" tracker_time="1518802583092" system_time="1518802584376" nano_time="2503357745099534" gazeId="136" duration="200" path="C:\CodeSummarizationStudy\_tasks\Sequence 5\T5-SO.txt" line_height="15" font_height="10" line="1" col="33" line_base_x="414" line_base_y="700"/>
        <response name="T5-SO.txt" type="txt" x="824.0" y="701.0" left_validation="1" right_validation="1" left_pupil_diameter="2.6826570951021633" right_pupil_diameter="2.8374399038461537" timestamp="2018-02-16T12:36:24.576-05:00" session_time="19678620718" tracker_time="1518802583292" system_time="1518802584576" nano_time="2503357944938467" gazeId="148" duration="11398" path="C:\CodeSummarizationStudy\_tasks\Sequence 5\T5-SO.txt" line_height="15" font_height="10" line="1" col="30" line_base_x="414" line_base_y="700"/>
        <response name="T5-SO.txt" type="txt" x="764.0" y="703.0" left_validation="1" right_validation="1" left_pupil_diameter="2.5617230224609373" right_pupil_diameter="2.7076837158203126" timestamp="2018-02-16T12:36:35.974-05:00" session_time="31077094064" tracker_time="1518802594691" system_time="1518802595974" nano_time="2503369343411813" gazeId="160" duration="401" path="C:\CodeSummarizationStudy\_tasks\Sequence 5\T5-SO.txt" line_height="15" font_height="10" line="1" col="54" line_base_x="414" line_base_y="700"/>
        <response name="T5-SO.txt" type="txt" x="674.0" y="708.0" left_validation="1" right_validation="1" left_pupil_diameter="2.6626044379340277" right_pupil_diameter="2.8181220160590277" timestamp="2018-02-16T12:36:36.375-05:00" session_time="31477187977" tracker_time="1518802595091" system_time="1518802596375" nano_time="2503369743505726" gazeId="184" duration="7815" path="C:\CodeSummarizationStudy\_tasks\Sequence 5\T5-SO.txt" line_height="15" font_height="10" line="1" col="55" line_base_x="414" line_base_y="700"/>
        <response name="T5-SO.txt" type="txt" x="650.0" y="779.0" left_validation="1" right_validation="1" left_pupil_diameter="2.636197771344866" right_pupil_diameter="2.773712158203125" timestamp="2018-02-16T12:36:44.19-05:00" session_time="39292624018" tracker_time="1518802602907" system_time="1518802604190" nano_time="2503377558941767" gazeId="192" duration="100" path="C:\CodeSummarizationStudy\_tasks\Sequence 5\T5-SO.txt" line_height="15" font_height="10" line="6" col="37" line_base_x="414" line_base_y="775"/>
        <response name="T5-SO.txt" type="txt" x="565.0" y="785.5" left_validation="1" right_validation="1" left_pupil_diameter="2.591913859049479" right_pupil_diameter="2.7550074259440103" timestamp="2018-02-16T12:36:44.29-05:00" session_time="39392603600" tracker_time="1518802603007" system_time="1518802604290" nano_time="2503377658921349" gazeId="198" duration="284" path="C:\CodeSummarizationStudy\_tasks\Sequence 5\T5-SO.txt" line_height="15" font_height="10" line="6" col="31" line_base_x="414" line_base_y="775"/>
        <response name="T5-SO.txt" type="txt" x="586.0" y="746.5" left_validation="1" right_validation="1" left_pupil_diameter="2.5480152476917612" right_pupil_diameter="2.692845431241122" timestamp="2018-02-16T12:36:44.574-05:00" session_time="39675847315" tracker_time="1518802603290" system_time="1518802604574" nano_time="2503377942165064" gazeId="215" duration="1049" path="C:\CodeSummarizationStudy\_tasks\Sequence 5\T5-SO.txt" line_height="15" font_height="10" line="6" col="20" line_base_x="414" line_base_y="775"/>
        <response name="T5-SO.txt" type="txt" x="781.0" y="704.0" left_validation="1" right_validation="1" left_pupil_diameter="2.483735874720982" right_pupil_diameter="2.639017595563616" timestamp="2018-02-16T12:36:45.623-05:00" session_time="40725763428" tracker_time="1518802604340" system_time="1518802605623" nano_time="2503378992081177" gazeId="236" duration="4366" path="C:\CodeSummarizationStudy\_tasks\Sequence 5\T5-SO.txt" line_height="15" font_height="10" line="1" col="56" line_base_x="414" line_base_y="700"/>
        <response name="T5-SO.txt" type="txt" x="891.0" y="711.0" left_validation="1" right_validation="1" left_pupil_diameter="2.7383678539379224" right_pupil_diameter="2.8986094706767314" timestamp="2018-02-16T12:36:49.989-05:00" session_time="45091998078" tracker_time="1518802608706" system_time="1518802609989" nano_time="2503383358315827" gazeId="270" duration="600" path="C:\CodeSummarizationStudy\_tasks\Sequence 5\T5-SO.txt" line_height="15" font_height="10" line="1" col="65" line_base_x="414" line_base_y="700"/>
        <response name="T5-SO.txt" type="txt" x="942.0" y="703.0" left_validation="1" right_validation="1" left_pupil_diameter="2.7340811452557965" right_pupil_diameter="2.853700207125756" timestamp="2018-02-16T12:36:50.589-05:00" session_time="45691990673" tracker_time="1518802609306" system_time="1518802610589" nano_time="2503383958308422" gazeId="306" duration="768" path="C:\CodeSummarizationStudy\_tasks\Sequence 5\T5-SO.txt" line_height="15" font_height="10" line="1" col="68" line_base_x="414" line_base_y="700"/>
        <response name="T5-SO.txt" type="txt" x="897.0" y="710.5" left_validation="1" right_validation="1" left_pupil_diameter="2.759222177358774" right_pupil_diameter="2.8833113450270433" timestamp="2018-02-16T12:36:51.357-05:00" session_time="46459236372" tracker_time="1518802610072" system_time="1518802611357" nano_time="2503384725554121" gazeId="336" duration="416" path="C:\CodeSummarizationStudy\_tasks\Sequence 5\T5-SO.txt" line_height="15" font_height="10" line="1" col="74" line_base_x="414" line_base_y="700"/>
        <response name="T5-SO.txt" type="txt" x="824.0" y="705.0" left_validation="1" right_validation="1" left_pupil_diameter="2.7735974542025863" right_pupil_diameter="2.916112439385776" timestamp="2018-02-16T12:36:51.773-05:00" session_time="46875848269" tracker_time="1518802610489" system_time="1518802611773" nano_time="2503385142166018" gazeId="361" duration="467" path="C:\CodeSummarizationStudy\_tasks\Sequence 5\T5-SO.txt" line_height="15" font_height="10" line="1" col="65" line_base_x="414" line_base_y="700"/>
        <response name="T5-SO.txt" type="txt" x="614.0" y="471.5" left_validation="1" right_validation="1" left_pupil_diameter="2.764407730102539" right_pupil_diameter="2.864887237548828" timestamp="2018-02-16T12:36:52.24-05:00" session_time="47342121884" tracker_time="1518802610956" system_time="1518802612240" nano_time="2503385608439633" gazeId="389" duration="866" path="C:\CodeSummarizationStudy\_tasks\Sequence 5\T5-SO.txt" line_height="15" font_height="10" line="1" col="60" line_base_x="414" line_base_y="700"/>
        <response name="JDBCRealm.java" type="java" x="614.0" y="525.5" left_validation="1" right_validation="1" left_pupil_diameter="3.0051002502441406" right_pupil_diameter="3.163604736328125" timestamp="2018-02-16T12:36:53.106-05:00" session_time="48208069333" tracker_time="1518802611822" system_time="1518802613106" nano_time="2503386474387082" gazeId="428" duration="733" path="C:\CodeSummarizationStudy\tomcat\java\org\apache\catalina\realm\JDBCRealm.java" line_height="22" font_height="14" line="17" col="19" line_base_x="414" line_base_y="478">
            <sces>
                <sce name="org.apache.tomcat.util.ExceptionUtils" type="IMPORT" how="DECLARE" total_length="45" start_line="17" end_line="17" start_col="0" end_col="45"/>
            </sces>
        </response>
        <response name="JDBCRealm.java" type="java" x="742.0" y="539.5" left_validation="1" right_validation="1" left_pupil_diameter="3.131816864013672" right_pupil_diameter="3.2984981536865234" timestamp="2018-02-16T12:36:53.839-05:00" session_time="48941702464" tracker_time="1518802612555" system_time="1518802613839" nano_time="2503387208020213" gazeId="431" duration="850" path="C:\CodeSummarizationStudy\tomcat\java\org\apache\catalina\realm\JDBCRealm.java" line_height="22" font_height="14" line="22" col="22" line_base_x="414" line_base_y="588">
            <sces>
                <sce name="JDBCRealm" type="TYPE" how="DECLARE" total_length="12130" start_line="21" end_line="618" start_col="0" end_col="1"/>
            </sces>
        </response>
        <response name="JDBCRealm.java" type="java" x="469.5" y="375.0" left_validation="1" right_validation="1" left_pupil_diameter="3.156298501150949" right_pupil_diameter="3.3089387076241628" timestamp="2018-02-16T12:36:54.739-05:00" session_time="49841460424" tracker_time="1518802613455" system_time="1518802614739" nano_time="2503388107778173" gazeId="441" duration="10198" path="C:\CodeSummarizationStudy\tomcat\java\org\apache\catalina\realm\JDBCRealm.java" line_height="22" font_height="14" line="11" col="13" line_base_x="414" line_base_y="346">
            <sces>
                <sce name="java.sql.ResultSet" type="IMPORT" how="DECLARE" total_length="26" start_line="11" end_line="11" start_col="0" end_col="26"/>
            </sces>
        </response>
        <response name="T5-SO.txt" type="txt" x="664.0" y="799.0" left_validation="1" right_validation="1" left_pupil_diameter="2.782250606652462" right_pupil_diameter="2.9483753551136362" timestamp="2018-02-16T12:37:04.937-05:00" session_time="60039832745" tracker_time="1518802623654" system_time="1518802624937" nano_time="2503398306150494" gazeId="468" duration="3052" path="C:\CodeSummarizationStudy\_tasks\Sequence 5\T5-SO.txt" line_height="15" font_height="10" line="1" col="49" line_base_x="414" line_base_y="700"/>
        <response name="T5-SO.txt" type="txt" x="425.0" y="824.5" left_validation="1" right_validation="1" left_pupil_diameter="3.2699127197265625" right_pupil_diameter="3.5108871459960938" timestamp="2018-02-16T12:37:07.989-05:00" session_time="63091259090" tracker_time="1518802626703" system_time="1518802627989" nano_time="2503401357576839" gazeId="500" duration="81" path="C:\CodeSummarizationStudy\_tasks\Sequence 5\T5-SO.txt" line_height="15" font_height="10" line="9" col="1" line_base_x="414" line_base_y="820"/>
        <response name="T5-SO.txt" type="txt" x="454.0" y="794.0" left_validation="1" right_validation="1" left_pupil_diameter="3.089876921280571" right_pupil_diameter="3.2342350171959917" timestamp="2018-02-16T12:37:08.07-05:00" session_time="63173238316" tracker_time="1518802626787" system_time="1518802628070" nano_time="2503401439556065" gazeId="503" duration="484" path="C:\CodeSummarizationStudy\_tasks\Sequence 5\T5-SO.txt" line_height="15" font_height="10" line="9" col="2" line_base_x="414" line_base_y="820"/>
        <response name="T5-SO.txt" type="txt" x="492.0" y="794.0" left_validation="1" right_validation="1" left_pupil_diameter="2.8905319213867187" right_pupil_diameter="3.0348480224609373" timestamp="2018-02-16T12:37:08.554-05:00" session_time="63656307035" tracker_time="1518802627270" system_time="1518802628554" nano_time="2503401922624784" gazeId="525" duration="150" path="C:\CodeSummarizationStudy\_tasks\Sequence 5\T5-SO.txt" line_height="15" font_height="10" line="7" col="8" line_base_x="414" line_base_y="790"/>
        <response name="T5-SO.txt" type="txt" x="587.0" y="798.0" left_validation="1" right_validation="1" left_pupil_diameter="2.8785438537597656" right_pupil_diameter="2.9895873069763184" timestamp="2018-02-16T12:37:08.704-05:00" session_time="63806249649" tracker_time="1518802627420" system_time="1518802628704" nano_time="2503402072567398" gazeId="534" duration="633" path="C:\CodeSummarizationStudy\_tasks\Sequence 5\T5-SO.txt" line_height="15" font_height="10" line="7" col="14" line_base_x="414" line_base_y="790"/>
        <response name="T5-SO.txt" type="txt" x="527.0" y="783.0" left_validation="1" right_validation="1" left_pupil_diameter="2.938167995876736" right_pupil_diameter="3.1244439019097223" timestamp="2018-02-16T12:37:09.337-05:00" session_time="64439545068" tracker_time="1518802628053" system_time="1518802629337" nano_time="2503402705862817" gazeId="565" duration="7500" path="C:\CodeSummarizationStudy\_tasks\Sequence 5\T5-SO.txt" line_height="15" font_height="10" line="3" col="13" line_base_x="414" line_base_y="730"/>
        <response name="T5-SO.txt" type="txt" x="510.0" y="826.0" left_validation="1" right_validation="1" left_pupil_diameter="2.983001708984375" right_pupil_diameter="3.165019989013672" timestamp="2018-02-16T12:37:16.837-05:00" session_time="71938615652" tracker_time="1518802635552" system_time="1518802636837" nano_time="2503410204933401" gazeId="573" duration="83" path="C:\CodeSummarizationStudy\_tasks\Sequence 5\T5-SO.txt" line_height="15" font_height="10" line="7" col="15" line_base_x="414" line_base_y="790"/>
        <response name="T5-SO.txt" type="txt" x="485.0" y="852.0" left_validation="1" right_validation="1" left_pupil_diameter="2.57720947265625" right_pupil_diameter="3.0242144775390627" timestamp="2018-02-16T12:37:16.92-05:00" session_time="72022207014" tracker_time="1518802635636" system_time="1518802636920" nano_time="2503410288524763" gazeId="576" duration="10114" path="C:\CodeSummarizationStudy\_tasks\Sequence 5\T5-SO.txt" line_height="15" font_height="10" line="10" col="13" line_base_x="414" line_base_y="835"/>
        <response name="authorization - How to get roles from principal in Apache Shiro? - Stack Overflow" type="browser" x="957.0" y="368.0" left_validation="1" right_validation="1" left_pupil_diameter="2.793328603108724" right_pupil_diameter="2.9551849365234375" timestamp="2018-02-16T12:37:27.034-05:00" session_time="82137102340" tracker_time="1518802645751" system_time="1518802647034" nano_time="2503420403420089" gazeId="600" duration="186" url="https://stackoverflow.com/questions/46032100/how-to-get-roles-from-principal-in-apache-shiro" Id="46032100">
            <soe part="QUESTION" part_number="1" type="TEXT" type_number="1"/>
        </response>
        <response name="authorization - How to get roles from principal in Apache Shiro? - Stack Overflow" type="browser" x="788.0" y="371.5" left_validation="1" right_validation="1" left_pupil_diameter="2.7674441867404513" right_pupil_diameter="2.9100994533962674" timestamp="2018-02-16T12:37:27.22-05:00" session_time="82322197447" tracker_time="1518802645934" system_time="1518802647220" nano_time="2503420588515196" gazeId="611" duration="281" url="https://stackoverflow.com/questions/46032100/how-to-get-roles-from-principal-in-apache-shiro" Id="46032100">
            <soe part="QUESTION" part_number="1" type="CODE" type_number="1"/>
        </response>
        <response name="authorization - How to get roles from principal in Apache Shiro? - Stack Overflow" type="browser" x="717.0" y="413.5" left_validation="1" right_validation="1" left_pupil_diameter="2.767897033691406" right_pupil_diameter="2.9296932220458984" timestamp="2018-02-16T12:37:27.501-05:00" session_time="82603740684" tracker_time="1518802646218" system_time="1518802647501" nano_time="2503420870058433" gazeId="628" duration="767" url="https://stackoverflow.com/questions/46032100/how-to-get-roles-from-principal-in-apache-shiro" Id="46032100">
            <soe part="QUESTION" part_number="1" type="CODE" type_number="1"/>
        </response>
        <response name="authorization - How to get roles from principal in Apache Shiro? - Stack Overflow" type="browser" x="663.0" y="309.0" left_validation="1" right_validation="1" left_pupil_diameter="2.724297659737723" right_pupil_diameter="2.89107913062686" timestamp="2018-02-16T12:37:28.268-05:00" session_time="83370731257" tracker_time="1518802646984" system_time="1518802648268" nano_time="2503421637049006" gazeId="667" duration="333" url="https://stackoverflow.com/questions/46032100/how-to-get-roles-from-principal-in-apache-shiro" Id="46032100">
            <soe part="QUESTION" part_number="1" type="VOTE" type_number="1"/>
        </response>
        <response name="authorization - How to get roles from principal in Apache Shiro? - Stack Overflow" type="browser" x="685.0" y="395.0" left_validation="1" right_validation="1" left_pupil_diameter="2.7122879028320312" right_pupil_diameter="2.8771377563476563" timestamp="2018-02-16T12:37:28.601-05:00" session_time="83703612498" tracker_time="1518802647317" system_time="1518802648601" nano_time="2503421969930247" gazeId="687" duration="150" url="https://stackoverflow.com/questions/46032100/how-to-get-roles-from-principal-in-apache-shiro" Id="46032100">
            <soe part="QUESTION" part_number="1" type="CODE" type_number="1"/>
        </response>
        <response name="authorization - How to get roles from principal in Apache Shiro? - Stack Overflow" type="browser" x="705.0" y="483.5" left_validation="1" right_validation="1" left_pupil_diameter="2.588280995686849" right_pupil_diameter="2.813390096028646" timestamp="2018-02-16T12:37:28.751-05:00" session_time="83853438180" tracker_time="1518802647467" system_time="1518802648751" nano_time="2503422119755929" gazeId="696" duration="384" url="https://stackoverflow.com/questions/46032100/how-to-get-roles-from-principal-in-apache-shiro" Id="46032100">
            <soe part="QUESTION" part_number="1" type="CODE" type_number="1"/>
        </response>
        <response name="authorization - How to get roles from principal in Apache Shiro? - Stack Overflow" type="browser" x="708.0" y="520.0" left_validation="1" right_validation="1" left_pupil_diameter="2.721709209939708" right_pupil_diameter="2.885150080141814" timestamp="2018-02-16T12:37:29.135-05:00" session_time="84237147538" tracker_time="1518802647851" system_time="1518802649135" nano_time="2503422503465287" gazeId="707" duration="749" url="https://stackoverflow.com/questions/46032100/how-to-get-roles-from-principal-in-apache-shiro" Id="46032100">
            <soe part="QUESTION" part_number="1" type="CODE" type_number="1"/>
        </response>
        <response name="authorization - How to get roles from principal in Apache Shiro? - Stack Overflow" type="browser" x="708.0" y="474.0" left_validation="1" right_validation="1" left_pupil_diameter="2.7331107003348216" right_pupil_diameter="2.8245936802455356" timestamp="2018-02-16T12:37:29.884-05:00" session_time="84987082748" tracker_time="1518802648601" system_time="1518802649884" nano_time="2503423253400497" gazeId="752" duration="100" url="https://stackoverflow.com/questions/46032100/how-to-get-roles-from-principal-in-apache-shiro" Id="46032100">
            <soe part="QUESTION" part_number="1" type="CODE" type_number="1"/>
        </response>
        <response name="authorization - How to get roles from principal in Apache Shiro? - Stack Overflow" type="browser" x="711.5" y="423.0" left_validation="1" right_validation="1" left_pupil_diameter="2.7002883911132813" right_pupil_diameter="2.8267486572265623" timestamp="2018-02-16T12:37:29.984-05:00" session_time="85086939532" tracker_time="1518802648701" system_time="1518802649984" nano_time="2503423353257281" gazeId="758" duration="152" url="https://stackoverflow.com/questions/46032100/how-to-get-roles-from-principal-in-apache-shiro" Id="46032100">
            <soe part="QUESTION" part_number="1" type="TEXT" type_number="5"/>
        </response>
        <response name="authorization - How to get roles from principal in Apache Shiro? - Stack Overflow" type="browser" x="703.0" y="320.0" left_validation="1" right_validation="1" left_pupil_diameter="2.7348734537760415" right_pupil_diameter="2.9214033647017046" timestamp="2018-02-16T12:37:30.168-05:00" session_time="85270910762" tracker_time="1518802648884" system_time="1518802650168" nano_time="2503423537228511" gazeId="769" duration="650" url="https://stackoverflow.com/questions/46032100/how-to-get-roles-from-principal-in-apache-shiro" Id="46032100">
            <soe part="QUESTION" part_number="1" type="TEXT" type_number="3"/>
        </response>
        <response name="authorization - How to get roles from principal in Apache Shiro? - Stack Overflow" type="browser" x="749.0" y="293.0" left_validation="1" right_validation="1" left_pupil_diameter="2.847156231219952" right_pupil_diameter="3.029735858623798" timestamp="2018-02-16T12:37:30.818-05:00" session_time="85920889117" tracker_time="1518802649534" system_time="1518802650818" nano_time="2503424187206866" gazeId="801" duration="467" url="https://stackoverflow.com/questions/46032100/how-to-get-roles-from-principal-in-apache-shiro" Id="46032100">
            <soe part="QUESTION" part_number="1" type="COMMENT" type_number="1"/>
        </response>
        <response name="authorization - How to get roles from principal in Apache Shiro? - Stack Overflow" type="browser" x="719.5" y="327.5" left_validation="1" right_validation="1" left_pupil_diameter="2.9579933166503904" right_pupil_diameter="3.1542874654134114" timestamp="2018-02-16T12:37:31.285-05:00" session_time="86387128275" tracker_time="1518802650000" system_time="1518802651285" nano_time="2503424653446024" gazeId="813" duration="983" url="https://stackoverflow.com/questions/46032100/how-to-get-roles-from-principal-in-apache-shiro" Id="46032100">
            <soe part="ANSWER" part_number="1" type="TEXT" type_number="1"/>
        </response>
        <response name="authorization - How to get roles from principal in Apache Shiro? - Stack Overflow" type="browser" x="837.0" y="316.0" left_validation="1" right_validation="1" left_pupil_diameter="2.9896563575381325" right_pupil_diameter="3.1533105032784596" timestamp="2018-02-16T12:37:32.268-05:00" session_time="87370340136" tracker_time="1518802650984" system_time="1518802652268" nano_time="2503425636657885" gazeId="872" duration="683" url="https://stackoverflow.com/questions/46032100/how-to-get-roles-from-principal-in-apache-shiro" Id="46032100">
            <soe part="ANSWER" part_number="1" type="TEXT" type_number="1"/>
        </response>
        <response name="authorization - How to get roles from principal in Apache Shiro? - Stack Overflow" type="browser" x="880.0" y="319.0" left_validation="1" right_validation="1" left_pupil_diameter="2.9964439392089846" right_pupil_diameter="3.1522537231445313" timestamp="2018-02-16T12:37:32.951-05:00" session_time="88053009156" tracker_time="1518802651667" system_time="1518802652951" nano_time="2503426319326905" gazeId="913" duration="316" url="https://stackoverflow.com/questions/46032100/how-to-get-roles-from-principal-in-apache-shiro" Id="46032100">
            <soe part="ANSWER" part_number="1" type="TEXT" type_number="3"/>
        </response>
        <response name="authorization - How to get roles from principal in Apache Shiro? - Stack Overflow" type="browser" x="908.0" y="364.5" left_validation="1" right_validation="1" left_pupil_diameter="3.001195271809896" right_pupil_diameter="3.1637751261393228" timestamp="2018-02-16T12:37:33.267-05:00" session_time="88369675560" tracker_time="1518802651984" system_time="1518802653267" nano_time="2503426635993309" gazeId="932" duration="901" url="https://stackoverflow.com/questions/46032100/how-to-get-roles-from-principal-in-apache-shiro" Id="46032100">
            <soe part="ANSWER" part_number="1" type="CODE" type_number="1"/>
        </response>
        <response name="authorization - How to get roles from principal in Apache Shiro? - Stack Overflow" type="browser" x="726.0" y="429.0" left_validation="1" right_validation="1" left_pupil_diameter="2.93048095703125" right_pupil_diameter="3.081376429966518" timestamp="2018-02-16T12:37:34.168-05:00" session_time="89270543834" tracker_time="1518802652883" system_time="1518802654168" nano_time="2503427536861583" gazeId="943" duration="565" url="https://stackoverflow.com/questions/46032100/how-to-get-roles-from-principal-in-apache-shiro" Id="46032100">
            <soe part="ANSWER" part_number="1" type="TEXT" type_number="6"/>
        </response>
        <response name="authorization - How to get roles from principal in Apache Shiro? - Stack Overflow" type="browser" x="788.0" y="434.0" left_validation="1" right_validation="1" left_pupil_diameter="2.759973413803998" right_pupil_diameter="2.9027171415441178" timestamp="2018-02-16T12:37:34.733-05:00" session_time="89836087003" tracker_time="1518802653450" system_time="1518802654733" nano_time="2503428102404752" gazeId="977" duration="551" url="https://stackoverflow.com/questions/46032100/how-to-get-roles-from-principal-in-apache-shiro" Id="46032100">
            <soe part="ANSWER" part_number="1" type="TEXT" type_number="7"/>
        </response>
        <response name="authorization - How to get roles from principal in Apache Shiro? - Stack Overflow" type="browser" x="714.0" y="455.0" left_validation="1" right_validation="1" left_pupil_diameter="2.817474580146897" right_pupil_diameter="2.958373163787412" timestamp="2018-02-16T12:37:35.284-05:00" session_time="90386067813" tracker_time="1518802654000" system_time="1518802655284" nano_time="2503428652385562" gazeId="1010" duration="1166" url="https://stackoverflow.com/questions/46032100/how-to-get-roles-from-principal-in-apache-shiro" Id="46032100">
            <soe part="ANSWER" part_number="1" type="CODE" type_number="4"/>
        </response>
        <response name="authorization - How to get roles from principal in Apache Shiro? - Stack Overflow" type="browser" x="710.0" y="393.0" left_validation="1" right_validation="1" left_pupil_diameter="2.868086965460526" right_pupil_diameter="2.9864999871504936" timestamp="2018-02-16T12:37:36.45-05:00" session_time="91552900104" tracker_time="1518802655166" system_time="1518802656450" nano_time="2503429819217853" gazeId="1080" duration="300" url="https://stackoverflow.com/questions/46032100/how-to-get-roles-from-principal-in-apache-shiro" Id="46032100">
            <soe part="ANSWER" part_number="1" type="TEXT" type_number="6"/>
        </response>
        <response name="authorization - How to get roles from principal in Apache Shiro? - Stack Overflow" type="browser" x="702.0" y="443.0" left_validation="1" right_validation="1" left_pupil_diameter="2.790638051134475" right_pupil_diameter="2.87883612450133" timestamp="2018-02-16T12:37:36.75-05:00" session_time="91852558433" tracker_time="1518802655466" system_time="1518802656750" nano_time="2503430118876182" gazeId="1098" duration="767" url="https://stackoverflow.com/questions/46032100/how-to-get-roles-from-principal-in-apache-shiro" Id="46032100">
            <soe part="ANSWER" part_number="1" type="TEXT" type_number="6"/>
        </response>
        <response name="authorization - How to get roles from principal in Apache Shiro? - Stack Overflow" type="browser" x="679.0" y="560.5" left_validation="1" right_validation="1" left_pupil_diameter="2.798990249633789" right_pupil_diameter="2.9595324198404946" timestamp="2018-02-16T12:37:37.55-05:00" session_time="92652405357" tracker_time="1518802656266" system_time="1518802657550" nano_time="2503430918723106" gazeId="1146" duration="383" url="https://stackoverflow.com/questions/46032100/how-to-get-roles-from-principal-in-apache-shiro" Id="46032100">
            <soe part="ANSWER" part_number="1" type="TEXT" type_number="8"/>
        </response>
        <response name="authorization - How to get roles from principal in Apache Shiro? - Stack Overflow" type="browser" x="723.0" y="521.0" left_validation="1" right_validation="1" left_pupil_diameter="2.778778076171875" right_pupil_diameter="2.9310735066731772" timestamp="2018-02-16T12:37:37.933-05:00" session_time="93035600796" tracker_time="1518802656650" system_time="1518802657933" nano_time="2503431301918545" gazeId="1169" duration="84" url="https://stackoverflow.com/questions/46032100/how-to-get-roles-from-principal-in-apache-shiro" Id="46032100">
            <soe part="ANSWER" part_number="1" type="TEXT" type_number="8"/>
        </response>
        <response name="authorization - How to get roles from principal in Apache Shiro? - Stack Overflow" type="browser" x="721.0" y="472.0" left_validation="1" right_validation="1" left_pupil_diameter="2.854326106300039" right_pupil_diameter="3.009556541758135" timestamp="2018-02-16T12:37:38.017-05:00" session_time="93118938497" tracker_time="1518802656733" system_time="1518802658017" nano_time="2503431385256246" gazeId="1174" duration="2116" url="https://stackoverflow.com/questions/46032100/how-to-get-roles-from-principal-in-apache-shiro" Id="46032100">
            <soe part="ANSWER" part_number="1" type="CODE" type_number="5"/>
        </response>
        <response name="authorization - How to get roles from principal in Apache Shiro? - Stack Overflow" type="browser" x="799.0" y="486.0" left_validation="1" right_validation="1" left_pupil_diameter="2.889195596018145" right_pupil_diameter="3.063536120999244" timestamp="2018-02-16T12:37:40.133-05:00" session_time="95235363484" tracker_time="1518802658849" system_time="1518802660133" nano_time="2503433501681233" gazeId="1294" duration="500" url="https://stackoverflow.com/questions/46032100/how-to-get-roles-from-principal-in-apache-shiro" Id="46032100">
            <soe part="ANSWER" part_number="1" type="TEXT" type_number="7"/>
        </response>
        <response name="authorization - How to get roles from principal in Apache Shiro? - Stack Overflow" type="browser" x="727.0" y="507.0" left_validation="1" right_validation="1" left_pupil_diameter="2.656646034934304" right_pupil_diameter="3.12983310583866" timestamp="2018-02-16T12:37:40.633-05:00" session_time="95735377596" tracker_time="1518802659349" system_time="1518802660633" nano_time="2503434001695345" gazeId="1324" duration="1249" url="https://stackoverflow.com/questions/46032100/how-to-get-roles-from-principal-in-apache-shiro" Id="46032100">
            <soe part="ANSWER" part_number="1" type="TEXT" type_number="7"/>
        </response>
        <response name="authorization - How to get roles from principal in Apache Shiro? - Stack Overflow" type="browser" x="720.0" y="552.0" left_validation="1" right_validation="1" left_pupil_diameter="2.9573580719703854" right_pupil_diameter="3.1533494106558866" timestamp="2018-02-16T12:37:41.882-05:00" session_time="96985175896" tracker_time="1518802660599" system_time="1518802661882" nano_time="2503435251493645" gazeId="1389" duration="701" url="https://stackoverflow.com/questions/46032100/how-to-get-roles-from-principal-in-apache-shiro" Id="46032100">
            <soe part="ANSWER" part_number="1" type="CODE" type_number="2"/>
        </response>
        <response name="authorization - How to get roles from principal in Apache Shiro? - Stack Overflow" type="browser" x="725.0" y="516.0" left_validation="1" right_validation="1" left_pupil_diameter="2.6003036499023438" right_pupil_diameter="3.0392282659357246" timestamp="2018-02-16T12:37:42.583-05:00" session_time="97685591614" tracker_time="1518802661299" system_time="1518802662583" nano_time="2503435951909363" gazeId="1431" duration="901" url="https://stackoverflow.com/questions/46032100/how-to-get-roles-from-principal-in-apache-shiro" Id="46032100">
            <soe part="ANSWER" part_number="1" type="CODE" type_number="2"/>
        </response>
        <response name="authorization - How to get roles from principal in Apache Shiro? - Stack Overflow" type="browser" x="716.0" y="461.0" left_validation="1" right_validation="1" left_pupil_diameter="2.9955520629882812" right_pupil_diameter="3.144559587751116" timestamp="2018-02-16T12:37:43.484-05:00" session_time="98585947801" tracker_time="1518802662199" system_time="1518802663484" nano_time="2503436852265550" gazeId="1474" duration="215" url="https://stackoverflow.com/questions/46032100/how-to-get-roles-from-principal-in-apache-shiro" Id="46032100">
            <soe part="ANSWER" part_number="1" type="CODE" type_number="2"/>
        </response>
        <response name="authorization - How to get roles from principal in Apache Shiro? - Stack Overflow" type="browser" x="776.0" y="470.0" left_validation="1" right_validation="1" left_pupil_diameter="2.8459204312028556" right_pupil_diameter="3.0196496371565194" timestamp="2018-02-16T12:37:43.699-05:00" session_time="98801703557" tracker_time="1518802662416" system_time="1518802663699" nano_time="2503437068021306" gazeId="1487" duration="467" url="https://stackoverflow.com/questions/46032100/how-to-get-roles-from-principal-in-apache-shiro" Id="46032100">
            <soe part="ANSWER" part_number="1" type="CODE" type_number="2"/>
        </response>
        <response name="authorization - How to get roles from principal in Apache Shiro? - Stack Overflow" type="browser" x="707.0" y="584.0" left_validation="1" right_validation="1" left_pupil_diameter="2.7798829690004005" right_pupil_diameter="2.922925508939303" timestamp="2018-02-16T12:37:44.166-05:00" session_time="99268115732" tracker_time="1518802662882" system_time="1518802664166" nano_time="2503437534433481" gazeId="1515" duration="733" url="https://stackoverflow.com/questions/46032100/how-to-get-roles-from-principal-in-apache-shiro" Id="46032100">
            <soe part="QUESTION" part_number="1" type="TAG" type_number="2"/>
        </response>
        <response name="authorization - How to get roles from principal in Apache Shiro? - Stack Overflow" type="browser" x="777.0" y="434.0" left_validation="1" right_validation="1" left_pupil_diameter="2.7600775146484375" right_pupil_diameter="2.905260009765625" timestamp="2018-02-16T12:37:44.899-05:00" session_time="100001514265" tracker_time="1518802663615" system_time="1518802664899" nano_time="2503438267832014" gazeId="1553" duration="400" url="https://stackoverflow.com/questions/46032100/how-to-get-roles-from-principal-in-apache-shiro" Id="46032100">
            <soe part="QUESTION" part_number="1" type="TEXT" type_number="2"/>
        </response>
        <response name="authorization - How to get roles from principal in Apache Shiro? - Stack Overflow" type="browser" x="706.0" y="535.0" left_validation="1" right_validation="1" left_pupil_diameter="2.705320788967994" right_pupil_diameter="2.869355232484879" timestamp="2018-02-16T12:37:45.299-05:00" session_time="100401420498" tracker_time="1518802664015" system_time="1518802665299" nano_time="2503438667738247" gazeId="1577" duration="500" url="https://stackoverflow.com/questions/46032100/how-to-get-roles-from-principal-in-apache-shiro" Id="46032100">
            <soe part="QUESTION" part_number="1" type="CODE" type_number="1"/>
        </response>
        <response name="authorization - How to get roles from principal in Apache Shiro? - Stack Overflow" type="browser" x="702.0" y="578.0" left_validation="1" right_validation="1" left_pupil_diameter="2.69375244140625" right_pupil_diameter="2.8501849365234375" timestamp="2018-02-16T12:37:45.799-05:00" session_time="100901349568" tracker_time="1518802664515" system_time="1518802665799" nano_time="2503439167667317" gazeId="1607" duration="400" url="https://stackoverflow.com/questions/46032100/how-to-get-roles-from-principal-in-apache-shiro" Id="46032100">
            <soe part="QUESTION" part_number="1" type="CODE" type_number="1"/>
        </response>
        <response name="authorization - How to get roles from principal in Apache Shiro? - Stack Overflow" type="browser" x="720.5" y="542.5" left_validation="1" right_validation="1" left_pupil_diameter="2.7373034159342446" right_pupil_diameter="2.8907597859700522" timestamp="2018-02-16T12:37:46.199-05:00" session_time="101301399861" tracker_time="1518802664915" system_time="1518802666199" nano_time="2503439567717610" gazeId="1631" duration="183" url="https://stackoverflow.com/questions/46032100/how-to-get-roles-from-principal-in-apache-shiro" Id="46032100">
            <soe part="QUESTION" part_number="1" type="CODE" type_number="1"/>
        </response>
    </gazes>
</itrace-records>
