<?xml version="1.0" encoding="UTF-8" standalone="yes"?>
<itrace-records>
    <environment>
        <screen-size width="1920" height="1080"/>
    </environment>
    <gazes>
        <response name="T3-SO.txt" type="txt" x="481.0" y="710.5" left_validation="1" right_validation="1" left_pupil_diameter="2.3580026626586914" right_pupil_diameter="2.277233123779297" timestamp="2018-02-19T12:43:48.113-05:00" session_time="2099247193" tracker_time="1519062228149" system_time="1519062228113" nano_time="2763004391045348" gazeId="5" duration="467" path="C:\CodeSummarizationStudy\_tasks\Sequence 1\T3-SO.txt" line_height="15" font_height="10" line="1" col="16" line_base_x="414" line_base_y="700"/>
        <response name="T3-SO.txt" type="txt" x="516.0" y="708.0" left_validation="1" right_validation="1" left_pupil_diameter="2.3515813490923714" right_pupil_diameter="2.2920298856847428" timestamp="2018-02-19T12:43:48.58-05:00" session_time="2565890669" tracker_time="1519062228615" system_time="1519062228580" nano_time="2763004857688824" gazeId="20" duration="267" path="C:\CodeSummarizationStudy\_tasks\Sequence 1\T3-SO.txt" line_height="15" font_height="10" line="1" col="10" line_base_x="414" line_base_y="700"/>
        <response name="T3-SO.txt" type="txt" x="614.0" y="703.0" left_validation="1" right_validation="1" left_pupil_diameter="2.3687347412109374" right_pupil_diameter="2.3109832763671876" timestamp="2018-02-19T12:43:48.847-05:00" session_time="2832430554" tracker_time="1519062228882" system_time="1519062228847" nano_time="2763005124228709" gazeId="36" duration="67" path="C:\CodeSummarizationStudy\_tasks\Sequence 1\T3-SO.txt" line_height="15" font_height="10" line="1" col="25" line_base_x="414" line_base_y="700"/>
        <response name="T3-SO.txt" type="txt" x="719.0" y="709.0" left_validation="1" right_validation="1" left_pupil_diameter="2.3997369384765626" right_pupil_diameter="2.32092041015625" timestamp="2018-02-19T12:43:48.914-05:00" session_time="2899181359" tracker_time="1519062228949" system_time="1519062228914" nano_time="2763005190979514" gazeId="40" duration="1150" path="C:\CodeSummarizationStudy\_tasks\Sequence 1\T3-SO.txt" line_height="15" font_height="10" line="1" col="33" line_base_x="414" line_base_y="700"/>
        <response name="T3-SO.txt" type="txt" x="581.0" y="799.0" left_validation="1" right_validation="1" left_pupil_diameter="2.548722330729167" right_pupil_diameter="2.489556884765625" timestamp="2018-02-19T12:43:50.064-05:00" session_time="4049287460" tracker_time="1519062230099" system_time="1519062230064" nano_time="2763006341085615" gazeId="64" duration="1616" path="C:\CodeSummarizationStudy\_tasks\Sequence 1\T3-SO.txt" line_height="15" font_height="10" line="7" col="41" line_base_x="414" line_base_y="790"/>
        <response name="T3-SO.txt" type="txt" x="422.0" y="792.0" left_validation="1" right_validation="1" left_pupil_diameter="2.5363852459451426" right_pupil_diameter="2.4894087418265967" timestamp="2018-02-19T12:43:51.68-05:00" session_time="5665250029" tracker_time="1519062231715" system_time="1519062231680" nano_time="2763007957048184" gazeId="78" duration="8332" path="C:\CodeSummarizationStudy\_tasks\Sequence 1\T3-SO.txt" line_height="15" font_height="10" line="7" col="10" line_base_x="414" line_base_y="790"/>
        <response name="T3-SO.txt" type="txt" x="630.0" y="781.0" left_validation="1" right_validation="1" left_pupil_diameter="2.656956990559896" right_pupil_diameter="2.5321587456597223" timestamp="2018-02-19T12:44:00.012-05:00" session_time="13997701294" tracker_time="1519062240047" system_time="1519062240012" nano_time="2763016289499449" gazeId="169" duration="234" path="C:\CodeSummarizationStudy\_tasks\Sequence 1\T3-SO.txt" line_height="15" font_height="10" line="7" col="30" line_base_x="414" line_base_y="790"/>
        <response name="T3-SO.txt" type="txt" x="677.0" y="791.0" left_validation="1" right_validation="1" left_pupil_diameter="2.6527879503038196" right_pupil_diameter="2.530492146809896" timestamp="2018-02-19T12:44:00.246-05:00" session_time="14230923328" tracker_time="1519062240281" system_time="1519062240246" nano_time="2763016522721483" gazeId="177" duration="133" path="C:\CodeSummarizationStudy\_tasks\Sequence 1\T3-SO.txt" line_height="15" font_height="10" line="6" col="36" line_base_x="414" line_base_y="775"/>
        <response name="T3-SO.txt" type="txt" x="1158.0" y="505.0" left_validation="1" right_validation="1" left_pupil_diameter="2.560182051225142" right_pupil_diameter="2.382596102627841" timestamp="2018-02-19T12:44:00.379-05:00" session_time="14364373618" tracker_time="1519062240414" system_time="1519062240379" nano_time="2763016656171773" gazeId="185" duration="1516" path="C:\CodeSummarizationStudy\_tasks\Sequence 1\T3-SO.txt" line_height="15" font_height="10" line="7" col="40" line_base_x="414" line_base_y="790"/>
        <response name="jmeter - java runs jmx disabled action - Stack Overflow" type="browser" x="1081.0" y="522.0" left_validation="1" right_validation="1" left_pupil_diameter="2.5445055280412947" right_pupil_diameter="2.3037381853376115" timestamp="2018-02-19T12:44:01.895-05:00" session_time="15880551616" tracker_time="1519062241930" system_time="1519062241895" nano_time="2763018172349771" gazeId="195" duration="216" url="https://stackoverflow.com/questions/40970794/java-runs-jmx-disabled-action/40973807#40973807" Id="40970794">
            <soe part="ANSWER" part_number="1" type="CODE" type_number="2"/>
        </response>
        <response name="jmeter - java runs jmx disabled action - Stack Overflow" type="browser" x="804.5" y="490.5" left_validation="1" right_validation="1" left_pupil_diameter="2.5579227447509765" right_pupil_diameter="2.302359771728516" timestamp="2018-02-19T12:44:02.111-05:00" session_time="16097074585" tracker_time="1519062242147" system_time="1519062242111" nano_time="2763018388872740" gazeId="208" duration="651" url="https://stackoverflow.com/questions/40970794/java-runs-jmx-disabled-action/40973807#40973807" Id="40970794">
            <soe part="ANSWER" part_number="1" type="CODE" type_number="2"/>
        </response>
        <response name="jmeter - java runs jmx disabled action - Stack Overflow" type="browser" x="760.5" y="512.5" left_validation="1" right_validation="1" left_pupil_diameter="2.566007614135742" right_pupil_diameter="2.2899856567382812" timestamp="2018-02-19T12:44:02.762-05:00" session_time="16747135415" tracker_time="1519062242797" system_time="1519062242762" nano_time="2763019038933570" gazeId="247" duration="250" url="https://stackoverflow.com/questions/40970794/java-runs-jmx-disabled-action/40973807#40973807" Id="40970794">
            <soe part="ANSWER" part_number="1" type="CODE" type_number="2"/>
        </response>
        <response name="jmeter - java runs jmx disabled action - Stack Overflow" type="browser" x="633.0" y="706.0" left_validation="1" right_validation="1" left_pupil_diameter="2.517915899103338" right_pupil_diameter="2.429353193803267" timestamp="2018-02-19T12:44:03.012-05:00" session_time="16997062378" tracker_time="1519062243047" system_time="1519062243012" nano_time="2763019288860533" gazeId="262" duration="1833" url="https://stackoverflow.com/questions/40970794/java-runs-jmx-disabled-action/40973807#40973807" Id="40970794">
            <soe part="ANSWER" part_number="1" type="CODE" type_number="2"/>
        </response>
        <response name="T3-SO.txt" type="txt" x="811.5" y="710.0" left_validation="1" right_validation="1" left_pupil_diameter="2.4420745849609373" right_pupil_diameter="2.4050689697265626" timestamp="2018-02-19T12:44:04.845-05:00" session_time="18830132581" tracker_time="1519062244880" system_time="1519062244845" nano_time="2763021121930736" gazeId="283" duration="2083" path="C:\CodeSummarizationStudy\_tasks\Sequence 1\T3-SO.txt" line_height="15" font_height="10" line="1" col="56" line_base_x="414" line_base_y="700"/>
        <response name="T3-SO.txt" type="txt" x="650.0" y="701.0" left_validation="1" right_validation="1" left_pupil_diameter="2.456968827681108" right_pupil_diameter="2.403445157137784" timestamp="2018-02-19T12:44:06.928-05:00" session_time="20913331723" tracker_time="1519062246963" system_time="1519062246928" nano_time="2763023205129878" gazeId="292" duration="250" path="C:\CodeSummarizationStudy\_tasks\Sequence 1\T3-SO.txt" line_height="15" font_height="10" line="1" col="34" line_base_x="414" line_base_y="700"/>
        <response name="jmeter - java runs jmx disabled action - Stack Overflow" type="browser" x="740.0" y="498.0" left_validation="1" right_validation="1" left_pupil_diameter="2.429085109544837" right_pupil_diameter="2.3023177437160327" timestamp="2018-02-19T12:44:07.178-05:00" session_time="21163262351" tracker_time="1519062247213" system_time="1519062247178" nano_time="2763023455060506" gazeId="302" duration="383" url="https://stackoverflow.com/questions/40970794/java-runs-jmx-disabled-action/40973807#40973807" Id="40970794">
            <soe part="ANSWER" part_number="1" type="CODE" type_number="2"/>
        </response>
        <response name="jmeter - java runs jmx disabled action - Stack Overflow" type="browser" x="728.0" y="533.0" left_validation="1" right_validation="1" left_pupil_diameter="2.4239044189453125" right_pupil_diameter="2.261849297417535" timestamp="2018-02-19T12:44:07.561-05:00" session_time="21546496279" tracker_time="1519062247596" system_time="1519062247561" nano_time="2763023838294434" gazeId="324" duration="133" url="https://stackoverflow.com/questions/40970794/java-runs-jmx-disabled-action/40973807#40973807" Id="40970794">
            <soe part="ANSWER" part_number="1" type="CODE" type_number="2"/>
        </response>
        <response name="jmeter - java runs jmx disabled action - Stack Overflow" type="browser" x="745.0" y="573.5" left_validation="1" right_validation="1" left_pupil_diameter="2.409983825683594" right_pupil_diameter="2.2964736938476564" timestamp="2018-02-19T12:44:07.694-05:00" session_time="21679983226" tracker_time="1519062247730" system_time="1519062247694" nano_time="2763023971781381" gazeId="332" duration="151" url="https://stackoverflow.com/questions/40970794/java-runs-jmx-disabled-action/40973807#40973807" Id="40970794">
            <soe part="ANSWER" part_number="1" type="CODE" type_number="2"/>
        </response>
        <response name="jmeter - java runs jmx disabled action - Stack Overflow" type="browser" x="782.0" y="585.0" left_validation="1" right_validation="1" left_pupil_diameter="2.422178480360243" right_pupil_diameter="2.241519504123264" timestamp="2018-02-19T12:44:07.845-05:00" session_time="21830873768" tracker_time="1519062247880" system_time="1519062247845" nano_time="2763024122671923" gazeId="341" duration="433" url="https://stackoverflow.com/questions/40970794/java-runs-jmx-disabled-action/40973807#40973807" Id="40970794">
            <soe part="ANSWER" part_number="1" type="CODE" type_number="2"/>
        </response>
        <response name="jmeter - java runs jmx disabled action - Stack Overflow" type="browser" x="776.0" y="493.0" left_validation="1" right_validation="1" left_pupil_diameter="2.4221598307291665" right_pupil_diameter="2.1357930501302085" timestamp="2018-02-19T12:44:08.278-05:00" session_time="22263486064" tracker_time="1519062248313" system_time="1519062248278" nano_time="2763024555284219" gazeId="367" duration="133" url="https://stackoverflow.com/questions/40970794/java-runs-jmx-disabled-action/40973807#40973807" Id="40970794">
            <soe part="ANSWER" part_number="1" type="CODE" type_number="1"/>
        </response>
        <response name="jmeter - java runs jmx disabled action - Stack Overflow" type="browser" x="810.5" y="434.5" left_validation="1" right_validation="1" left_pupil_diameter="2.4028409322102866" right_pupil_diameter="2.0481910705566406" timestamp="2018-02-19T12:44:08.411-05:00" session_time="22396421702" tracker_time="1519062248446" system_time="1519062248411" nano_time="2763024688219857" gazeId="375" duration="183" url="https://stackoverflow.com/questions/40970794/java-runs-jmx-disabled-action/40973807#40973807" Id="40970794">
            <soe part="ANSWER" part_number="1" type="TEXT" type_number="5"/>
        </response>
        <response name="jmeter - java runs jmx disabled action - Stack Overflow" type="browser" x="902.0" y="425.0" left_validation="1" right_validation="1" left_pupil_diameter="2.4086373069069604" right_pupil_diameter="2.071920221502131" timestamp="2018-02-19T12:44:08.594-05:00" session_time="22579913836" tracker_time="1519062248630" system_time="1519062248594" nano_time="2763024871711991" gazeId="386" duration="167" url="https://stackoverflow.com/questions/40970794/java-runs-jmx-disabled-action/40973807#40973807" Id="40970794">
            <soe part="ANSWER" part_number="1" type="TEXT" type_number="4"/>
        </response>
        <response name="jmeter - java runs jmx disabled action - Stack Overflow" type="browser" x="936.0" y="407.0" left_validation="1" right_validation="1" left_pupil_diameter="2.43236083984375" right_pupil_diameter="2.207830810546875" timestamp="2018-02-19T12:44:08.761-05:00" session_time="22746285360" tracker_time="1519062248796" system_time="1519062248761" nano_time="2763025038083515" gazeId="396" duration="149" url="https://stackoverflow.com/questions/40970794/java-runs-jmx-disabled-action/40973807#40973807" Id="40970794">
            <soe part="ANSWER" part_number="1" type="TEXT" type_number="4"/>
        </response>
        <response name="jmeter - java runs jmx disabled action - Stack Overflow" type="browser" x="940.0" y="349.0" left_validation="1" right_validation="1" left_pupil_diameter="2.4218868679470487" right_pupil_diameter="2.272025214301215" timestamp="2018-02-19T12:44:08.91-05:00" session_time="22896357004" tracker_time="1519062248946" system_time="1519062248910" nano_time="2763025188155159" gazeId="405" duration="135" url="https://stackoverflow.com/questions/40970794/java-runs-jmx-disabled-action/40973807#40973807" Id="40970794">
            <soe part="ANSWER" part_number="1" type="TEXT" type_number="3"/>
        </response>
        <response name="jmeter - java runs jmx disabled action - Stack Overflow" type="browser" x="858.0" y="294.0" left_validation="1" right_validation="1" left_pupil_diameter="2.4040802001953123" right_pupil_diameter="2.2115081787109374" timestamp="2018-02-19T12:44:09.045-05:00" session_time="23029840652" tracker_time="1519062249079" system_time="1519062249045" nano_time="2763025321638807" gazeId="413" duration="66" url="https://stackoverflow.com/questions/40970794/java-runs-jmx-disabled-action/40973807#40973807" Id="40970794">
            <soe part="ANSWER" part_number="1" type="TEXT" type_number="1"/>
        </response>
        <response name="jmeter - java runs jmx disabled action - Stack Overflow" type="browser" x="743.0" y="265.0" left_validation="1" right_validation="1" left_pupil_diameter="2.402932559742647" right_pupil_diameter="2.297532923081342" timestamp="2018-02-19T12:44:09.111-05:00" session_time="23096268517" tracker_time="1519062249146" system_time="1519062249111" nano_time="2763025388066672" gazeId="417" duration="267" url="https://stackoverflow.com/questions/40970794/java-runs-jmx-disabled-action/40973807#40973807" Id="40970794">
            <soe part="ANSWER" part_number="1" type="TEXT" type_number="1"/>
        </response>
        <response name="jmeter - java runs jmx disabled action - Stack Overflow" type="browser" x="750.0" y="216.0" left_validation="1" right_validation="1" left_pupil_diameter="2.4231942983774037" right_pupil_diameter="2.3229264479417067" timestamp="2018-02-19T12:44:09.378-05:00" session_time="23362918736" tracker_time="1519062249413" system_time="1519062249378" nano_time="2763025654716891" gazeId="433" duration="667" url="https://stackoverflow.com/questions/40970794/java-runs-jmx-disabled-action/40973807#40973807" Id="40970794">
            <soe part="ANSWER" part_number="1" type="TEXT" type_number="1"/>
        </response>
        <response name="jmeter - java runs jmx disabled action - Stack Overflow" type="browser" x="1066.5" y="235.5" left_validation="1" right_validation="1" left_pupil_diameter="2.4668128273703833" right_pupil_diameter="2.4184334494850854" timestamp="2018-02-19T12:44:10.045-05:00" session_time="24029825257" tracker_time="1519062250079" system_time="1519062250045" nano_time="2763026321623412" gazeId="445" duration="383" url="https://stackoverflow.com/questions/40970794/java-runs-jmx-disabled-action/40973807#40973807" Id="40970794">
            <soe part="ANSWER" part_number="1" type="TEXT" type_number="1"/>
        </response>
        <response name="jmeter - java runs jmx disabled action - Stack Overflow" type="browser" x="1038.0" y="299.0" left_validation="1" right_validation="1" left_pupil_diameter="2.4716033935546875" right_pupil_diameter="2.385004679361979" timestamp="2018-02-19T12:44:10.428-05:00" session_time="24412947750" tracker_time="1519062250463" system_time="1519062250428" nano_time="2763026704745905" gazeId="466" duration="83" url="https://stackoverflow.com/questions/40970794/java-runs-jmx-disabled-action/40973807#40973807" Id="40970794">
            <soe part="ANSWER" part_number="1" type="TEXT" type_number="2"/>
        </response>
        <response name="jmeter - java runs jmx disabled action - Stack Overflow" type="browser" x="995.0" y="334.0" left_validation="1" right_validation="1" left_pupil_diameter="2.5274172082411503" right_pupil_diameter="2.4632210520516455" timestamp="2018-02-19T12:44:10.511-05:00" session_time="24496349966" tracker_time="1519062250546" system_time="1519062250511" nano_time="2763026788148121" gazeId="471" duration="2499" url="https://stackoverflow.com/questions/40970794/java-runs-jmx-disabled-action/40973807#40973807" Id="40970794">
            <soe part="ANSWER" part_number="1" type="CODE" type_number="2"/>
        </response>
        <response name="jmeter - java runs jmx disabled action - Stack Overflow" type="browser" x="1014.0" y="366.0" left_validation="1" right_validation="1" left_pupil_diameter="2.549951967985734" right_pupil_diameter="2.411648957625679" timestamp="2018-02-19T12:44:13.01-05:00" session_time="26995689606" tracker_time="1519062253046" system_time="1519062253010" nano_time="2763029287487761" gazeId="583" duration="750" url="https://stackoverflow.com/questions/40970794/java-runs-jmx-disabled-action/40973807#40973807" Id="40970794">
            <soe part="ANSWER" part_number="1" type="CODE" type_number="2"/>
        </response>
        <response name="jmeter - java runs jmx disabled action - Stack Overflow" type="browser" x="749.0" y="478.0" left_validation="1" right_validation="1" left_pupil_diameter="2.5373402645713403" right_pupil_diameter="2.427884152061061" timestamp="2018-02-19T12:44:13.76-05:00" session_time="27745803698" tracker_time="1519062253796" system_time="1519062253760" nano_time="2763030037601853" gazeId="628" duration="617" url="https://stackoverflow.com/questions/40970794/java-runs-jmx-disabled-action/40973807#40973807" Id="40970794">
            <soe part="ANSWER" part_number="1" type="CODE" type_number="2"/>
        </response>
        <response name="jmeter - java runs jmx disabled action - Stack Overflow" type="browser" x="501.0" y="704.0" left_validation="1" right_validation="1" left_pupil_diameter="2.5096671364524146" right_pupil_diameter="2.435617620294744" timestamp="2018-02-19T12:44:14.377-05:00" session_time="28362283852" tracker_time="1519062254412" system_time="1519062254377" nano_time="2763030654082007" gazeId="665" duration="485" url="https://stackoverflow.com/questions/40970794/java-runs-jmx-disabled-action/40973807#40973807" Id="40970794">
            <soe part="ANSWER" part_number="1" type="CODE" type_number="2"/>
        </response>
        <response name="T3-SO.txt" type="txt" x="653.5" y="702.5" left_validation="1" right_validation="1" left_pupil_diameter="2.479260035923549" right_pupil_diameter="2.4198924473353793" timestamp="2018-02-19T12:44:14.862-05:00" session_time="28847326137" tracker_time="1519062254895" system_time="1519062254862" nano_time="2763031139124292" gazeId="675" duration="864" path="C:\CodeSummarizationStudy\_tasks\Sequence 1\T3-SO.txt" line_height="15" font_height="10" line="1" col="13" line_base_x="414" line_base_y="700"/>
        <response name="T3-SO.txt" type="txt" x="776.0" y="651.0" left_validation="1" right_validation="1" left_pupil_diameter="2.4659847683376737" right_pupil_diameter="2.437494913736979" timestamp="2018-02-19T12:44:15.726-05:00" session_time="29712268842" tracker_time="1519062255762" system_time="1519062255726" nano_time="2763032004066997" gazeId="688" duration="739" path="C:\CodeSummarizationStudy\_tasks\Sequence 1\T3-SO.txt" line_height="15" font_height="10" line="1" col="37" line_base_x="414" line_base_y="700"/>
        <response name="jmeter - java runs jmx disabled action - Stack Overflow" type="browser" x="757.0" y="509.0" left_validation="1" right_validation="1" left_pupil_diameter="2.5357734680175783" right_pupil_diameter="2.505136744181315" timestamp="2018-02-19T12:44:16.493-05:00" session_time="30478752827" tracker_time="1519062256529" system_time="1519062256493" nano_time="2763032770550982" gazeId="698" duration="1983" url="https://stackoverflow.com/questions/40970794/java-runs-jmx-disabled-action/40973807#40973807" Id="40970794">
            <soe part="ANSWER" part_number="1" type="CODE" type_number="2"/>
        </response>
        <response name="jmeter - java runs jmx disabled action - Stack Overflow" type="browser" x="899.0" y="524.0" left_validation="1" right_validation="1" left_pupil_diameter="2.4916107177734377" right_pupil_diameter="2.4096600341796877" timestamp="2018-02-19T12:44:18.476-05:00" session_time="32461835658" tracker_time="1519062258512" system_time="1519062258476" nano_time="2763034753633813" gazeId="817" duration="400" url="https://stackoverflow.com/questions/40970794/java-runs-jmx-disabled-action/40973807#40973807" Id="40970794">
            <soe part="ANSWER" part_number="1" type="CODE" type_number="2"/>
        </response>
        <response name="jmeter - java runs jmx disabled action - Stack Overflow" type="browser" x="948.0" y="460.5" left_validation="1" right_validation="1" left_pupil_diameter="2.4611377716064453" right_pupil_diameter="2.300779342651367" timestamp="2018-02-19T12:44:18.876-05:00" session_time="32861616894" tracker_time="1519062258912" system_time="1519062258876" nano_time="2763035153415049" gazeId="841" duration="117" url="https://stackoverflow.com/questions/40970794/java-runs-jmx-disabled-action/40973807#40973807" Id="40970794">
            <soe part="ANSWER" part_number="1" type="CODE" type_number="2"/>
        </response>
        <response name="jmeter - java runs jmx disabled action - Stack Overflow" type="browser" x="1053.0" y="412.0" left_validation="1" right_validation="1" left_pupil_diameter="2.454077443768901" right_pupil_diameter="2.341461181640625" timestamp="2018-02-19T12:44:18.993-05:00" session_time="32978681530" tracker_time="1519062259028" system_time="1519062258993" nano_time="2763035270479685" gazeId="848" duration="500" url="https://stackoverflow.com/questions/40970794/java-runs-jmx-disabled-action/40973807#40973807" Id="40970794">
            <soe part="ANSWER" part_number="1" type="CODE" type_number="2"/>
        </response>
        <response name="jmeter - java runs jmx disabled action - Stack Overflow" type="browser" x="785.0" y="431.0" left_validation="1" right_validation="1" left_pupil_diameter="2.461931581850405" right_pupil_diameter="2.350380226417824" timestamp="2018-02-19T12:44:19.493-05:00" session_time="33478261635" tracker_time="1519062259528" system_time="1519062259493" nano_time="2763035770059790" gazeId="878" duration="433" url="https://stackoverflow.com/questions/40970794/java-runs-jmx-disabled-action/40973807#40973807" Id="40970794">
            <soe part="ANSWER" part_number="1" type="CODE" type_number="2"/>
        </response>
        <response name="jmeter - java runs jmx disabled action - Stack Overflow" type="browser" x="811.5" y="408.0" left_validation="1" right_validation="1" left_pupil_diameter="2.4473384510387075" right_pupil_diameter="2.358028758655895" timestamp="2018-02-19T12:44:19.926-05:00" session_time="33911722153" tracker_time="1519062259961" system_time="1519062259926" nano_time="2763036203520308" gazeId="904" duration="350" url="https://stackoverflow.com/questions/40970794/java-runs-jmx-disabled-action/40973807#40973807" Id="40970794">
            <soe part="ANSWER" part_number="1" type="CODE" type_number="2"/>
        </response>
        <response name="jmeter - java runs jmx disabled action - Stack Overflow" type="browser" x="755.0" y="419.5" left_validation="1" right_validation="1" left_pupil_diameter="2.429850769042969" right_pupil_diameter="2.3346603393554686" timestamp="2018-02-19T12:44:20.276-05:00" session_time="34261480240" tracker_time="1519062260311" system_time="1519062260276" nano_time="2763036553278395" gazeId="925" duration="484" url="https://stackoverflow.com/questions/40970794/java-runs-jmx-disabled-action/40973807#40973807" Id="40970794">
            <soe part="ANSWER" part_number="1" type="CODE" type_number="2"/>
        </response>
        <response name="jmeter - java runs jmx disabled action - Stack Overflow" type="browser" x="786.0" y="439.0" left_validation="1" right_validation="1" left_pupil_diameter="2.43930171086238" right_pupil_diameter="2.311016376201923" timestamp="2018-02-19T12:44:20.76-05:00" session_time="34745719023" tracker_time="1519062260795" system_time="1519062260760" nano_time="2763037037517178" gazeId="954" duration="199" url="https://stackoverflow.com/questions/40970794/java-runs-jmx-disabled-action/40973807#40973807" Id="40970794">
            <soe part="ANSWER" part_number="1" type="CODE" type_number="2"/>
        </response>
        <response name="jmeter - java runs jmx disabled action - Stack Overflow" type="browser" x="750.0" y="458.0" left_validation="1" right_validation="1" left_pupil_diameter="2.4350589328342016" right_pupil_diameter="2.3092271592881946" timestamp="2018-02-19T12:44:20.959-05:00" session_time="34944919772" tracker_time="1519062260995" system_time="1519062260959" nano_time="2763037236717927" gazeId="966" duration="733" url="https://stackoverflow.com/questions/40970794/java-runs-jmx-disabled-action/40973807#40973807" Id="40970794">
            <soe part="ANSWER" part_number="1" type="CODE" type_number="2"/>
        </response>
        <response name="jmeter - java runs jmx disabled action - Stack Overflow" type="browser" x="800.0" y="473.0" left_validation="1" right_validation="1" left_pupil_diameter="2.438329060872396" right_pupil_diameter="2.3300704956054688" timestamp="2018-02-19T12:44:21.692-05:00" session_time="35677925718" tracker_time="1519062261728" system_time="1519062261692" nano_time="2763037969723873" gazeId="1010" duration="284" url="https://stackoverflow.com/questions/40970794/java-runs-jmx-disabled-action/40973807#40973807" Id="40970794">
            <soe part="ANSWER" part_number="1" type="CODE" type_number="2"/>
        </response>
        <response name="jmeter - java runs jmx disabled action - Stack Overflow" type="browser" x="844.0" y="470.5" left_validation="1" right_validation="1" left_pupil_diameter="2.44542236328125" right_pupil_diameter="2.33194580078125" timestamp="2018-02-19T12:44:21.976-05:00" session_time="35961251909" tracker_time="1519062262011" system_time="1519062261976" nano_time="2763038253050064" gazeId="1027" duration="149" url="https://stackoverflow.com/questions/40970794/java-runs-jmx-disabled-action/40973807#40973807" Id="40970794">
            <soe part="ANSWER" part_number="1" type="TEXT" type_number="3"/>
        </response>
        <response name="jmeter - java runs jmx disabled action - Stack Overflow" type="browser" x="916.5" y="458.5" left_validation="1" right_validation="1" left_pupil_diameter="2.4413088018243965" right_pupil_diameter="2.330381913618608" timestamp="2018-02-19T12:44:22.125-05:00" session_time="36111353612" tracker_time="1519062262161" system_time="1519062262125" nano_time="2763038403151767" gazeId="1036" duration="718" url="https://stackoverflow.com/questions/40970794/java-runs-jmx-disabled-action/40973807#40973807" Id="40970794">
            <soe part="ANSWER" part_number="1" type="TEXT" type_number="3"/>
        </response>
        <response name="jmeter - java runs jmx disabled action - Stack Overflow" type="browser" x="851.0" y="416.0" left_validation="1" right_validation="1" left_pupil_diameter="2.455255126953125" right_pupil_diameter="2.3188934326171875" timestamp="2018-02-19T12:44:22.843-05:00" session_time="36827975002" tracker_time="1519062262878" system_time="1519062262843" nano_time="2763039119773157" gazeId="1079" duration="66" url="https://stackoverflow.com/questions/40970794/java-runs-jmx-disabled-action/40973807#40973807" Id="40970794">
            <soe part="ANSWER" part_number="1" type="TEXT" type_number="2"/>
        </response>
        <response name="jmeter - java runs jmx disabled action - Stack Overflow" type="browser" x="765.0" y="391.0" left_validation="1" right_validation="1" left_pupil_diameter="2.4761774236505683" right_pupil_diameter="2.3460243918678976" timestamp="2018-02-19T12:44:22.909-05:00" session_time="36894718476" tracker_time="1519062262944" system_time="1519062262909" nano_time="2763039186516631" gazeId="1083" duration="1017" url="https://stackoverflow.com/questions/40970794/java-runs-jmx-disabled-action/40973807#40973807" Id="40970794">
            <soe part="ANSWER" part_number="1" type="TEXT" type_number="2"/>
        </response>
        <response name="jmeter - java runs jmx disabled action - Stack Overflow" type="browser" x="785.5" y="425.0" left_validation="1" right_validation="1" left_pupil_diameter="2.4972135755750866" right_pupil_diameter="2.35459221733941" timestamp="2018-02-19T12:44:23.926-05:00" session_time="37911246356" tracker_time="1519062263961" system_time="1519062263926" nano_time="2763040203044511" gazeId="1137" duration="283" url="https://stackoverflow.com/questions/40970794/java-runs-jmx-disabled-action/40973807#40973807" Id="40970794">
            <soe part="ANSWER" part_number="1" type="TEXT" type_number="2"/>
        </response>
        <response name="jmeter - java runs jmx disabled action - Stack Overflow" type="browser" x="796.0" y="463.0" left_validation="1" right_validation="1" left_pupil_diameter="2.490571975708008" right_pupil_diameter="2.3754094441731772" timestamp="2018-02-19T12:44:24.209-05:00" session_time="38194350045" tracker_time="1519062264244" system_time="1519062264209" nano_time="2763040486148200" gazeId="1154" duration="384" url="https://stackoverflow.com/questions/40970794/java-runs-jmx-disabled-action/40973807#40973807" Id="40970794">
            <soe part="ANSWER" part_number="1" type="TEXT" type_number="2"/>
        </response>
        <response name="jmeter - java runs jmx disabled action - Stack Overflow" type="browser" x="914.0" y="454.0" left_validation="1" right_validation="1" left_pupil_diameter="2.4895528157552085" right_pupil_diameter="2.365719265407986" timestamp="2018-02-19T12:44:24.593-05:00" session_time="38578347520" tracker_time="1519062264627" system_time="1519062264593" nano_time="2763040870145675" gazeId="1177" duration="133" url="https://stackoverflow.com/questions/40970794/java-runs-jmx-disabled-action/40973807#40973807" Id="40970794">
            <soe part="ANSWER" part_number="1" type="TEXT" type_number="3"/>
        </response>
        <response name="jmeter - java runs jmx disabled action - Stack Overflow" type="browser" x="958.0" y="460.0" left_validation="1" right_validation="1" left_pupil_diameter="2.4764119023862095" right_pupil_diameter="2.339798637058424" timestamp="2018-02-19T12:44:24.726-05:00" session_time="38711534986" tracker_time="1519062264761" system_time="1519062264726" nano_time="2763041003333141" gazeId="1185" duration="367" url="https://stackoverflow.com/questions/40970794/java-runs-jmx-disabled-action/40973807#40973807" Id="40970794">
            <soe part="ANSWER" part_number="1" type="TEXT" type_number="3"/>
        </response>
        <response name="jmeter - java runs jmx disabled action - Stack Overflow" type="browser" x="902.0" y="462.0" left_validation="1" right_validation="1" left_pupil_diameter="2.4565636419480845" right_pupil_diameter="2.3402266963835685" timestamp="2018-02-19T12:44:25.093-05:00" session_time="39077619346" tracker_time="1519062265127" system_time="1519062265093" nano_time="2763041369417501" gazeId="1207" duration="499" url="https://stackoverflow.com/questions/40970794/java-runs-jmx-disabled-action/40973807#40973807" Id="40970794">
            <soe part="ANSWER" part_number="1" type="CODE" type_number="2"/>
        </response>
        <response name="jmeter - java runs jmx disabled action - Stack Overflow" type="browser" x="837.0" y="473.0" left_validation="1" right_validation="1" left_pupil_diameter="2.4297943751017255" right_pupil_diameter="2.356463559468587" timestamp="2018-02-19T12:44:25.592-05:00" session_time="39577418654" tracker_time="1519062265627" system_time="1519062265592" nano_time="2763041869216809" gazeId="1237" duration="3983" url="https://stackoverflow.com/questions/40970794/java-runs-jmx-disabled-action/40973807#40973807" Id="40970794">
            <soe part="ANSWER" part_number="1" type="CODE" type_number="2"/>
        </response>
        <response name="jmeter - java runs jmx disabled action - Stack Overflow" type="browser" x="815.0" y="441.0" left_validation="1" right_validation="1" left_pupil_diameter="2.369676672894022" right_pupil_diameter="2.2730493960173233" timestamp="2018-02-19T12:44:29.575-05:00" session_time="43560409478" tracker_time="1519062269610" system_time="1519062269575" nano_time="2763045852207633" gazeId="1476" duration="367" url="https://stackoverflow.com/questions/40970794/java-runs-jmx-disabled-action/40973807#40973807" Id="40970794">
            <soe part="ANSWER" part_number="1" type="CODE" type_number="2"/>
        </response>
        <response name="jmeter - java runs jmx disabled action - Stack Overflow" type="browser" x="862.0" y="436.0" left_validation="1" right_validation="1" left_pupil_diameter="2.3678446802599677" right_pupil_diameter="2.3002771837957976" timestamp="2018-02-19T12:44:29.942-05:00" session_time="43926950940" tracker_time="1519062269977" system_time="1519062269942" nano_time="2763046218749095" gazeId="1498" duration="466" url="https://stackoverflow.com/questions/40970794/java-runs-jmx-disabled-action/40973807#40973807" Id="40970794">
            <soe part="ANSWER" part_number="1" type="CODE" type_number="2"/>
        </response>
        <response name="jmeter - java runs jmx disabled action - Stack Overflow" type="browser" x="807.0" y="418.0" left_validation="1" right_validation="1" left_pupil_diameter="2.372187952841482" right_pupil_diameter="2.2467918806178595" timestamp="2018-02-19T12:44:30.408-05:00" session_time="44393432762" tracker_time="1519062270443" system_time="1519062270408" nano_time="2763046685230917" gazeId="1526" duration="1533" url="https://stackoverflow.com/questions/40970794/java-runs-jmx-disabled-action/40973807#40973807" Id="40970794">
            <soe part="ANSWER" part_number="1" type="CODE" type_number="2"/>
        </response>
        <response name="jmeter - java runs jmx disabled action - Stack Overflow" type="browser" x="914.0" y="399.0" left_validation="1" right_validation="1" left_pupil_diameter="2.392953169973273" right_pupil_diameter="2.1895422684518913" timestamp="2018-02-19T12:44:31.941-05:00" session_time="45926733936" tracker_time="1519062271977" system_time="1519062271941" nano_time="2763048218532091" gazeId="1618" duration="301" url="https://stackoverflow.com/questions/40970794/java-runs-jmx-disabled-action/40973807#40973807" Id="40970794">
            <soe part="ANSWER" part_number="1" type="CODE" type_number="2"/>
        </response>
        <response name="jmeter - java runs jmx disabled action - Stack Overflow" type="browser" x="1014.0" y="396.0" left_validation="1" right_validation="1" left_pupil_diameter="2.3952184606481484" right_pupil_diameter="2.1884618688512734" timestamp="2018-02-19T12:44:32.242-05:00" session_time="46226680381" tracker_time="1519062272276" system_time="1519062272242" nano_time="2763048518478536" gazeId="1636" duration="432" url="https://stackoverflow.com/questions/40970794/java-runs-jmx-disabled-action/40973807#40973807" Id="40970794">
            <soe part="ANSWER" part_number="1" type="CODE" type_number="2"/>
        </response>
        <response name="jmeter - java runs jmx disabled action - Stack Overflow" type="browser" x="1117.0" y="389.0" left_validation="1" right_validation="1" left_pupil_diameter="2.398848615373884" right_pupil_diameter="2.2017674037388395" timestamp="2018-02-19T12:44:32.725-05:00" session_time="46710012657" tracker_time="1519062272760" system_time="1519062272725" nano_time="2763049001810812" gazeId="1665" duration="566" url="https://stackoverflow.com/questions/40970794/java-runs-jmx-disabled-action/40973807#40973807" Id="40970794">
            <soe part="ANSWER" part_number="1" type="CODE" type_number="2"/>
        </response>
        <response name="jmeter - java runs jmx disabled action - Stack Overflow" type="browser" x="1179.5" y="370.5" left_validation="1" right_validation="1" left_pupil_diameter="2.3557256062825522" right_pupil_diameter="2.263239542643229" timestamp="2018-02-19T12:44:33.291-05:00" session_time="47276430441" tracker_time="1519062273326" system_time="1519062273291" nano_time="2763049568228596" gazeId="1699" duration="84" url="https://stackoverflow.com/questions/40970794/java-runs-jmx-disabled-action/40973807#40973807" Id="40970794">
            <soe part="ANSWER" part_number="1" type="CODE" type_number="2"/>
        </response>
        <response name="jmeter - java runs jmx disabled action - Stack Overflow" type="browser" x="1228.0" y="354.0" left_validation="1" right_validation="1" left_pupil_diameter="2.357120714689556" right_pupil_diameter="2.261336477179276" timestamp="2018-02-19T12:44:33.375-05:00" session_time="47359680901" tracker_time="1519062273410" system_time="1519062273375" nano_time="2763049651479056" gazeId="1704" duration="299" url="https://stackoverflow.com/questions/40970794/java-runs-jmx-disabled-action/40973807#40973807" Id="40970794">
            <soe part="ANSWER" part_number="1" type="CODE" type_number="2"/>
        </response>
        <response name="jmeter - java runs jmx disabled action - Stack Overflow" type="browser" x="808.0" y="409.0" left_validation="1" right_validation="1" left_pupil_diameter="2.3707476806640626" right_pupil_diameter="2.2144256591796876" timestamp="2018-02-19T12:44:33.674-05:00" session_time="47659625147" tracker_time="1519062273710" system_time="1519062273674" nano_time="2763049951423302" gazeId="1722" duration="403" url="https://stackoverflow.com/questions/40970794/java-runs-jmx-disabled-action/40973807#40973807" Id="40970794">
            <soe part="ANSWER" part_number="1" type="CODE" type_number="2"/>
        </response>
        <response name="jmeter - java runs jmx disabled action - Stack Overflow" type="browser" x="836.0" y="436.0" left_validation="1" right_validation="1" left_pupil_diameter="2.3647317325367645" right_pupil_diameter="2.186541389016544" timestamp="2018-02-19T12:44:34.077-05:00" session_time="48062548913" tracker_time="1519062274110" system_time="1519062274077" nano_time="2763050354347068" gazeId="1746" duration="264" url="https://stackoverflow.com/questions/40970794/java-runs-jmx-disabled-action/40973807#40973807" Id="40970794">
            <soe part="ANSWER" part_number="1" type="CODE" type_number="2"/>
        </response>
        <response name="jmeter - java runs jmx disabled action - Stack Overflow" type="browser" x="787.5" y="495.0" left_validation="1" right_validation="1" left_pupil_diameter="2.377962112426758" right_pupil_diameter="2.2304811477661133" timestamp="2018-02-19T12:44:34.341-05:00" session_time="48326452123" tracker_time="1519062274376" system_time="1519062274341" nano_time="2763050618250278" gazeId="1762" duration="249" url="https://stackoverflow.com/questions/40970794/java-runs-jmx-disabled-action/40973807#40973807" Id="40970794">
            <soe part="ANSWER" part_number="1" type="CODE" type_number="2"/>
        </response>
        <response name="jmeter - java runs jmx disabled action - Stack Overflow" type="browser" x="847.0" y="493.0" left_validation="1" right_validation="1" left_pupil_diameter="2.3661651611328125" right_pupil_diameter="2.1928010163483798" timestamp="2018-02-19T12:44:34.59-05:00" session_time="48576265818" tracker_time="1519062274626" system_time="1519062274590" nano_time="2763050868063973" gazeId="1777" duration="434" url="https://stackoverflow.com/questions/40970794/java-runs-jmx-disabled-action/40973807#40973807" Id="40970794">
            <soe part="ANSWER" part_number="1" type="CODE" type_number="2"/>
        </response>
        <response name="jmeter - java runs jmx disabled action - Stack Overflow" type="browser" x="958.5" y="459.0" left_validation="1" right_validation="1" left_pupil_diameter="2.3974071502685548" right_pupil_diameter="2.162271499633789" timestamp="2018-02-19T12:44:35.024-05:00" session_time="49009647892" tracker_time="1519062275059" system_time="1519062275024" nano_time="2763051301446047" gazeId="1803" duration="650" url="https://stackoverflow.com/questions/40970794/java-runs-jmx-disabled-action/40973807#40973807" Id="40970794">
            <soe part="ANSWER" part_number="1" type="CODE" type_number="2"/>
        </response>
        <response name="jmeter - java runs jmx disabled action - Stack Overflow" type="browser" x="1328.0" y="389.0" left_validation="1" right_validation="1" left_pupil_diameter="2.395709698016827" right_pupil_diameter="2.226764385516827" timestamp="2018-02-19T12:44:35.674-05:00" session_time="49659456529" tracker_time="1519062275709" system_time="1519062275674" nano_time="2763051951254684" gazeId="1842" duration="200" url="https://stackoverflow.com/questions/40970794/java-runs-jmx-disabled-action/40973807#40973807" Id="40970794">
            <soe part="ANSWER" part_number="1" type="CODE" type_number="2"/>
        </response>
        <response name="jmeter - java runs jmx disabled action - Stack Overflow" type="browser" x="1485.0" y="352.0" left_validation="1" right_validation="1" left_pupil_diameter="2.4042469371448862" right_pupil_diameter="2.2395366321910513" timestamp="2018-02-19T12:44:35.874-05:00" session_time="49859445752" tracker_time="1519062275909" system_time="1519062275874" nano_time="2763052151243907" gazeId="1854" duration="2433" url="https://stackoverflow.com/questions/40970794/java-runs-jmx-disabled-action/40973807#40973807" Id="40970794">
            <soe part="ANSWER" part_number="1" type="CODE" type_number="2"/>
        </response>
        <response name="jmeter - java runs jmx disabled action - Stack Overflow" type="browser" x="1525.5" y="366.5" left_validation="1" right_validation="1" left_pupil_diameter="2.3932056427001953" right_pupil_diameter="2.213252385457357" timestamp="2018-02-19T12:44:38.307-05:00" session_time="52292211636" tracker_time="1519062278342" system_time="1519062278307" nano_time="2763054584009791" gazeId="1864" duration="602" url="https://stackoverflow.com/questions/40970794/java-runs-jmx-disabled-action/40973807#40973807" Id="40970794">
            <soe part="QUESTION" part_number="1" type="CODE" type_number="2"/>
        </response>
        <response name="jmeter - java runs jmx disabled action - Stack Overflow" type="browser" x="1520.0" y="308.0" left_validation="1" right_validation="1" left_pupil_diameter="2.4309407552083333" right_pupil_diameter="2.337328084309896" timestamp="2018-02-19T12:44:38.909-05:00" session_time="52894185862" tracker_time="1519062278942" system_time="1519062278909" nano_time="2763055185984017" gazeId="1887" duration="1464" url="https://stackoverflow.com/questions/40970794/java-runs-jmx-disabled-action/40973807#40973807" Id="40970794">
            <soe part="QUESTION" part_number="1" type="CODE" type_number="2"/>
        </response>
        <response name="jmeter - java runs jmx disabled action - Stack Overflow" type="browser" x="533.5" y="736.0" left_validation="1" right_validation="1" left_pupil_diameter="2.4906234741210938" right_pupil_diameter="2.364694595336914" timestamp="2018-02-19T12:44:40.373-05:00" session_time="54358806653" tracker_time="1519062280409" system_time="1519062280373" nano_time="2763056650604808" gazeId="1901" duration="667" url="https://stackoverflow.com/questions/40970794/java-runs-jmx-disabled-action/40973807#40973807" Id="40970794">
            <soe part="QUESTION" part_number="1" type="TEXT" type_number="3"/>
        </response>
        <response name="T3-SO.txt" type="txt" x="645.0" y="776.0" left_validation="1" right_validation="1" left_pupil_diameter="2.4283585981889204" right_pupil_diameter="2.2880484841086646" timestamp="2018-02-19T12:44:41.04-05:00" session_time="55025349177" tracker_time="1519062281075" system_time="1519062281040" nano_time="2763057317147332" gazeId="1908" duration="200" path="C:\CodeSummarizationStudy\_tasks\Sequence 1\T3-SO.txt" line_height="15" font_height="10" line="6" col="31" line_base_x="414" line_base_y="775"/>
        <response name="T3-SO.txt" type="txt" x="501.5" y="796.0" left_validation="1" right_validation="1" left_pupil_diameter="2.449739244249132" right_pupil_diameter="2.3476460774739585" timestamp="2018-02-19T12:44:41.24-05:00" session_time="55225267654" tracker_time="1519062281275" system_time="1519062281240" nano_time="2763057517065809" gazeId="1918" duration="533" path="C:\CodeSummarizationStudy\_tasks\Sequence 1\T3-SO.txt" line_height="15" font_height="10" line="7" col="28" line_base_x="414" line_base_y="790"/>
        <response name="T3-SO.txt" type="txt" x="635.5" y="709.5" left_validation="1" right_validation="1" left_pupil_diameter="2.5542940412248885" right_pupil_diameter="2.441829136439732" timestamp="2018-02-19T12:44:41.773-05:00" session_time="55758560763" tracker_time="1519062281809" system_time="1519062281773" nano_time="2763058050358918" gazeId="1935" duration="450" path="C:\CodeSummarizationStudy\_tasks\Sequence 1\T3-SO.txt" line_height="15" font_height="10" line="1" col="29" line_base_x="414" line_base_y="700"/>
        <response name="T3-SO.txt" type="txt" x="574.5" y="706.0" left_validation="1" right_validation="1" left_pupil_diameter="2.649805483610734" right_pupil_diameter="2.5272435727326767" timestamp="2018-02-19T12:44:42.223-05:00" session_time="56208752603" tracker_time="1519062282259" system_time="1519062282223" nano_time="2763058500550758" gazeId="1948" duration="783" path="C:\CodeSummarizationStudy\_tasks\Sequence 1\T3-SO.txt" line_height="15" font_height="10" line="1" col="22" line_base_x="414" line_base_y="700"/>
        <response name="T3-SO.txt" type="txt" x="806.0" y="517.5" left_validation="1" right_validation="1" left_pupil_diameter="2.6061229705810547" right_pupil_diameter="2.598775863647461" timestamp="2018-02-19T12:44:43.006-05:00" session_time="56992024727" tracker_time="1519062283042" system_time="1519062283006" nano_time="2763059283822882" gazeId="1993" duration="1150" path="C:\CodeSummarizationStudy\_tasks\Sequence 1\T3-SO.txt" line_height="15" font_height="10" line="1" col="56" line_base_x="414" line_base_y="700"/>
        <response name="jmeter - java runs jmx disabled action - Stack Overflow" type="browser" x="788.0" y="412.5" left_validation="1" right_validation="1" left_pupil_diameter="2.560453414916992" right_pupil_diameter="2.592243194580078" timestamp="2018-02-19T12:44:44.156-05:00" session_time="58141930319" tracker_time="1519062284192" system_time="1519062284156" nano_time="2763060433728474" gazeId="2000" duration="117" url="https://stackoverflow.com/questions/40970794/java-runs-jmx-disabled-action/40973807#40973807" Id="40970794">
            <soe part="QUESTION" part_number="1" type="CODE" type_number="4"/>
        </response>
        <response name="jmeter - java runs jmx disabled action - Stack Overflow" type="browser" x="772.0" y="339.0" left_validation="1" right_validation="1" left_pupil_diameter="2.5866270065307617" right_pupil_diameter="2.5567445755004883" timestamp="2018-02-19T12:44:44.273-05:00" session_time="58258598702" tracker_time="1519062284308" system_time="1519062284273" nano_time="2763060550396857" gazeId="2007" duration="667" url="https://stackoverflow.com/questions/40970794/java-runs-jmx-disabled-action/40973807#40973807" Id="40970794">
            <soe part="QUESTION" part_number="1" type="TEXT" type_number="3"/>
        </response>
        <response name="jmeter - java runs jmx disabled action - Stack Overflow" type="browser" x="747.0" y="385.0" left_validation="1" right_validation="1" left_pupil_diameter="2.601167951311384" right_pupil_diameter="2.565791538783482" timestamp="2018-02-19T12:44:44.94-05:00" session_time="58924918358" tracker_time="1519062284975" system_time="1519062284940" nano_time="2763061216716513" gazeId="2038" duration="100" url="https://stackoverflow.com/questions/40970794/java-runs-jmx-disabled-action/40973807#40973807" Id="40970794">
            <soe part="ANSWER" part_number="1" type="TEXT" type_number="2"/>
        </response>
        <response name="jmeter - java runs jmx disabled action - Stack Overflow" type="browser" x="807.0" y="416.0" left_validation="1" right_validation="1" left_pupil_diameter="2.5950448172433034" right_pupil_diameter="2.5562329973493303" timestamp="2018-02-19T12:44:45.04-05:00" session_time="59025179093" tracker_time="1519062285075" system_time="1519062285040" nano_time="2763061316977248" gazeId="2044" duration="333" url="https://stackoverflow.com/questions/40970794/java-runs-jmx-disabled-action/40973807#40973807" Id="40970794">
            <soe part="ANSWER" part_number="1" type="TEXT" type_number="2"/>
        </response>
        <response name="jmeter - java runs jmx disabled action - Stack Overflow" type="browser" x="981.0" y="413.0" left_validation="1" right_validation="1" left_pupil_diameter="2.578224690755208" right_pupil_diameter="2.5481536865234373" timestamp="2018-02-19T12:44:45.373-05:00" session_time="59358361647" tracker_time="1519062285408" system_time="1519062285373" nano_time="2763061650159802" gazeId="2064" duration="233" url="https://stackoverflow.com/questions/40970794/java-runs-jmx-disabled-action/40973807#40973807" Id="40970794">
            <soe part="QUESTION" part_number="1" type="CODE" type_number="3"/>
        </response>
        <response name="jmeter - java runs jmx disabled action - Stack Overflow" type="browser" x="1044.0" y="409.0" left_validation="1" right_validation="1" left_pupil_diameter="2.5456990888041835" right_pupil_diameter="2.518182569934476" timestamp="2018-02-19T12:44:45.606-05:00" session_time="59591445120" tracker_time="1519062285641" system_time="1519062285606" nano_time="2763061883243275" gazeId="2078" duration="633" url="https://stackoverflow.com/questions/40970794/java-runs-jmx-disabled-action/40973807#40973807" Id="40970794">
            <soe part="QUESTION" part_number="1" type="CODE" type_number="4"/>
        </response>
        <response name="jmeter - java runs jmx disabled action - Stack Overflow" type="browser" x="1152.5" y="396.0" left_validation="1" right_validation="1" left_pupil_diameter="2.571682612101237" right_pupil_diameter="2.5552171071370444" timestamp="2018-02-19T12:44:46.239-05:00" session_time="60224717079" tracker_time="1519062286275" system_time="1519062286239" nano_time="2763062516515234" gazeId="2108" duration="383" url="https://stackoverflow.com/questions/40970794/java-runs-jmx-disabled-action/40973807#40973807" Id="40970794">
            <soe part="ANSWER" part_number="1" type="TEXT" type_number="3"/>
        </response>
        <response name="jmeter - java runs jmx disabled action - Stack Overflow" type="browser" x="1217.0" y="389.0" left_validation="1" right_validation="1" left_pupil_diameter="2.6058281792534723" right_pupil_diameter="2.5915499086733216" timestamp="2018-02-19T12:44:46.622-05:00" session_time="60608089934" tracker_time="1519062286658" system_time="1519062286622" nano_time="2763062899888089" gazeId="2131" duration="435" url="https://stackoverflow.com/questions/40970794/java-runs-jmx-disabled-action/40973807#40973807" Id="40970794">
            <soe part="QUESTION" part_number="1" type="TEXT" type_number="3"/>
        </response>
        <response name="jmeter - java runs jmx disabled action - Stack Overflow" type="browser" x="1053.0" y="401.0" left_validation="1" right_validation="1" left_pupil_diameter="2.6155618520883412" right_pupil_diameter="2.6154374342698317" timestamp="2018-02-19T12:44:47.057-05:00" session_time="61041681314" tracker_time="1519062287091" system_time="1519062287057" nano_time="2763063333479469" gazeId="2157" duration="199" url="https://stackoverflow.com/questions/40970794/java-runs-jmx-disabled-action/40973807#40973807" Id="40970794">
            <soe part="ANSWER" part_number="1" type="TEXT" type_number="5"/>
        </response>
        <response name="jmeter - java runs jmx disabled action - Stack Overflow" type="browser" x="996.0" y="407.0" left_validation="1" right_validation="1" left_pupil_diameter="2.643437703450521" right_pupil_diameter="2.64212153508113" timestamp="2018-02-19T12:44:47.256-05:00" session_time="61241442169" tracker_time="1519062287291" system_time="1519062287256" nano_time="2763063533240324" gazeId="2169" duration="633" url="https://stackoverflow.com/questions/40970794/java-runs-jmx-disabled-action/40973807#40973807" Id="40970794">
            <soe part="ANSWER" part_number="1" type="CODE" type_number="2"/>
        </response>
        <response name="jmeter - java runs jmx disabled action - Stack Overflow" type="browser" x="674.0" y="710.0" left_validation="1" right_validation="1" left_pupil_diameter="2.608145973899148" right_pupil_diameter="2.5414622913707388" timestamp="2018-02-19T12:44:47.889-05:00" session_time="61874759948" tracker_time="1519062287924" system_time="1519062287889" nano_time="2763064166558103" gazeId="2207" duration="1850" url="https://stackoverflow.com/questions/40970794/java-runs-jmx-disabled-action/40973807#40973807" Id="40970794">
            <soe part="ANSWER" part_number="1" type="CODE" type_number="2"/>
        </response>
        <response name="jmeter - java runs jmx disabled action - Stack Overflow" type="browser" x="1092.0" y="360.5" left_validation="1" right_validation="1" left_pupil_diameter="2.583966827392578" right_pupil_diameter="2.465557098388672" timestamp="2018-02-19T12:44:49.739-05:00" session_time="63724288752" tracker_time="1519062289774" system_time="1519062289739" nano_time="2763066016086907" gazeId="2217" duration="316" url="https://stackoverflow.com/questions/40970794/java-runs-jmx-disabled-action/40973807#40973807" Id="40970794">
            <soe part="ANSWER" part_number="1" type="CODE" type_number="2"/>
        </response>
        <response name="jmeter - java runs jmx disabled action - Stack Overflow" type="browser" x="1006.5" y="408.0" left_validation="1" right_validation="1" left_pupil_diameter="2.5866290005770596" right_pupil_diameter="2.564813093705611" timestamp="2018-02-19T12:44:50.105-05:00" session_time="64090906458" tracker_time="1519062290141" system_time="1519062290105" nano_time="2763066382704613" gazeId="2239" duration="717" url="https://stackoverflow.com/questions/40970794/java-runs-jmx-disabled-action/40973807#40973807" Id="40970794">
            <soe part="ANSWER" part_number="1" type="CODE" type_number="2"/>
        </response>
        <response name="jmeter - java runs jmx disabled action - Stack Overflow" type="browser" x="971.0" y="402.0" left_validation="1" right_validation="1" left_pupil_diameter="2.5935865129743303" right_pupil_diameter="2.5927625383649553" timestamp="2018-02-19T12:44:50.822-05:00" session_time="64807494858" tracker_time="1519062290857" system_time="1519062290822" nano_time="2763067099293013" gazeId="2282" duration="100" url="https://stackoverflow.com/questions/40970794/java-runs-jmx-disabled-action/40973807#40973807" Id="40970794">
            <soe part="ANSWER" part_number="1" type="CODE" type_number="2"/>
        </response>
        <response name="jmeter - java runs jmx disabled action - Stack Overflow" type="browser" x="929.0" y="403.5" left_validation="1" right_validation="1" left_pupil_diameter="2.6182774135044644" right_pupil_diameter="2.6163014003208707" timestamp="2018-02-19T12:44:50.922-05:00" session_time="64907418723" tracker_time="1519062290957" system_time="1519062290922" nano_time="2763067199216878" gazeId="2288" duration="217" url="https://stackoverflow.com/questions/40970794/java-runs-jmx-disabled-action/40973807#40973807" Id="40970794">
            <soe part="ANSWER" part_number="1" type="CODE" type_number="2"/>
        </response>
        <response name="jmeter - java runs jmx disabled action - Stack Overflow" type="browser" x="891.0" y="410.0" left_validation="1" right_validation="1" left_pupil_diameter="2.6460731143043157" right_pupil_diameter="2.642668224516369" timestamp="2018-02-19T12:44:51.139-05:00" session_time="65124140368" tracker_time="1519062291174" system_time="1519062291139" nano_time="2763067415938523" gazeId="2301" duration="333" url="https://stackoverflow.com/questions/40970794/java-runs-jmx-disabled-action/40973807#40973807" Id="40970794">
            <soe part="ANSWER" part_number="1" type="CODE" type_number="2"/>
        </response>
        <response name="jmeter - java runs jmx disabled action - Stack Overflow" type="browser" x="1018.0" y="417.0" left_validation="1" right_validation="1" left_pupil_diameter="2.6566991391389267" right_pupil_diameter="2.6307857347571333" timestamp="2018-02-19T12:44:51.472-05:00" session_time="65457599310" tracker_time="1519062291507" system_time="1519062291472" nano_time="2763067749397465" gazeId="2321" duration="374" url="https://stackoverflow.com/questions/40970794/java-runs-jmx-disabled-action/40973807#40973807" Id="40970794">
            <soe part="ANSWER" part_number="1" type="CODE" type_number="1"/>
        </response>
        <response name="jmeter - java runs jmx disabled action - Stack Overflow" type="browser" x="1176.0" y="401.0" left_validation="1" right_validation="1" left_pupil_diameter="2.6200249989827475" right_pupil_diameter="2.6215798060099282" timestamp="2018-02-19T12:44:51.846-05:00" session_time="65830854707" tracker_time="1519062291874" system_time="1519062291846" nano_time="2763068122652862" gazeId="2343" duration="1025" url="https://stackoverflow.com/questions/40970794/java-runs-jmx-disabled-action/40973807#40973807" Id="40970794">
            <soe part="ANSWER" part_number="1" type="CODE" type_number="2"/>
        </response>
        <response name="jmeter - java runs jmx disabled action - Stack Overflow" type="browser" x="748.5" y="460.5" left_validation="1" right_validation="1" left_pupil_diameter="2.577749938964844" right_pupil_diameter="2.5823419189453123" timestamp="2018-02-19T12:44:52.871-05:00" session_time="66857443594" tracker_time="1519062292907" system_time="1519062292871" nano_time="2763069149241749" gazeId="2390" duration="918" url="https://stackoverflow.com/questions/40970794/java-runs-jmx-disabled-action/40973807#40973807" Id="40970794">
            <soe part="QUESTION" part_number="1" type="CODE" type_number="4"/>
        </response>
        <response name="jmeter - java runs jmx disabled action - Stack Overflow" type="browser" x="853.0" y="477.0" left_validation="1" right_validation="1" left_pupil_diameter="2.62566674273947" right_pupil_diameter="2.6038884701936142" timestamp="2018-02-19T12:44:53.789-05:00" session_time="67774631175" tracker_time="1519062293824" system_time="1519062293789" nano_time="2763070066429330" gazeId="2439" duration="366" url="https://stackoverflow.com/questions/40970794/java-runs-jmx-disabled-action/40973807#40973807" Id="40970794">
            <soe part="ANSWER" part_number="1" type="CODE" type_number="2"/>
        </response>
        <response name="jmeter - java runs jmx disabled action - Stack Overflow" type="browser" x="791.0" y="523.0" left_validation="1" right_validation="1" left_pupil_diameter="2.627068953080611" right_pupil_diameter="2.6139096346768467" timestamp="2018-02-19T12:44:54.206-05:00" session_time="68192088362" tracker_time="1519062294240" system_time="1519062294206" nano_time="2763070483886517" gazeId="2464" duration="465" url="https://stackoverflow.com/questions/40970794/java-runs-jmx-disabled-action/40973807#40973807" Id="40970794">
            <soe part="ANSWER" part_number="1" type="CODE" type_number="2"/>
        </response>
        <response name="jmeter - java runs jmx disabled action - Stack Overflow" type="browser" x="856.5" y="515.5" left_validation="1" right_validation="1" left_pupil_diameter="2.6207229614257814" right_pupil_diameter="2.6252410888671873" timestamp="2018-02-19T12:44:54.671-05:00" session_time="68657209142" tracker_time="1519062294707" system_time="1519062294671" nano_time="2763070949007297" gazeId="2485" duration="151" url="https://stackoverflow.com/questions/40970794/java-runs-jmx-disabled-action/40973807#40973807" Id="40970794">
            <soe part="QUESTION" part_number="1" type="CODE" type_number="2"/>
        </response>
        <response name="jmeter - java runs jmx disabled action - Stack Overflow" type="browser" x="973.0" y="394.0" left_validation="1" right_validation="1" left_pupil_diameter="2.5292098823635056" right_pupil_diameter="2.5540741668350395" timestamp="2018-02-19T12:44:54.822-05:00" session_time="68807014663" tracker_time="1519062294857" system_time="1519062294822" nano_time="2763071098812818" gazeId="2494" duration="4933" url="https://stackoverflow.com/questions/40970794/java-runs-jmx-disabled-action/40973807#40973807" Id="40970794">
            <soe part="QUESTION" part_number="1" type="CODE" type_number="2"/>
        </response>
        <response name="java - How to activate JMX on my JVM for access with jconsole? - Stack Overflow" type="browser" x="1011.0" y="392.0" left_validation="1" right_validation="1" left_pupil_diameter="2.4565946517452115" right_pupil_diameter="2.512668240454889" timestamp="2018-02-19T12:44:59.755-05:00" session_time="73739802357" tracker_time="1519062299790" system_time="1519062299755" nano_time="2763076031600512" gazeId="2580" duration="500" url="https://stackoverflow.com/questions/856881/how-to-activate-jmx-on-my-jvm-for-access-with-jconsole" Id="856881">
            <soe part="ANSWER" part_number="1" type="TEXT" type_number="4"/>
        </response>
        <response name="java - How to activate JMX on my JVM for access with jconsole? - Stack Overflow" type="browser" x="967.5" y="394.0" left_validation="1" right_validation="1" left_pupil_diameter="2.4515581997958096" right_pupil_diameter="2.4948772083629263" timestamp="2018-02-19T12:45:00.255-05:00" session_time="74239755254" tracker_time="1519062300290" system_time="1519062300255" nano_time="2763076531553409" gazeId="2610" duration="349" url="https://stackoverflow.com/questions/856881/how-to-activate-jmx-on-my-jvm-for-access-with-jconsole" Id="856881">
            <soe part="ANSWER" part_number="1" type="TEXT" type_number="4"/>
        </response>
    </gazes>
</itrace-records>
