<?xml version="1.0" encoding="UTF-8" standalone="yes"?>
<itrace-records>
    <environment>
        <screen-size width="1920" height="1080"/>
    </environment>
    <gazes>
        <response name="T1-SO.txt" type="txt" x="471.0" y="735.0" left_validation="1" right_validation="1" left_pupil_diameter="2.494328816731771" right_pupil_diameter="2.6428375244140625" timestamp="2018-02-20T16:17:30.736-05:00" session_time="2531472766" tracker_time="1519161450120" system_time="1519161450736" nano_time="2862227134255259" gazeId="5" duration="334" path="C:\CodeSummarizationStudy\_tasks\Sequence 4\T1-SO.txt" line_height="15" font_height="10" line="3" col="12" line_base_x="414" line_base_y="730"/>
        <response name="T1-SO.txt" type="txt" x="545.0" y="710.0" left_validation="1" right_validation="1" left_pupil_diameter="2.448911394391741" right_pupil_diameter="2.7296600341796875" timestamp="2018-02-20T16:17:31.07-05:00" session_time="2864789848" tracker_time="1519161450453" system_time="1519161451070" nano_time="2862227467572341" gazeId="10" duration="3366" path="C:\CodeSummarizationStudy\_tasks\Sequence 4\T1-SO.txt" line_height="15" font_height="10" line="3" col="9" line_base_x="414" line_base_y="730"/>
        <response name="T1-SO.txt" type="txt" x="437.5" y="780.0" left_validation="1" right_validation="1" left_pupil_diameter="2.412273406982422" right_pupil_diameter="2.499523162841797" timestamp="2018-02-20T16:17:34.436-05:00" session_time="6230781468" tracker_time="1519161453819" system_time="1519161454436" nano_time="2862230833563961" gazeId="16" duration="250" path="C:\CodeSummarizationStudy\_tasks\Sequence 4\T1-SO.txt" line_height="15" font_height="10" line="3" col="3" line_base_x="414" line_base_y="730"/>
        <response name="T1-SO.txt" type="txt" x="474.0" y="796.0" left_validation="1" right_validation="1" left_pupil_diameter="2.2899483128597864" right_pupil_diameter="2.615203857421875" timestamp="2018-02-20T16:17:34.686-05:00" session_time="6480967590" tracker_time="1519161454069" system_time="1519161454686" nano_time="2862231083750083" gazeId="23" duration="4316" path="C:\CodeSummarizationStudy\_tasks\Sequence 4\T1-SO.txt" line_height="15" font_height="10" line="7" col="7" line_base_x="414" line_base_y="790"/>
        <response name="T1-SO.txt" type="txt" x="518.0" y="863.0" left_validation="1" right_validation="1" left_pupil_diameter="2.2034561157226564" right_pupil_diameter="2.5764450073242187" timestamp="2018-02-20T16:17:39.002-05:00" session_time="10797189355" tracker_time="1519161458385" system_time="1519161459002" nano_time="2862235399971848" gazeId="41" duration="116" path="C:\CodeSummarizationStudy\_tasks\Sequence 4\T1-SO.txt" line_height="15" font_height="10" line="10" col="18" line_base_x="414" line_base_y="835"/>
        <response name="T1-SO.txt" type="txt" x="874.5" y="528.0" left_validation="1" right_validation="1" left_pupil_diameter="1.3521074567522322" right_pupil_diameter="2.3772315979003906" timestamp="2018-02-20T16:17:39.118-05:00" session_time="10913515737" tracker_time="1519161458502" system_time="1519161459118" nano_time="2862235516298230" gazeId="48" duration="18231" path="C:\CodeSummarizationStudy\_tasks\Sequence 4\T1-SO.txt" line_height="15" font_height="10" line="12" col="15" line_base_x="414" line_base_y="865"/>
        <response name="asp.net - Automatically upload after user have selected a file using fileUploadControl - Stack Overflow" type="browser" x="919.0" y="527.0" left_validation="1" right_validation="1" left_pupil_diameter="1.57088623046875" right_pupil_diameter="2.3266265869140623" timestamp="2018-02-20T16:17:57.349-05:00" session_time="29145047556" tracker_time="1519161476733" system_time="1519161477349" nano_time="2862253747830049" gazeId="77" duration="67" url="https://stackoverflow.com/questions/6014767/automatically-upload-after-user-have-selected-a-file-using-fileuploadcontrol" Id="6014767">
            <soe part="QUESTION" part_number="1" type="TEXT" type_number="3"/>
        </response>
        <response name="asp.net - Automatically upload after user have selected a file using fileUploadControl - Stack Overflow" type="browser" x="962.0" y="513.0" left_validation="1" right_validation="1" left_pupil_diameter="1.1445504465410787" right_pupil_diameter="2.2537974696005545" timestamp="2018-02-20T16:17:57.416-05:00" session_time="29211241921" tracker_time="1519161476800" system_time="1519161477416" nano_time="2862253814024414" gazeId="81" duration="1034" url="https://stackoverflow.com/questions/6014767/automatically-upload-after-user-have-selected-a-file-using-fileuploadcontrol" Id="6014767">
            <soe part="QUESTION" part_number="1" type="TEXT" type_number="3"/>
        </response>
        <response name="asp.net - Automatically upload after user have selected a file using fileUploadControl - Stack Overflow" type="browser" x="752.0" y="458.5" left_validation="1" right_validation="1" left_pupil_diameter="2.1780484517415366" right_pupil_diameter="2.3036295572916665" timestamp="2018-02-20T16:17:58.45-05:00" session_time="30245424857" tracker_time="1519161477833" system_time="1519161478450" nano_time="2862254848207350" gazeId="111" duration="183" url="https://stackoverflow.com/questions/6014767/automatically-upload-after-user-have-selected-a-file-using-fileuploadcontrol" Id="6014767">
            <soe part="QUESTION" part_number="1" type="TEXT" type_number="2"/>
        </response>
        <response name="asp.net - Automatically upload after user have selected a file using fileUploadControl - Stack Overflow" type="browser" x="716.5" y="438.0" left_validation="1" right_validation="1" left_pupil_diameter="2.224188668387277" right_pupil_diameter="2.375323704310826" timestamp="2018-02-20T16:17:58.633-05:00" session_time="30428329393" tracker_time="1519161478016" system_time="1519161478633" nano_time="2862255031111886" gazeId="122" duration="434" url="https://stackoverflow.com/questions/6014767/automatically-upload-after-user-have-selected-a-file-using-fileuploadcontrol" Id="6014767">
            <soe part="QUESTION" part_number="1" type="TEXT" type_number="1"/>
        </response>
        <response name="asp.net - Automatically upload after user have selected a file using fileUploadControl - Stack Overflow" type="browser" x="967.5" y="311.5" left_validation="1" right_validation="1" left_pupil_diameter="2.2600936889648438" right_pupil_diameter="2.3837687174479165" timestamp="2018-02-20T16:17:59.067-05:00" session_time="30862609176" tracker_time="1519161478450" system_time="1519161479067" nano_time="2862255465391669" gazeId="135" duration="83" url="https://stackoverflow.com/questions/6014767/automatically-upload-after-user-have-selected-a-file-using-fileuploadcontrol" Id="6014767">
            <soe part="QUESTION" part_number="1" type="TITLE" type_number="1"/>
        </response>
        <response name="asp.net - Automatically upload after user have selected a file using fileUploadControl - Stack Overflow" type="browser" x="761.0" y="395.5" left_validation="1" right_validation="1" left_pupil_diameter="2.4972877502441406" right_pupil_diameter="2.627199172973633" timestamp="2018-02-20T16:17:59.15-05:00" session_time="30945149240" tracker_time="1519161478533" system_time="1519161479150" nano_time="2862255547931733" gazeId="140" duration="2815" url="https://stackoverflow.com/questions/6014767/automatically-upload-after-user-have-selected-a-file-using-fileuploadcontrol" Id="6014767">
            <soe part="QUESTION" part_number="1" type="TITLE" type_number="1"/>
        </response>
        <response name="asp.net - Automatically upload after user have selected a file using fileUploadControl - Stack Overflow" type="browser" x="854.0" y="506.5" left_validation="1" right_validation="1" left_pupil_diameter="1.859395980834961" right_pupil_diameter="2.320718765258789" timestamp="2018-02-20T16:18:01.965-05:00" session_time="33760623037" tracker_time="1519161481349" system_time="1519161481965" nano_time="2862258363405530" gazeId="147" duration="600" url="https://stackoverflow.com/questions/6014767/automatically-upload-after-user-have-selected-a-file-using-fileuploadcontrol" Id="6014767">
            <soe part="QUESTION" part_number="1" type="COMMENT" type_number="1"/>
        </response>
        <response name="asp.net - Automatically upload after user have selected a file using fileUploadControl - Stack Overflow" type="browser" x="806.0" y="510.0" left_validation="1" right_validation="1" left_pupil_diameter="2.005822886591372" right_pupil_diameter="2.2185595968495244" timestamp="2018-02-20T16:18:02.565-05:00" session_time="34360385432" tracker_time="1519161481949" system_time="1519161482565" nano_time="2862258963167925" gazeId="154" duration="383" url="https://stackoverflow.com/questions/6014767/automatically-upload-after-user-have-selected-a-file-using-fileuploadcontrol" Id="6014767">
            <soe part="QUESTION" part_number="1" type="COMMENT" type_number="1"/>
        </response>
        <response name="asp.net - Automatically upload after user have selected a file using fileUploadControl - Stack Overflow" type="browser" x="722.5" y="520.5" left_validation="1" right_validation="1" left_pupil_diameter="2.221636962890625" right_pupil_diameter="2.2133224487304686" timestamp="2018-02-20T16:18:02.948-05:00" session_time="34743715766" tracker_time="1519161482332" system_time="1519161482948" nano_time="2862259346498259" gazeId="176" duration="151" url="https://stackoverflow.com/questions/6014767/automatically-upload-after-user-have-selected-a-file-using-fileuploadcontrol" Id="6014767">
            <soe part="QUESTION" part_number="1" type="COMMENT" type_number="1"/>
        </response>
        <response name="asp.net - Automatically upload after user have selected a file using fileUploadControl - Stack Overflow" type="browser" x="885.0" y="373.0" left_validation="1" right_validation="1" left_pupil_diameter="2.2122711181640624" right_pupil_diameter="2.2597686767578127" timestamp="2018-02-20T16:18:03.099-05:00" session_time="34893802072" tracker_time="1519161482482" system_time="1519161483099" nano_time="2862259496584565" gazeId="185" duration="1749" url="https://stackoverflow.com/questions/6014767/automatically-upload-after-user-have-selected-a-file-using-fileuploadcontrol" Id="6014767">
            <soe part="QUESTION" part_number="1" type="COMMENT" type_number="1"/>
        </response>
        <response name="asp.net - Automatically upload after user have selected a file using fileUploadControl - Stack Overflow" type="browser" x="724.5" y="360.0" left_validation="1" right_validation="1" left_pupil_diameter="2.213677724202474" right_pupil_diameter="2.279775619506836" timestamp="2018-02-20T16:18:04.848-05:00" session_time="36643273216" tracker_time="1519161484232" system_time="1519161484848" nano_time="2862261246055709" gazeId="199" duration="386" url="https://stackoverflow.com/questions/6014767/automatically-upload-after-user-have-selected-a-file-using-fileuploadcontrol" Id="6014767">
            <soe part="QUESTION" part_number="1" type="TEXT" type_number="3"/>
        </response>
        <response name="asp.net - Automatically upload after user have selected a file using fileUploadControl - Stack Overflow" type="browser" x="768.0" y="337.0" left_validation="1" right_validation="1" left_pupil_diameter="2.2746090359157987" right_pupil_diameter="2.3504130045572915" timestamp="2018-02-20T16:18:05.234-05:00" session_time="37028592511" tracker_time="1519161484615" system_time="1519161485234" nano_time="2862261631375004" gazeId="222" duration="131" url="https://stackoverflow.com/questions/6014767/automatically-upload-after-user-have-selected-a-file-using-fileuploadcontrol" Id="6014767">
            <soe part="QUESTION" part_number="1" type="TEXT" type_number="2"/>
        </response>
        <response name="asp.net - Automatically upload after user have selected a file using fileUploadControl - Stack Overflow" type="browser" x="820.0" y="342.0" left_validation="1" right_validation="1" left_pupil_diameter="2.313481050379136" right_pupil_diameter="2.404620002297794" timestamp="2018-02-20T16:18:05.365-05:00" session_time="37160016818" tracker_time="1519161484749" system_time="1519161485365" nano_time="2862261762799311" gazeId="230" duration="335" url="https://stackoverflow.com/questions/6014767/automatically-upload-after-user-have-selected-a-file-using-fileuploadcontrol" Id="6014767">
            <soe part="QUESTION" part_number="1" type="TEXT" type_number="2"/>
        </response>
        <response name="asp.net - Automatically upload after user have selected a file using fileUploadControl - Stack Overflow" type="browser" x="898.0" y="338.0" left_validation="1" right_validation="1" left_pupil_diameter="2.0114499046688987" right_pupil_diameter="2.483086722237723" timestamp="2018-02-20T16:18:05.7-05:00" session_time="37494885187" tracker_time="1519161485082" system_time="1519161485700" nano_time="2862262097667680" gazeId="246" duration="332" url="https://stackoverflow.com/questions/6014767/automatically-upload-after-user-have-selected-a-file-using-fileuploadcontrol" Id="6014767">
            <soe part="QUESTION" part_number="1" type="TEXT" type_number="2"/>
        </response>
        <response name="asp.net - Automatically upload after user have selected a file using fileUploadControl - Stack Overflow" type="browser" x="941.0" y="306.0" left_validation="1" right_validation="1" left_pupil_diameter="2.3526009224556588" right_pupil_diameter="2.5227879704655827" timestamp="2018-02-20T16:18:06.032-05:00" session_time="37827207789" tracker_time="1519161485415" system_time="1519161486032" nano_time="2862262429990282" gazeId="266" duration="1833" url="https://stackoverflow.com/questions/6014767/automatically-upload-after-user-have-selected-a-file-using-fileuploadcontrol" Id="6014767">
            <soe part="QUESTION" part_number="1" type="TEXT" type_number="2"/>
        </response>
        <response name="asp.net - Automatically upload after user have selected a file using fileUploadControl - Stack Overflow" type="browser" x="1060.0" y="302.0" left_validation="1" right_validation="1" left_pupil_diameter="2.415636502779447" right_pupil_diameter="2.504486083984375" timestamp="2018-02-20T16:18:07.865-05:00" session_time="39659557333" tracker_time="1519161487248" system_time="1519161487865" nano_time="2862264262339826" gazeId="302" duration="334" url="https://stackoverflow.com/questions/6014767/automatically-upload-after-user-have-selected-a-file-using-fileuploadcontrol" Id="6014767">
            <soe part="ANSWER" part_number="1" type="TEXT" type_number="1"/>
        </response>
        <response name="asp.net - Automatically upload after user have selected a file using fileUploadControl - Stack Overflow" type="browser" x="1024.0" y="324.0" left_validation="1" right_validation="1" left_pupil_diameter="2.3300922100360575" right_pupil_diameter="2.4412090594951925" timestamp="2018-02-20T16:18:08.199-05:00" session_time="39993386502" tracker_time="1519161487582" system_time="1519161488199" nano_time="2862264596168995" gazeId="314" duration="7065" url="https://stackoverflow.com/questions/6014767/automatically-upload-after-user-have-selected-a-file-using-fileuploadcontrol" Id="6014767">
            <soe part="ANSWER" part_number="1" type="COMMENT" type_number="1"/>
        </response>
        <response name="c# - About Disposing DataContext and DataBind() - Stack Overflow" type="browser" x="779.0" y="457.0" left_validation="1" right_validation="1" left_pupil_diameter="1.3585542951311385" right_pupil_diameter="2.457465035574777" timestamp="2018-02-20T16:18:15.264-05:00" session_time="47059149424" tracker_time="1519161494648" system_time="1519161495264" nano_time="2862271661931917" gazeId="326" duration="254" url="https://stackoverflow.com/questions/6977864/about-disposing-datacontext-and-databind" Id="6977864">
            <soe part="QUESTION" part_number="1" type="TEXT" type_number="1"/>
        </response>
        <response name="c# - About Disposing DataContext and DataBind() - Stack Overflow" type="browser" x="1025.0" y="398.0" left_validation="1" right_validation="1" left_pupil_diameter="1.595941162109375" right_pupil_diameter="2.4034698486328123" timestamp="2018-02-20T16:18:15.518-05:00" session_time="47312573381" tracker_time="1519161494898" system_time="1519161495518" nano_time="2862271915355874" gazeId="339" duration="829" url="https://stackoverflow.com/questions/6977864/about-disposing-datacontext-and-databind" Id="6977864">
            <soe part="QUESTION" part_number="1" type="TEXT" type_number="1"/>
        </response>
        <response name="c# - About Disposing DataContext and DataBind() - Stack Overflow" type="browser" x="1060.0" y="376.0" left_validation="1" right_validation="1" left_pupil_diameter="0.1917858123779297" right_pupil_diameter="2.2739505767822266" timestamp="2018-02-20T16:18:16.347-05:00" session_time="48142031490" tracker_time="1519161495731" system_time="1519161496347" nano_time="2862272744813983" gazeId="343" duration="133" url="https://stackoverflow.com/questions/6977864/about-disposing-datacontext-and-databind" Id="6977864">
            <soe part="QUESTION" part_number="1" type="TEXT" type_number="1"/>
        </response>
        <response name="c# - About Disposing DataContext and DataBind() - Stack Overflow" type="browser" x="1112.5" y="370.0" left_validation="1" right_validation="1" left_pupil_diameter="-0.2152099609375" right_pupil_diameter="2.2699546813964844" timestamp="2018-02-20T16:18:16.48-05:00" session_time="48274897482" tracker_time="1519161495864" system_time="1519161496480" nano_time="2862272877679975" gazeId="350" duration="783" url="https://stackoverflow.com/questions/6977864/about-disposing-datacontext-and-databind" Id="6977864">
            <soe part="QUESTION" part_number="1" type="TEXT" type_number="1"/>
        </response>
        <response name="c# - About Disposing DataContext and DataBind() - Stack Overflow" type="browser" x="893.0" y="384.0" left_validation="1" right_validation="1" left_pupil_diameter="0.7917916434151786" right_pupil_diameter="2.2056383405412947" timestamp="2018-02-20T16:18:17.263-05:00" session_time="49058246583" tracker_time="1519161496647" system_time="1519161497263" nano_time="2862273661029076" gazeId="361" duration="105" url="https://stackoverflow.com/questions/6977864/about-disposing-datacontext-and-databind" Id="6977864">
            <soe part="QUESTION" part_number="1" type="CODE" type_number="1"/>
        </response>
        <response name="c# - About Disposing DataContext and DataBind() - Stack Overflow" type="browser" x="772.0" y="410.0" left_validation="1" right_validation="1" left_pupil_diameter="1.8151713404162177" right_pupil_diameter="2.1897367280105065" timestamp="2018-02-20T16:18:17.368-05:00" session_time="49162917050" tracker_time="1519161496747" system_time="1519161497368" nano_time="2862273765699543" gazeId="367" duration="578" url="https://stackoverflow.com/questions/6977864/about-disposing-datacontext-and-databind" Id="6977864">
            <soe part="QUESTION" part_number="1" type="CODE" type_number="1"/>
        </response>
        <response name="c# - About Disposing DataContext and DataBind() - Stack Overflow" type="browser" x="825.5" y="399.5" left_validation="1" right_validation="1" left_pupil_diameter="1.3917312622070312" right_pupil_diameter="2.2001571655273438" timestamp="2018-02-20T16:18:17.946-05:00" session_time="49741525195" tracker_time="1519161497331" system_time="1519161497946" nano_time="2862274344307688" gazeId="395" duration="234" url="https://stackoverflow.com/questions/6977864/about-disposing-datacontext-and-databind" Id="6977864">
            <soe part="QUESTION" part_number="1" type="CODE" type_number="1"/>
        </response>
        <response name="c# - About Disposing DataContext and DataBind() - Stack Overflow" type="browser" x="936.5" y="391.5" left_validation="1" right_validation="1" left_pupil_diameter="1.106432596842448" right_pupil_diameter="2.261316935221354" timestamp="2018-02-20T16:18:18.18-05:00" session_time="49975552564" tracker_time="1519161497564" system_time="1519161498180" nano_time="2862274578335057" gazeId="406" duration="84" url="https://stackoverflow.com/questions/6977864/about-disposing-datacontext-and-databind" Id="6977864">
            <soe part="QUESTION" part_number="1" type="CODE" type_number="1"/>
        </response>
        <response name="c# - About Disposing DataContext and DataBind() - Stack Overflow" type="browser" x="1018.0" y="382.5" left_validation="1" right_validation="1" left_pupil_diameter="1.6994766235351562" right_pupil_diameter="2.2650779724121093" timestamp="2018-02-20T16:18:18.264-05:00" session_time="50058301568" tracker_time="1519161497647" system_time="1519161498264" nano_time="2862274661084061" gazeId="411" duration="549" url="https://stackoverflow.com/questions/6977864/about-disposing-datacontext-and-databind" Id="6977864">
            <soe part="QUESTION" part_number="1" type="CODE" type_number="1"/>
        </response>
        <response name="c# - About Disposing DataContext and DataBind() - Stack Overflow" type="browser" x="830.0" y="403.0" left_validation="1" right_validation="1" left_pupil_diameter="0.8377445765904018" right_pupil_diameter="2.2721644810267856" timestamp="2018-02-20T16:18:18.813-05:00" session_time="50608043380" tracker_time="1519161498197" system_time="1519161498813" nano_time="2862275210825873" gazeId="430" duration="183" url="https://stackoverflow.com/questions/6977864/about-disposing-datacontext-and-databind" Id="6977864">
            <soe part="QUESTION" part_number="1" type="CODE" type_number="1"/>
        </response>
        <response name="c# - About Disposing DataContext and DataBind() - Stack Overflow" type="browser" x="747.0" y="395.0" left_validation="1" right_validation="1" left_pupil_diameter="0.1316347989169034" right_pupil_diameter="2.3625946044921875" timestamp="2018-02-20T16:18:18.996-05:00" session_time="50791689103" tracker_time="1519161498380" system_time="1519161498996" nano_time="2862275394471596" gazeId="436" duration="184" url="https://stackoverflow.com/questions/6977864/about-disposing-datacontext-and-databind" Id="6977864">
            <soe part="QUESTION" part_number="1" type="CODE" type_number="1"/>
        </response>
        <response name="c# - About Disposing DataContext and DataBind() - Stack Overflow" type="browser" x="686.0" y="337.0" left_validation="1" right_validation="1" left_pupil_diameter="0.670850251850329" right_pupil_diameter="2.5320988705283716" timestamp="2018-02-20T16:18:19.18-05:00" session_time="50975022149" tracker_time="1519161498564" system_time="1519161499180" nano_time="2862275577804642" gazeId="444" duration="2073" url="https://stackoverflow.com/questions/6977864/about-disposing-datacontext-and-databind" Id="6977864">
            <soe part="QUESTION" part_number="1" type="CODE" type_number="1"/>
        </response>
        <response name="c# - About Disposing DataContext and DataBind() - Stack Overflow" type="browser" x="674.0" y="384.0" left_validation="1" right_validation="1" left_pupil_diameter="1.4407982459435096" right_pupil_diameter="2.569781963641827" timestamp="2018-02-20T16:18:21.253-05:00" session_time="53047194395" tracker_time="1519161500630" system_time="1519161501253" nano_time="2862277649976888" gazeId="464" duration="643" url="https://stackoverflow.com/questions/6977864/about-disposing-datacontext-and-databind" Id="6977864">
            <soe part="QUESTION" part_number="1" type="CODE" type_number="1"/>
        </response>
        <response name="c# - About Disposing DataContext and DataBind() - Stack Overflow" type="browser" x="710.0" y="425.0" left_validation="1" right_validation="1" left_pupil_diameter="0.7742716471354166" right_pupil_diameter="2.3211374918619794" timestamp="2018-02-20T16:18:21.896-05:00" session_time="53691035781" tracker_time="1519161501280" system_time="1519161501896" nano_time="2862278293818274" gazeId="476" duration="317" url="https://stackoverflow.com/questions/6977864/about-disposing-datacontext-and-databind" Id="6977864">
            <soe part="QUESTION" part_number="1" type="CODE" type_number="1"/>
        </response>
        <response name="c# - About Disposing DataContext and DataBind() - Stack Overflow" type="browser" x="749.0" y="445.0" left_validation="1" right_validation="1" left_pupil_diameter="2.1138042873806424" right_pupil_diameter="2.1735051472981772" timestamp="2018-02-20T16:18:22.213-05:00" session_time="54008177615" tracker_time="1519161501597" system_time="1519161502213" nano_time="2862278610960108" gazeId="490" duration="66" url="https://stackoverflow.com/questions/6977864/about-disposing-datacontext-and-databind" Id="6977864">
            <soe part="QUESTION" part_number="1" type="CODE" type_number="1"/>
        </response>
        <response name="c# - About Disposing DataContext and DataBind() - Stack Overflow" type="browser" x="836.0" y="432.0" left_validation="1" right_validation="1" left_pupil_diameter="1.8305435180664062" right_pupil_diameter="2.162677001953125" timestamp="2018-02-20T16:18:22.279-05:00" session_time="54074483048" tracker_time="1519161501663" system_time="1519161502279" nano_time="2862278677265541" gazeId="494" duration="1501" url="https://stackoverflow.com/questions/6977864/about-disposing-datacontext-and-databind" Id="6977864">
            <soe part="QUESTION" part_number="1" type="CODE" type_number="1"/>
        </response>
        <response name="c# - About Disposing DataContext and DataBind() - Stack Overflow" type="browser" x="972.0" y="431.0" left_validation="1" right_validation="1" left_pupil_diameter="0.3978564922626202" right_pupil_diameter="2.207667424128606" timestamp="2018-02-20T16:18:23.78-05:00" session_time="55574257063" tracker_time="1519161503163" system_time="1519161503780" nano_time="2862280177039556" gazeId="534" duration="233" url="https://stackoverflow.com/questions/6977864/about-disposing-datacontext-and-databind" Id="6977864">
            <soe part="QUESTION" part_number="1" type="CODE" type_number="1"/>
        </response>
        <response name="c# - About Disposing DataContext and DataBind() - Stack Overflow" type="browser" x="1014.0" y="416.0" left_validation="1" right_validation="1" left_pupil_diameter="-0.2515115176930147" right_pupil_diameter="2.240926405962776" timestamp="2018-02-20T16:18:24.013-05:00" session_time="55808080256" tracker_time="1519161503396" system_time="1519161504013" nano_time="2862280410862749" gazeId="545" duration="400" url="https://stackoverflow.com/questions/6977864/about-disposing-datacontext-and-databind" Id="6977864">
            <soe part="QUESTION" part_number="1" type="CODE" type_number="1"/>
        </response>
        <response name="c# - About Disposing DataContext and DataBind() - Stack Overflow" type="browser" x="887.0" y="435.0" left_validation="1" right_validation="1" left_pupil_diameter="-0.4138516512784091" right_pupil_diameter="2.2153500643643467" timestamp="2018-02-20T16:18:24.413-05:00" session_time="56207956799" tracker_time="1519161503796" system_time="1519161504413" nano_time="2862280810739292" gazeId="562" duration="183" url="https://stackoverflow.com/questions/6977864/about-disposing-datacontext-and-databind" Id="6977864">
            <soe part="QUESTION" part_number="1" type="CODE" type_number="1"/>
        </response>
        <response name="c# - About Disposing DataContext and DataBind() - Stack Overflow" type="browser" x="892.0" y="400.0" left_validation="1" right_validation="1" left_pupil_diameter="-0.5271609624226888" right_pupil_diameter="2.2056140899658203" timestamp="2018-02-20T16:18:24.596-05:00" session_time="56391279948" tracker_time="1519161503980" system_time="1519161504596" nano_time="2862280994062441" gazeId="571" duration="368" url="https://stackoverflow.com/questions/6977864/about-disposing-datacontext-and-databind" Id="6977864">
            <soe part="QUESTION" part_number="1" type="CODE" type_number="1"/>
        </response>
        <response name="c# - About Disposing DataContext and DataBind() - Stack Overflow" type="browser" x="900.0" y="363.0" left_validation="1" right_validation="1" left_pupil_diameter="-0.9046595853917739" right_pupil_diameter="2.4664365880629595" timestamp="2018-02-20T16:18:24.964-05:00" session_time="56758618680" tracker_time="1519161504346" system_time="1519161504964" nano_time="2862281361401173" gazeId="582" duration="15363" url="https://stackoverflow.com/questions/6977864/about-disposing-datacontext-and-databind" Id="6977864">
            <soe part="QUESTION" part_number="1" type="CODE" type_number="1"/>
        </response>
        <response name="c# - About Disposing DataContext and DataBind() - Stack Overflow" type="browser" x="754.0" y="294.5" left_validation="1" right_validation="1" left_pupil_diameter="2.016345977783203" right_pupil_diameter="2.367289733886719" timestamp="2018-02-20T16:18:40.327-05:00" session_time="72122431460" tracker_time="1519161519711" system_time="1519161520327" nano_time="2862296725213953" gazeId="788" duration="384" url="https://stackoverflow.com/questions/6977864/about-disposing-datacontext-and-databind" Id="6977864">
            <soe part="QUESTION" part_number="1" type="CODE" type_number="1"/>
        </response>
        <response name="c# - About Disposing DataContext and DataBind() - Stack Overflow" type="browser" x="784.0" y="266.0" left_validation="1" right_validation="1" left_pupil_diameter="2.423724834735577" right_pupil_diameter="2.451441838191106" timestamp="2018-02-20T16:18:40.711-05:00" session_time="72505557985" tracker_time="1519161520094" system_time="1519161520711" nano_time="2862297108340478" gazeId="807" duration="200" url="https://stackoverflow.com/questions/6977864/about-disposing-datacontext-and-databind" Id="6977864">
            <soe part="QUESTION" part_number="1" type="CODE" type_number="1"/>
        </response>
        <response name="c# - About Disposing DataContext and DataBind() - Stack Overflow" type="browser" x="823.0" y="258.0" left_validation="1" right_validation="1" left_pupil_diameter="2.370789961381392" right_pupil_diameter="2.4614993008700283" timestamp="2018-02-20T16:18:40.911-05:00" session_time="72706202619" tracker_time="1519161520294" system_time="1519161520911" nano_time="2862297308985112" gazeId="819" duration="166" url="https://stackoverflow.com/questions/6977864/about-disposing-datacontext-and-databind" Id="6977864">
            <soe part="QUESTION" part_number="1" type="CODE" type_number="1"/>
        </response>
        <response name="c# - About Disposing DataContext and DataBind() - Stack Overflow" type="browser" x="875.0" y="254.0" left_validation="1" right_validation="1" left_pupil_diameter="2.3768230237458883" right_pupil_diameter="2.4459284732216284" timestamp="2018-02-20T16:18:41.077-05:00" session_time="72872037131" tracker_time="1519161520461" system_time="1519161521077" nano_time="2862297474819624" gazeId="829" duration="301" url="https://stackoverflow.com/questions/6977864/about-disposing-datacontext-and-databind" Id="6977864">
            <soe part="QUESTION" part_number="1" type="CODE" type_number="1"/>
        </response>
        <response name="c# - About Disposing DataContext and DataBind() - Stack Overflow" type="browser" x="930.0" y="264.0" left_validation="1" right_validation="1" left_pupil_diameter="2.3798079952116935" right_pupil_diameter="2.635464083763861" timestamp="2018-02-20T16:18:41.378-05:00" session_time="73172802841" tracker_time="1519161520761" system_time="1519161521378" nano_time="2862297775585334" gazeId="847" duration="749" url="https://stackoverflow.com/questions/6977864/about-disposing-datacontext-and-databind" Id="6977864">
            <soe part="QUESTION" part_number="1" type="CODE" type_number="1"/>
        </response>
        <response name="c# - About Disposing DataContext and DataBind() - Stack Overflow" type="browser" x="799.0" y="353.0" left_validation="1" right_validation="1" left_pupil_diameter="2.496125720796131" right_pupil_diameter="2.643675304594494" timestamp="2018-02-20T16:18:42.161-05:00" session_time="73955485534" tracker_time="1519161521544" system_time="1519161522161" nano_time="2862298558268027" gazeId="879" duration="399" url="https://stackoverflow.com/questions/6977864/about-disposing-datacontext-and-databind" Id="6977864">
            <soe part="QUESTION" part_number="1" type="CODE" type_number="1"/>
        </response>
        <response name="c# - About Disposing DataContext and DataBind() - Stack Overflow" type="browser" x="827.0" y="446.0" left_validation="1" right_validation="1" left_pupil_diameter="2.414470672607422" right_pupil_diameter="2.529587745666504" timestamp="2018-02-20T16:18:42.611-05:00" session_time="74405743355" tracker_time="1519161521994" system_time="1519161522611" nano_time="2862299008525848" gazeId="902" duration="583" url="https://stackoverflow.com/questions/6977864/about-disposing-datacontext-and-databind" Id="6977864">
            <soe part="QUESTION" part_number="1" type="CODE" type_number="3"/>
        </response>
        <response name="c# - About Disposing DataContext and DataBind() - Stack Overflow" type="browser" x="863.0" y="385.0" left_validation="1" right_validation="1" left_pupil_diameter="2.30652833596254" right_pupil_diameter="2.363123967097356" timestamp="2018-02-20T16:18:43.194-05:00" session_time="74988409700" tracker_time="1519161522577" system_time="1519161523194" nano_time="2862299591192193" gazeId="933" duration="634" url="https://stackoverflow.com/questions/6977864/about-disposing-datacontext-and-databind" Id="6977864">
            <soe part="QUESTION" part_number="1" type="CODE" type_number="3"/>
        </response>
        <response name="c# - About Disposing DataContext and DataBind() - Stack Overflow" type="browser" x="822.5" y="380.5" left_validation="1" right_validation="1" left_pupil_diameter="2.3200484381781683" right_pupil_diameter="2.391576131184896" timestamp="2018-02-20T16:18:43.828-05:00" session_time="75622495791" tracker_time="1519161523211" system_time="1519161523828" nano_time="2862300225278284" gazeId="971" duration="681" url="https://stackoverflow.com/questions/6977864/about-disposing-datacontext-and-databind" Id="6977864">
            <soe part="QUESTION" part_number="1" type="CODE" type_number="3"/>
        </response>
        <response name="c# - About Disposing DataContext and DataBind() - Stack Overflow" type="browser" x="872.0" y="366.0" left_validation="1" right_validation="1" left_pupil_diameter="2.1738680884951638" right_pupil_diameter="2.369622366768973" timestamp="2018-02-20T16:18:44.509-05:00" session_time="76304995827" tracker_time="1519161523894" system_time="1519161524509" nano_time="2862300907778320" gazeId="1006" duration="952" url="https://stackoverflow.com/questions/6977864/about-disposing-datacontext-and-databind" Id="6977864">
            <soe part="QUESTION" part_number="1" type="CODE" type_number="2"/>
        </response>
        <response name="c# - About Disposing DataContext and DataBind() - Stack Overflow" type="browser" x="825.0" y="485.0" left_validation="1" right_validation="1" left_pupil_diameter="1.2635120210193453" right_pupil_diameter="2.361750284830729" timestamp="2018-02-20T16:18:45.461-05:00" session_time="77255438944" tracker_time="1519161524844" system_time="1519161525461" nano_time="2862301858221437" gazeId="1026" duration="682" url="https://stackoverflow.com/questions/6977864/about-disposing-datacontext-and-databind" Id="6977864">
            <soe part="QUESTION" part_number="1" type="CODE" type_number="3"/>
        </response>
        <response name="c# - About Disposing DataContext and DataBind() - Stack Overflow" type="browser" x="854.0" y="347.0" left_validation="1" right_validation="1" left_pupil_diameter="2.0433224960112235" right_pupil_diameter="2.3637920970648105" timestamp="2018-02-20T16:18:46.176-05:00" session_time="77971406023" tracker_time="1519161525560" system_time="1519161526176" nano_time="2862302574188516" gazeId="1048" duration="1484" url="https://stackoverflow.com/questions/6977864/about-disposing-datacontext-and-databind" Id="6977864">
            <soe part="QUESTION" part_number="1" type="CODE" type_number="1"/>
        </response>
        <response name="c# - About Disposing DataContext and DataBind() - Stack Overflow" type="browser" x="788.0" y="421.0" left_validation="1" right_validation="1" left_pupil_diameter="1.2921218872070312" right_pupil_diameter="2.4762242635091147" timestamp="2018-02-20T16:18:47.66-05:00" session_time="79455038146" tracker_time="1519161527043" system_time="1519161527660" nano_time="2862304057820639" gazeId="1118" duration="84" url="https://stackoverflow.com/questions/6977864/about-disposing-datacontext-and-databind" Id="6977864">
            <soe part="QUESTION" part_number="1" type="CODE" type_number="1"/>
        </response>
        <response name="c# - About Disposing DataContext and DataBind() - Stack Overflow" type="browser" x="745.0" y="497.0" left_validation="1" right_validation="1" left_pupil_diameter="1.488898722330729" right_pupil_diameter="2.4113840738932293" timestamp="2018-02-20T16:18:47.744-05:00" session_time="79538390144" tracker_time="1519161527127" system_time="1519161527744" nano_time="2862304141172637" gazeId="1123" duration="299" url="https://stackoverflow.com/questions/6977864/about-disposing-datacontext-and-databind" Id="6977864">
            <soe part="QUESTION" part_number="1" type="CODE" type_number="1"/>
        </response>
        <response name="c# - About Disposing DataContext and DataBind() - Stack Overflow" type="browser" x="798.0" y="492.0" left_validation="1" right_validation="1" left_pupil_diameter="1.4558734315814394" right_pupil_diameter="2.285408713600852" timestamp="2018-02-20T16:18:48.043-05:00" session_time="79837803975" tracker_time="1519161527427" system_time="1519161528043" nano_time="2862304440586468" gazeId="1136" duration="685" url="https://stackoverflow.com/questions/6977864/about-disposing-datacontext-and-databind" Id="6977864">
            <soe part="QUESTION" part_number="1" type="CODE" type_number="3"/>
        </response>
        <response name="c# - About Disposing DataContext and DataBind() - Stack Overflow" type="browser" x="749.5" y="433.0" left_validation="1" right_validation="1" left_pupil_diameter="1.3078638712565105" right_pupil_diameter="2.234694586859809" timestamp="2018-02-20T16:18:48.728-05:00" session_time="80522640839" tracker_time="1519161528110" system_time="1519161528728" nano_time="2862305125423332" gazeId="1169" duration="515" url="https://stackoverflow.com/questions/6977864/about-disposing-datacontext-and-databind" Id="6977864">
            <soe part="ANSWER" part_number="1" type="TEXT" type_number="1"/>
        </response>
        <response name="c# - About Disposing DataContext and DataBind() - Stack Overflow" type="browser" x="827.0" y="439.0" left_validation="1" right_validation="1" left_pupil_diameter="1.7146419525146483" right_pupil_diameter="2.270163726806641" timestamp="2018-02-20T16:18:49.243-05:00" session_time="81037593789" tracker_time="1519161528627" system_time="1519161529243" nano_time="2862305640376282" gazeId="1186" duration="767" url="https://stackoverflow.com/questions/6977864/about-disposing-datacontext-and-databind" Id="6977864">
            <soe part="ANSWER" part_number="1" type="TEXT" type_number="1"/>
        </response>
        <response name="c# - About Disposing DataContext and DataBind() - Stack Overflow" type="browser" x="787.0" y="443.0" left_validation="1" right_validation="1" left_pupil_diameter="2.228979257436899" right_pupil_diameter="2.317554180438702" timestamp="2018-02-20T16:18:50.01-05:00" session_time="81805103046" tracker_time="1519161529393" system_time="1519161530010" nano_time="2862306407885539" gazeId="1225" duration="198" url="https://stackoverflow.com/questions/6977864/about-disposing-datacontext-and-databind" Id="6977864">
            <soe part="ANSWER" part_number="1" type="TEXT" type_number="1"/>
        </response>
        <response name="c# - About Disposing DataContext and DataBind() - Stack Overflow" type="browser" x="750.0" y="454.0" left_validation="1" right_validation="1" left_pupil_diameter="2.2054296875" right_pupil_diameter="2.2630157470703125" timestamp="2018-02-20T16:18:50.208-05:00" session_time="82004013479" tracker_time="1519161529593" system_time="1519161530208" nano_time="2862306606795972" gazeId="1237" duration="519" url="https://stackoverflow.com/questions/6977864/about-disposing-datacontext-and-databind" Id="6977864">
            <soe part="ANSWER" part_number="1" type="TEXT" type_number="1"/>
        </response>
        <response name="c# - About Disposing DataContext and DataBind() - Stack Overflow" type="browser" x="862.5" y="434.5" left_validation="1" right_validation="1" left_pupil_diameter="1.9406498500279017" right_pupil_diameter="2.2550631931849887" timestamp="2018-02-20T16:18:50.727-05:00" session_time="82521556917" tracker_time="1519161530110" system_time="1519161530727" nano_time="2862307124339410" gazeId="1261" duration="449" url="https://stackoverflow.com/questions/6977864/about-disposing-datacontext-and-databind" Id="6977864">
            <soe part="ANSWER" part_number="1" type="TEXT" type_number="1"/>
        </response>
        <response name="c# - About Disposing DataContext and DataBind() - Stack Overflow" type="browser" x="901.0" y="431.0" left_validation="1" right_validation="1" left_pupil_diameter="1.608921724207261" right_pupil_diameter="2.273769603056066" timestamp="2018-02-20T16:18:51.176-05:00" session_time="82971248401" tracker_time="1519161530560" system_time="1519161531176" nano_time="2862307574030894" gazeId="1288" duration="283" url="https://stackoverflow.com/questions/6977864/about-disposing-datacontext-and-databind" Id="6977864">
            <soe part="ANSWER" part_number="1" type="TEXT" type_number="1"/>
        </response>
        <response name="c# - About Disposing DataContext and DataBind() - Stack Overflow" type="browser" x="739.0" y="468.0" left_validation="1" right_validation="1" left_pupil_diameter="1.2848322251263786" right_pupil_diameter="2.2968947466681984" timestamp="2018-02-20T16:18:51.459-05:00" session_time="83254247254" tracker_time="1519161530843" system_time="1519161531459" nano_time="2862307857029747" gazeId="1304" duration="300" url="https://stackoverflow.com/questions/6977864/about-disposing-datacontext-and-databind" Id="6977864">
            <soe part="ANSWER" part_number="1" type="TEXT" type_number="1"/>
        </response>
        <response name="c# - About Disposing DataContext and DataBind() - Stack Overflow" type="browser" x="779.0" y="476.5" left_validation="1" right_validation="1" left_pupil_diameter="0.5724094935825893" right_pupil_diameter="2.275275094168527" timestamp="2018-02-20T16:18:51.759-05:00" session_time="83553984026" tracker_time="1519161531143" system_time="1519161531759" nano_time="2862308156766519" gazeId="1320" duration="283" url="https://stackoverflow.com/questions/6977864/about-disposing-datacontext-and-databind" Id="6977864">
            <soe part="ANSWER" part_number="1" type="TEXT" type_number="1"/>
        </response>
        <response name="c# - About Disposing DataContext and DataBind() - Stack Overflow" type="browser" x="723.0" y="483.0" left_validation="1" right_validation="1" left_pupil_diameter="1.182781982421875" right_pupil_diameter="2.221380615234375" timestamp="2018-02-20T16:18:52.042-05:00" session_time="83837264397" tracker_time="1519161531426" system_time="1519161532042" nano_time="2862308440046890" gazeId="1333" duration="417" url="https://stackoverflow.com/questions/6977864/about-disposing-datacontext-and-databind" Id="6977864">
            <soe part="ANSWER" part_number="1" type="TEXT" type_number="2"/>
        </response>
        <response name="c# - About Disposing DataContext and DataBind() - Stack Overflow" type="browser" x="796.0" y="477.5" left_validation="1" right_validation="1" left_pupil_diameter="1.1224738226996527" right_pupil_diameter="2.27520751953125" timestamp="2018-02-20T16:18:52.459-05:00" session_time="84253944108" tracker_time="1519161531843" system_time="1519161532459" nano_time="2862308856726601" gazeId="1357" duration="401" url="https://stackoverflow.com/questions/6977864/about-disposing-datacontext-and-databind" Id="6977864">
            <soe part="ANSWER" part_number="1" type="TEXT" type_number="2"/>
        </response>
        <response name="c# - About Disposing DataContext and DataBind() - Stack Overflow" type="browser" x="880.0" y="470.0" left_validation="1" right_validation="1" left_pupil_diameter="0.571527099609375" right_pupil_diameter="2.2719960530598957" timestamp="2018-02-20T16:18:52.86-05:00" session_time="84654575399" tracker_time="1519161532243" system_time="1519161532860" nano_time="2862309257357892" gazeId="1374" duration="416" url="https://stackoverflow.com/questions/6977864/about-disposing-datacontext-and-databind" Id="6977864">
            <soe part="ANSWER" part_number="1" type="TEXT" type_number="1"/>
        </response>
        <response name="c# - About Disposing DataContext and DataBind() - Stack Overflow" type="browser" x="1111.0" y="429.5" left_validation="1" right_validation="1" left_pupil_diameter="0.96905517578125" right_pupil_diameter="2.2697086334228516" timestamp="2018-02-20T16:18:53.276-05:00" session_time="85070988619" tracker_time="1519161532659" system_time="1519161533276" nano_time="2862309673771112" gazeId="1388" duration="349" url="https://stackoverflow.com/questions/6977864/about-disposing-datacontext-and-databind" Id="6977864">
            <soe part="ANSWER" part_number="1" type="TEXT" type_number="1"/>
        </response>
        <response name="c# - About Disposing DataContext and DataBind() - Stack Overflow" type="browser" x="1103.0" y="466.0" left_validation="1" right_validation="1" left_pupil_diameter="1.2349025181361608" right_pupil_diameter="2.210874285016741" timestamp="2018-02-20T16:18:53.625-05:00" session_time="85420160942" tracker_time="1519161533009" system_time="1519161533625" nano_time="2862310022943435" gazeId="1403" duration="118" url="https://stackoverflow.com/questions/6977864/about-disposing-datacontext-and-databind" Id="6977864">
            <soe part="ANSWER" part_number="1" type="TEXT" type_number="1"/>
        </response>
        <response name="c# - About Disposing DataContext and DataBind() - Stack Overflow" type="browser" x="1025.0" y="476.0" left_validation="1" right_validation="1" left_pupil_diameter="0.7560471754807693" right_pupil_diameter="2.2261892465444713" timestamp="2018-02-20T16:18:53.743-05:00" session_time="85537446615" tracker_time="1519161533126" system_time="1519161533743" nano_time="2862310140229108" gazeId="1408" duration="916" url="https://stackoverflow.com/questions/6977864/about-disposing-datacontext-and-databind" Id="6977864">
            <soe part="ANSWER" part_number="1" type="TEXT" type_number="1"/>
        </response>
        <response name="c# - About Disposing DataContext and DataBind() - Stack Overflow" type="browser" x="968.0" y="431.5" left_validation="1" right_validation="1" left_pupil_diameter="1.2824718768780048" right_pupil_diameter="2.297138507549579" timestamp="2018-02-20T16:18:54.693-05:00" session_time="86487642304" tracker_time="1519161534076" system_time="1519161534693" nano_time="2862311090424797" gazeId="1449" duration="649" url="https://stackoverflow.com/questions/6977864/about-disposing-datacontext-and-databind" Id="6977864">
            <soe part="ANSWER" part_number="1" type="TEXT" type_number="1"/>
        </response>
        <response name="c# - About Disposing DataContext and DataBind() - Stack Overflow" type="browser" x="1155.0" y="485.0" left_validation="1" right_validation="1" left_pupil_diameter="1.9808748033311632" right_pupil_diameter="2.345871819390191" timestamp="2018-02-20T16:18:55.342-05:00" session_time="87136927491" tracker_time="1519161534726" system_time="1519161535342" nano_time="2862311739709984" gazeId="1474" duration="367" url="https://stackoverflow.com/questions/6977864/about-disposing-datacontext-and-databind" Id="6977864">
            <soe part="ANSWER" part_number="1" type="TEXT" type_number="1"/>
        </response>
        <response name="c# - About Disposing DataContext and DataBind() - Stack Overflow" type="browser" x="1175.0" y="439.0" left_validation="1" right_validation="1" left_pupil_diameter="1.199007306780134" right_pupil_diameter="2.229912894112723" timestamp="2018-02-20T16:18:55.709-05:00" session_time="87503455756" tracker_time="1519161535092" system_time="1519161535709" nano_time="2862312106238249" gazeId="1491" duration="200" url="https://stackoverflow.com/questions/6977864/about-disposing-datacontext-and-databind" Id="6977864">
            <soe part="ANSWER" part_number="1" type="TEXT" type_number="1"/>
        </response>
        <response name="c# - About Disposing DataContext and DataBind() - Stack Overflow" type="browser" x="1223.0" y="460.0" left_validation="1" right_validation="1" left_pupil_diameter="0.04691859654017857" right_pupil_diameter="2.305209205264137" timestamp="2018-02-20T16:18:55.909-05:00" session_time="87703554215" tracker_time="1519161535292" system_time="1519161535909" nano_time="2862312306336708" gazeId="1497" duration="384" url="https://stackoverflow.com/questions/6977864/about-disposing-datacontext-and-databind" Id="6977864">
            <soe part="ANSWER" part_number="1" type="TEXT" type_number="1"/>
        </response>
        <response name="c# - About Disposing DataContext and DataBind() - Stack Overflow" type="browser" x="1165.0" y="455.5" left_validation="1" right_validation="1" left_pupil_diameter="1.5064054216657365" right_pupil_diameter="2.333056858607701" timestamp="2018-02-20T16:18:56.293-05:00" session_time="88087537760" tracker_time="1519161535676" system_time="1519161536293" nano_time="2862312690320253" gazeId="1517" duration="349" url="https://stackoverflow.com/questions/6977864/about-disposing-datacontext-and-databind" Id="6977864">
            <soe part="ANSWER" part_number="1" type="TEXT" type_number="1"/>
        </response>
        <response name="c# - About Disposing DataContext and DataBind() - Stack Overflow" type="browser" x="1018.0" y="440.0" left_validation="1" right_validation="1" left_pupil_diameter="-0.3823486328125" right_pupil_diameter="2.2225982666015627" timestamp="2018-02-20T16:18:56.642-05:00" session_time="88436767633" tracker_time="1519161536026" system_time="1519161536642" nano_time="2862313039550126" gazeId="1530" duration="66" url="https://stackoverflow.com/questions/6977864/about-disposing-datacontext-and-databind" Id="6977864">
            <soe part="ANSWER" part_number="1" type="TEXT" type_number="1"/>
        </response>
        <response name="c# - About Disposing DataContext and DataBind() - Stack Overflow" type="browser" x="909.0" y="421.0" left_validation="1" right_validation="1" left_pupil_diameter="0.708164524387669" right_pupil_diameter="2.3240141997466215" timestamp="2018-02-20T16:18:56.708-05:00" session_time="88503173871" tracker_time="1519161536092" system_time="1519161536708" nano_time="2862313105956364" gazeId="1534" duration="683" url="https://stackoverflow.com/questions/6977864/about-disposing-datacontext-and-databind" Id="6977864">
            <soe part="ANSWER" part_number="1" type="TEXT" type_number="1"/>
        </response>
        <response name="c# - About Disposing DataContext and DataBind() - Stack Overflow" type="browser" x="781.0" y="424.0" left_validation="1" right_validation="1" left_pupil_diameter="1.7965176900227864" right_pupil_diameter="2.514312744140625" timestamp="2018-02-20T16:18:57.391-05:00" session_time="89186327485" tracker_time="1519161536776" system_time="1519161537391" nano_time="2862313789109978" gazeId="1570" duration="151" url="https://stackoverflow.com/questions/6977864/about-disposing-datacontext-and-databind" Id="6977864">
            <soe part="ANSWER" part_number="1" type="TEXT" type_number="1"/>
        </response>
        <response name="c# - About Disposing DataContext and DataBind() - Stack Overflow" type="browser" x="897.5" y="402.5" left_validation="1" right_validation="1" left_pupil_diameter="1.1254234313964844" right_pupil_diameter="2.355187733968099" timestamp="2018-02-20T16:18:57.542-05:00" session_time="89336398396" tracker_time="1519161536926" system_time="1519161537542" nano_time="2862313939180889" gazeId="1575" duration="5865" url="https://stackoverflow.com/questions/6977864/about-disposing-datacontext-and-databind" Id="6977864">
            <soe part="ANSWER" part_number="1" type="TEXT" type_number="1"/>
        </response>
        <response name="c# - VisualStudio2010 missing event controls - Stack Overflow" type="browser" x="1128.5" y="476.0" left_validation="1" right_validation="1" left_pupil_diameter="1.407733372279576" right_pupil_diameter="2.241796221051897" timestamp="2018-02-20T16:19:03.407-05:00" session_time="95202830806" tracker_time="1519161542791" system_time="1519161543407" nano_time="2862319805613299" gazeId="1592" duration="267" url="https://stackoverflow.com/questions/27487610/visualstudio2010-missing-event-controls" Id="27487610">
            <soe part="QUESTION" part_number="1" type="TEXT" type_number="1"/>
        </response>
        <response name="c# - VisualStudio2010 missing event controls - Stack Overflow" type="browser" x="1187.0" y="432.0" left_validation="1" right_validation="1" left_pupil_diameter="1.4041341145833333" right_pupil_diameter="2.166645304361979" timestamp="2018-02-20T16:19:03.674-05:00" session_time="95469292980" tracker_time="1519161543058" system_time="1519161543674" nano_time="2862320072075473" gazeId="1605" duration="667" url="https://stackoverflow.com/questions/27487610/visualstudio2010-missing-event-controls" Id="27487610">
            <soe part="QUESTION" part_number="1" type="TEXT" type_number="1"/>
        </response>
        <response name="c# - VisualStudio2010 missing event controls - Stack Overflow" type="browser" x="1037.0" y="406.0" left_validation="1" right_validation="1" left_pupil_diameter="-1.0" right_pupil_diameter="2.298351287841797" timestamp="2018-02-20T16:19:04.341-05:00" session_time="96136205732" tracker_time="1519161543725" system_time="1519161544341" nano_time="2862320738988225" gazeId="1619" duration="4583" url="https://stackoverflow.com/questions/27487610/visualstudio2010-missing-event-controls" Id="27487610">
            <soe part="QUESTION" part_number="1" type="TEXT" type_number="1"/>
        </response>
        <response name="c# - VisualStudio2010 missing event controls - Stack Overflow" type="browser" x="853.0" y="355.0" left_validation="1" right_validation="1" left_pupil_diameter="0.5313332297585227" right_pupil_diameter="2.484864668412642" timestamp="2018-02-20T16:19:08.924-05:00" session_time="100718712256" tracker_time="1519161548307" system_time="1519161548924" nano_time="2862325321494749" gazeId="1640" duration="1067" url="https://stackoverflow.com/questions/27487610/visualstudio2010-missing-event-controls" Id="27487610">
            <soe part="QUESTION" part_number="1" type="TEXT" type_number="1"/>
        </response>
        <response name="c# - VisualStudio2010 missing event controls - Stack Overflow" type="browser" x="897.0" y="376.0" left_validation="1" right_validation="1" left_pupil_diameter="-0.18413670857747397" right_pupil_diameter="2.361323038736979" timestamp="2018-02-20T16:19:09.991-05:00" session_time="101785604920" tracker_time="1519161549374" system_time="1519161549991" nano_time="2862326388387413" gazeId="1652" duration="498" url="https://stackoverflow.com/questions/27487610/visualstudio2010-missing-event-controls" Id="27487610">
            <soe part="QUESTION" part_number="1" type="TEXT" type_number="1"/>
        </response>
        <response name="c# - VisualStudio2010 missing event controls - Stack Overflow" type="browser" x="810.0" y="395.0" left_validation="1" right_validation="1" left_pupil_diameter="1.7612859552556819" right_pupil_diameter="2.4098230535333807" timestamp="2018-02-20T16:19:10.489-05:00" session_time="102284579464" tracker_time="1519161549874" system_time="1519161550489" nano_time="2862326887361957" gazeId="1663" duration="151" url="https://stackoverflow.com/questions/27487610/visualstudio2010-missing-event-controls" Id="27487610">
            <soe part="QUESTION" part_number="1" type="TEXT" type_number="1"/>
        </response>
        <response name="c# - VisualStudio2010 missing event controls - Stack Overflow" type="browser" x="973.5" y="380.0" left_validation="1" right_validation="1" left_pupil_diameter="1.9846973419189453" right_pupil_diameter="2.2320590019226074" timestamp="2018-02-20T16:19:10.64-05:00" session_time="102434761077" tracker_time="1519161550024" system_time="1519161550640" nano_time="2862327037543570" gazeId="1668" duration="6517" url="https://stackoverflow.com/questions/27487610/visualstudio2010-missing-event-controls" Id="27487610">
            <soe part="QUESTION" part_number="1" type="TEXT" type_number="1"/>
        </response>
        <response name="c# - VisualStudio2010 missing event controls - Stack Overflow" type="browser" x="1025.0" y="391.0" left_validation="1" right_validation="1" left_pupil_diameter="0.44674830282888106" right_pupil_diameter="2.3237132410849295" timestamp="2018-02-20T16:19:17.157-05:00" session_time="108951601451" tracker_time="1519161556540" system_time="1519161557157" nano_time="2862333554383944" gazeId="1748" duration="749" url="https://stackoverflow.com/questions/27487610/visualstudio2010-missing-event-controls" Id="27487610">
            <soe part="QUESTION" part_number="1" type="TEXT" type_number="1"/>
        </response>
        <response name="c# - VisualStudio2010 missing event controls - Stack Overflow" type="browser" x="1057.0" y="361.0" left_validation="1" right_validation="1" left_pupil_diameter="1.2365373883928572" right_pupil_diameter="2.279909406389509" timestamp="2018-02-20T16:19:17.906-05:00" session_time="109700690272" tracker_time="1519161557290" system_time="1519161557906" nano_time="2862334303472765" gazeId="1775" duration="450" url="https://stackoverflow.com/questions/27487610/visualstudio2010-missing-event-controls" Id="27487610">
            <soe part="QUESTION" part_number="1" type="TEXT" type_number="1"/>
        </response>
        <response name="c# - VisualStudio2010 missing event controls - Stack Overflow" type="browser" x="1208.0" y="369.0" left_validation="1" right_validation="1" left_pupil_diameter="-0.2719190069969664" right_pupil_diameter="2.276539092368268" timestamp="2018-02-20T16:19:18.356-05:00" session_time="110151199553" tracker_time="1519161557740" system_time="1519161558356" nano_time="2862334753982046" gazeId="1784" duration="8899" url="https://stackoverflow.com/questions/27487610/visualstudio2010-missing-event-controls" Id="27487610">
            <soe part="QUESTION" part_number="1" type="TEXT" type_number="1"/>
        </response>
    </gazes>
</itrace-records>
