<?xml version="1.0" encoding="UTF-8" standalone="yes"?>
<itrace-records>
    <environment>
        <screen-size width="1920" height="1080"/>
    </environment>
    <gazes>
        <response name="T7-SO.txt" type="txt" x="626.0" y="706.5" left_validation="1" right_validation="1" left_pupil_diameter="2.6106458391462053" right_pupil_diameter="2.6230065482003346" timestamp="2018-02-26T12:54:05.306-05:00" session_time="2612623196" tracker_time="1519667642088" system_time="1519667645306" nano_time="3368421842557908" gazeId="7" duration="583" path="C:\CodeSummarizationStudy\_tasks\Sequence 8\T7-SO.txt" line_height="22" font_height="14" line="1" col="15" line_base_x="414" line_base_y="700"/>
        <response name="T7-SO.txt" type="txt" x="910.0" y="702.0" left_validation="1" right_validation="1" left_pupil_diameter="2.683148193359375" right_pupil_diameter="2.7611480712890626" timestamp="2018-02-26T12:54:05.889-05:00" session_time="3196107339" tracker_time="1519667642671" system_time="1519667645889" nano_time="3368422426042051" gazeId="20" duration="67" path="C:\CodeSummarizationStudy\_tasks\Sequence 8\T7-SO.txt" line_height="22" font_height="14" line="1" col="47" line_base_x="414" line_base_y="700"/>
        <response name="T7-SO.txt" type="txt" x="1066.0" y="710.0" left_validation="1" right_validation="1" left_pupil_diameter="2.681277731190557" right_pupil_diameter="2.774736487347147" timestamp="2018-02-26T12:54:05.956-05:00" session_time="3262993405" tracker_time="1519667642738" system_time="1519667645956" nano_time="3368422492928117" gazeId="24" duration="366" path="C:\CodeSummarizationStudy\_tasks\Sequence 8\T7-SO.txt" line_height="22" font_height="14" line="1" col="53" line_base_x="414" line_base_y="700"/>
        <response name="T7-SO.txt" type="txt" x="1268.0" y="716.0" left_validation="1" right_validation="1" left_pupil_diameter="2.800791123334099" right_pupil_diameter="2.807995964499081" timestamp="2018-02-26T12:54:06.322-05:00" session_time="3629151443" tracker_time="1519667643105" system_time="1519667646322" nano_time="3368422859086155" gazeId="46" duration="267" path="C:\CodeSummarizationStudy\_tasks\Sequence 8\T7-SO.txt" line_height="22" font_height="14" line="1" col="84" line_base_x="414" line_base_y="700"/>
        <response name="T7-SO.txt" type="txt" x="523.5" y="705.0" left_validation="1" right_validation="1" left_pupil_diameter="2.832391218705611" right_pupil_diameter="2.782771023837003" timestamp="2018-02-26T12:54:06.589-05:00" session_time="3895776004" tracker_time="1519667643371" system_time="1519667646589" nano_time="3368423125710716" gazeId="62" duration="367" path="C:\CodeSummarizationStudy\_tasks\Sequence 8\T7-SO.txt" line_height="22" font_height="14" line="1" col="50" line_base_x="414" line_base_y="700"/>
        <response name="T7-SO.txt" type="txt" x="594.0" y="701.0" left_validation="1" right_validation="1" left_pupil_diameter="2.800323486328125" right_pupil_diameter="2.797756618923611" timestamp="2018-02-26T12:54:06.956-05:00" session_time="4263040324" tracker_time="1519667643738" system_time="1519667646956" nano_time="3368423492975036" gazeId="83" duration="450" path="C:\CodeSummarizationStudy\_tasks\Sequence 8\T7-SO.txt" line_height="22" font_height="14" line="1" col="13" line_base_x="414" line_base_y="700"/>
        <response name="T7-SO.txt" type="txt" x="900.0" y="707.0" left_validation="1" right_validation="1" left_pupil_diameter="2.706331806798135" right_pupil_diameter="2.766784175749748" timestamp="2018-02-26T12:54:07.406-05:00" session_time="4712586283" tracker_time="1519667644188" system_time="1519667647406" nano_time="3368423942520995" gazeId="91" duration="1366" path="C:\CodeSummarizationStudy\_tasks\Sequence 8\T7-SO.txt" line_height="22" font_height="14" line="1" col="42" line_base_x="414" line_base_y="700"/>
        <response name="T7-SO.txt" type="txt" x="1080.5" y="701.5" left_validation="1" right_validation="1" left_pupil_diameter="2.5933939615885415" right_pupil_diameter="2.6912256876627603" timestamp="2018-02-26T12:54:08.772-05:00" session_time="6079059565" tracker_time="1519667645554" system_time="1519667648772" nano_time="3368425308994277" gazeId="121" duration="84" path="C:\CodeSummarizationStudy\_tasks\Sequence 8\T7-SO.txt" line_height="22" font_height="14" line="1" col="64" line_base_x="414" line_base_y="700"/>
        <response name="T7-SO.txt" type="txt" x="1195.0" y="705.0" left_validation="1" right_validation="1" left_pupil_diameter="2.5889387864332933" right_pupil_diameter="2.6945155217097354" timestamp="2018-02-26T12:54:08.856-05:00" session_time="6162332751" tracker_time="1519667645638" system_time="1519667648856" nano_time="3368425392267463" gazeId="126" duration="199" path="C:\CodeSummarizationStudy\_tasks\Sequence 8\T7-SO.txt" line_height="22" font_height="14" line="1" col="69" line_base_x="414" line_base_y="700"/>
        <response name="T7-SO.txt" type="txt" x="1242.0" y="704.0" left_validation="1" right_validation="1" left_pupil_diameter="2.5611024079499423" right_pupil_diameter="2.6751126889829284" timestamp="2018-02-26T12:54:09.055-05:00" session_time="6362262958" tracker_time="1519667645837" system_time="1519667649055" nano_time="3368425592197670" gazeId="138" duration="833" path="C:\CodeSummarizationStudy\_tasks\Sequence 8\T7-SO.txt" line_height="22" font_height="14" line="1" col="82" line_base_x="414" line_base_y="700"/>
        <response name="T7-SO.txt" type="txt" x="1291.0" y="706.0" left_validation="1" right_validation="1" left_pupil_diameter="2.6554912220348013" right_pupil_diameter="2.6985709450461646" timestamp="2018-02-26T12:54:09.888-05:00" session_time="7195312634" tracker_time="1519667646671" system_time="1519667649888" nano_time="3368426425247346" gazeId="164" duration="167" path="C:\CodeSummarizationStudy\_tasks\Sequence 8\T7-SO.txt" line_height="22" font_height="14" line="1" col="85" line_base_x="414" line_base_y="700"/>
        <response name="T7-SO.txt" type="txt" x="1419.0" y="705.0" left_validation="1" right_validation="1" left_pupil_diameter="2.6517084633431782" right_pupil_diameter="2.6742840278439406" timestamp="2018-02-26T12:54:10.055-05:00" session_time="7361902262" tracker_time="1519667646837" system_time="1519667650055" nano_time="3368426591836974" gazeId="174" duration="883" path="C:\CodeSummarizationStudy\_tasks\Sequence 8\T7-SO.txt" line_height="22" font_height="14" line="1" col="94" line_base_x="414" line_base_y="700"/>
        <response name="T7-SO.txt" type="txt" x="436.0" y="820.0" left_validation="1" right_validation="1" left_pupil_diameter="2.680810077373798" right_pupil_diameter="2.641764479417067" timestamp="2018-02-26T12:54:10.938-05:00" session_time="8245118778" tracker_time="1519667647721" system_time="1519667650938" nano_time="3368427475053490" gazeId="214" duration="1083" path="C:\CodeSummarizationStudy\_tasks\Sequence 8\T7-SO.txt" line_height="22" font_height="14" line="6" col="12" line_base_x="414" line_base_y="810"/>
        <response name="T7-SO.txt" type="txt" x="567.0" y="830.0" left_validation="1" right_validation="1" left_pupil_diameter="2.669410988136574" right_pupil_diameter="2.714738068757234" timestamp="2018-02-26T12:54:12.072-05:00" session_time="9378378824" tracker_time="1519667648854" system_time="1519667652072" nano_time="3368428608313536" gazeId="281" duration="433" path="C:\CodeSummarizationStudy\_tasks\Sequence 8\T7-SO.txt" line_height="22" font_height="14" line="6" col="10" line_base_x="414" line_base_y="810"/>
        <response name="T7-SO.txt" type="txt" x="908.0" y="835.0" left_validation="1" right_validation="1" left_pupil_diameter="2.6692312140213814" right_pupil_diameter="2.745548449064556" timestamp="2018-02-26T12:54:12.505-05:00" session_time="9811683553" tracker_time="1519667649287" system_time="1519667652505" nano_time="3368429041618265" gazeId="307" duration="300" path="C:\CodeSummarizationStudy\_tasks\Sequence 8\T7-SO.txt" line_height="22" font_height="14" line="6" col="35" line_base_x="414" line_base_y="810"/>
        <response name="T7-SO.txt" type="txt" x="544.0" y="833.0" left_validation="1" right_validation="1" left_pupil_diameter="2.7011749267578127" right_pupil_diameter="2.7122955322265625" timestamp="2018-02-26T12:54:12.805-05:00" session_time="10111591510" tracker_time="1519667649587" system_time="1519667652805" nano_time="3368429341526222" gazeId="325" duration="968" path="C:\CodeSummarizationStudy\_tasks\Sequence 8\T7-SO.txt" line_height="22" font_height="14" line="7" col="55" line_base_x="414" line_base_y="832"/>
        <response name="T7-SO.txt" type="txt" x="537.0" y="954.5" left_validation="1" right_validation="1" left_pupil_diameter="3.056476593017578" right_pupil_diameter="3.0404078165690103" timestamp="2018-02-26T12:54:13.773-05:00" session_time="11079625535" tracker_time="1519667650554" system_time="1519667653773" nano_time="3368430309560247" gazeId="329" duration="4682" path="C:\CodeSummarizationStudy\_tasks\Sequence 8\T7-SO.txt" line_height="22" font_height="14" line="3" col="10" line_base_x="414" line_base_y="744"/>
        <response name="T7-SO.txt" type="txt" x="501.0" y="943.5" left_validation="1" right_validation="1" left_pupil_diameter="2.9245173136393228" right_pupil_diameter="2.8756383260091147" timestamp="2018-02-26T12:54:18.455-05:00" session_time="15761746546" tracker_time="1519667655236" system_time="1519667658455" nano_time="3368434991681258" gazeId="340" duration="184" path="C:\CodeSummarizationStudy\_tasks\Sequence 8\T7-SO.txt" line_height="22" font_height="14" line="12" col="10" line_base_x="414" line_base_y="942"/>
        <response name="T7-SO.txt" type="txt" x="522.0" y="908.0" left_validation="1" right_validation="1" left_pupil_diameter="2.8695331920276987" right_pupil_diameter="2.8149067271839487" timestamp="2018-02-26T12:54:18.639-05:00" session_time="15945554656" tracker_time="1519667655420" system_time="1519667658639" nano_time="3368435175489368" gazeId="351" duration="899" path="C:\CodeSummarizationStudy\_tasks\Sequence 8\T7-SO.txt" line_height="22" font_height="14" line="11" col="11" line_base_x="414" line_base_y="920"/>
        <response name="T7-SO.txt" type="txt" x="590.5" y="923.5" left_validation="1" right_validation="1" left_pupil_diameter="2.9261387416294644" right_pupil_diameter="2.9649080548967635" timestamp="2018-02-26T12:54:19.538-05:00" session_time="16844254353" tracker_time="1519667656319" system_time="1519667659538" nano_time="3368436074189065" gazeId="405" duration="216" path="C:\CodeSummarizationStudy\_tasks\Sequence 8\T7-SO.txt" line_height="22" font_height="14" line="10" col="12" line_base_x="414" line_base_y="898"/>
        <response name="T7-SO.txt" type="txt" x="638.0" y="927.0" left_validation="1" right_validation="1" left_pupil_diameter="2.9355669523540295" right_pupil_diameter="3.001049644068668" timestamp="2018-02-26T12:54:19.754-05:00" session_time="17060715373" tracker_time="1519667656536" system_time="1519667659754" nano_time="3368436290650085" gazeId="418" duration="817" path="C:\CodeSummarizationStudy\_tasks\Sequence 8\T7-SO.txt" line_height="22" font_height="14" line="11" col="19" line_base_x="414" line_base_y="920"/>
        <response name="T7-SO.txt" type="txt" x="987.0" y="923.0" left_validation="1" right_validation="1" left_pupil_diameter="2.764608046587776" right_pupil_diameter="2.8467784208409928" timestamp="2018-02-26T12:54:20.571-05:00" session_time="17877467002" tracker_time="1519667657353" system_time="1519667660571" nano_time="3368437107401714" gazeId="436" duration="2983" path="C:\CodeSummarizationStudy\_tasks\Sequence 8\T7-SO.txt" line_height="22" font_height="14" line="11" col="54" line_base_x="414" line_base_y="920"/>
        <response name="T7-SO.txt" type="txt" x="939.0" y="850.5" left_validation="1" right_validation="1" left_pupil_diameter="2.662647247314453" right_pupil_diameter="2.7303905487060547" timestamp="2018-02-26T12:54:23.554-05:00" session_time="20860432535" tracker_time="1519667660336" system_time="1519667663554" nano_time="3368440090367247" gazeId="452" duration="900" path="C:\CodeSummarizationStudy\_tasks\Sequence 8\T7-SO.txt" line_height="22" font_height="14" line="11" col="56" line_base_x="414" line_base_y="920"/>
        <response name="T7-SO.txt" type="txt" x="890.5" y="838.0" left_validation="1" right_validation="1" left_pupil_diameter="2.6276607513427734" right_pupil_diameter="2.688016891479492" timestamp="2018-02-26T12:54:24.454-05:00" session_time="21760792388" tracker_time="1519667661236" system_time="1519667664454" nano_time="3368440990727100" gazeId="459" duration="133" path="C:\CodeSummarizationStudy\_tasks\Sequence 8\T7-SO.txt" line_height="22" font_height="14" line="7" col="49" line_base_x="414" line_base_y="832"/>
        <response name="T7-SO.txt" type="txt" x="800.0" y="822.0" left_validation="1" right_validation="1" left_pupil_diameter="2.630801114169034" right_pupil_diameter="2.6561760179924243" timestamp="2018-02-26T12:54:24.587-05:00" session_time="21893473633" tracker_time="1519667661369" system_time="1519667664587" nano_time="3368441123408345" gazeId="466" duration="533" path="C:\CodeSummarizationStudy\_tasks\Sequence 8\T7-SO.txt" line_height="22" font_height="14" line="6" col="44" line_base_x="414" line_base_y="810"/>
        <response name="T7-SO.txt" type="txt" x="886.0" y="835.0" left_validation="1" right_validation="1" left_pupil_diameter="2.6293758045543325" right_pupil_diameter="2.670771512118253" timestamp="2018-02-26T12:54:25.12-05:00" session_time="22426685732" tracker_time="1519667661902" system_time="1519667665120" nano_time="3368441656620444" gazeId="498" duration="2200" path="C:\CodeSummarizationStudy\_tasks\Sequence 8\T7-SO.txt" line_height="22" font_height="14" line="6" col="45" line_base_x="414" line_base_y="810"/>
        <response name="T7-SO.txt" type="txt" x="1587.0" y="897.0" left_validation="1" right_validation="1" left_pupil_diameter="2.6945737950942097" right_pupil_diameter="2.7483502556295956" timestamp="2018-02-26T12:54:27.32-05:00" session_time="24626498639" tracker_time="1519667664102" system_time="1519667667320" nano_time="3368443856433351" gazeId="519" duration="666" path="C:\CodeSummarizationStudy\_tasks\Sequence 8\T7-SO.txt" line_height="22" font_height="14" line="11" col="119" line_base_x="414" line_base_y="890"/>
        <response name="T7-SO.txt" type="txt" x="1617.0" y="851.0" left_validation="1" right_validation="1" left_pupil_diameter="2.7269405788845487" right_pupil_diameter="2.829771253797743" timestamp="2018-02-26T12:54:27.986-05:00" session_time="25292964919" tracker_time="1519667664768" system_time="1519667667986" nano_time="3368444522899631" gazeId="535" duration="301" path="C:\CodeSummarizationStudy\_tasks\Sequence 8\T7-SO.txt" line_height="22" font_height="14" line="11" col="118" line_base_x="414" line_base_y="860"/>
        <response name="T7-SO.txt" type="txt" x="1736.5" y="838.0" left_validation="1" right_validation="1" left_pupil_diameter="2.751654852004278" right_pupil_diameter="2.886147998628162" timestamp="2018-02-26T12:54:28.32-05:00" session_time="25626459418" tracker_time="1519667665102" system_time="1519667668320" nano_time="3368444856394130" gazeId="545" duration="699" path="C:\CodeSummarizationStudy\_tasks\Sequence 8\T7-SO.txt" line_height="22" font_height="14" line="11" col="126" line_base_x="414" line_base_y="830"/>
        <response name="T7-SO.txt" type="txt" x="739.0" y="834.0" left_validation="1" right_validation="1" left_pupil_diameter="2.783590143377131" right_pupil_diameter="2.8301077178030303" timestamp="2018-02-26T12:54:29.019-05:00" session_time="26326279839" tracker_time="1519667665802" system_time="1519667669019" nano_time="3368445556214551" gazeId="586" duration="1534" path="C:\CodeSummarizationStudy\_tasks\Sequence 8\T7-SO.txt" line_height="22" font_height="14" line="11" col="84" line_base_x="414" line_base_y="830"/>
        <response name="T7-SO.txt" type="txt" x="691.0" y="838.0" left_validation="1" right_validation="1" left_pupil_diameter="2.8547216142926897" right_pupil_diameter="2.8389549255371094" timestamp="2018-02-26T12:54:30.553-05:00" session_time="27859401764" tracker_time="1519667667335" system_time="1519667670553" nano_time="3368447089336476" gazeId="618" duration="450" path="C:\CodeSummarizationStudy\_tasks\Sequence 8\T7-SO.txt" line_height="22" font_height="14" line="11" col="29" line_base_x="414" line_base_y="830"/>
        <response name="T7-SO.txt" type="txt" x="750.0" y="840.0" left_validation="1" right_validation="1" left_pupil_diameter="2.8102617765727795" right_pupil_diameter="2.8073979427939966" timestamp="2018-02-26T12:54:31.003-05:00" session_time="28309248670" tracker_time="1519667667785" system_time="1519667671003" nano_time="3368447539183382" gazeId="645" duration="1116" path="C:\CodeSummarizationStudy\_tasks\Sequence 8\T7-SO.txt" line_height="22" font_height="14" line="11" col="30" line_base_x="414" line_base_y="830"/>
        <response name="T7-SO.txt" type="txt" x="814.0" y="836.0" left_validation="1" right_validation="1" left_pupil_diameter="2.7441558837890625" right_pupil_diameter="2.809513972355769" timestamp="2018-02-26T12:54:32.119-05:00" session_time="29425762731" tracker_time="1519667668901" system_time="1519667672119" nano_time="3368448655697443" gazeId="663" duration="200" path="C:\CodeSummarizationStudy\_tasks\Sequence 8\T7-SO.txt" line_height="22" font_height="14" line="11" col="40" line_base_x="414" line_base_y="830"/>
        <response name="T7-SO.txt" type="txt" x="518.5" y="854.0" left_validation="1" right_validation="1" left_pupil_diameter="2.7879867553710938" right_pupil_diameter="2.7718158298068576" timestamp="2018-02-26T12:54:32.369-05:00" session_time="29675868576" tracker_time="1519667669151" system_time="1519667672369" nano_time="3368448905803288" gazeId="678" duration="283" path="C:\CodeSummarizationStudy\_tasks\Sequence 8\T7-SO.txt" line_height="22" font_height="14" line="11" col="21" line_base_x="414" line_base_y="830"/>
        <response name="T7-SO.txt" type="txt" x="583.0" y="844.0" left_validation="1" right_validation="1" left_pupil_diameter="2.7585950578962053" right_pupil_diameter="2.742316109793527" timestamp="2018-02-26T12:54:32.652-05:00" session_time="29959243886" tracker_time="1519667669434" system_time="1519667672652" nano_time="3368449189178598" gazeId="695" duration="100" path="C:\CodeSummarizationStudy\_tasks\Sequence 8\T7-SO.txt" line_height="22" font_height="14" line="11" col="13" line_base_x="414" line_base_y="830"/>
        <response name="T7-SO.txt" type="txt" x="628.0" y="843.0" left_validation="1" right_validation="1" left_pupil_diameter="2.762629917689732" right_pupil_diameter="2.7178846086774553" timestamp="2018-02-26T12:54:32.752-05:00" session_time="30059148690" tracker_time="1519667669534" system_time="1519667672752" nano_time="3368449289083402" gazeId="701" duration="101" path="C:\CodeSummarizationStudy\_tasks\Sequence 8\T7-SO.txt" line_height="22" font_height="14" line="11" col="19" line_base_x="414" line_base_y="830"/>
        <response name="T7-SO.txt" type="txt" x="667.0" y="845.0" left_validation="1" right_validation="1" left_pupil_diameter="2.7765677315848216" right_pupil_diameter="2.806695120675223" timestamp="2018-02-26T12:54:32.853-05:00" session_time="30159599304" tracker_time="1519667669634" system_time="1519667672853" nano_time="3368449389534016" gazeId="707" duration="99" path="C:\CodeSummarizationStudy\_tasks\Sequence 8\T7-SO.txt" line_height="22" font_height="14" line="11" col="23" line_base_x="414" line_base_y="830"/>
        <response name="T7-SO.txt" type="txt" x="722.0" y="851.0" left_validation="1" right_validation="1" left_pupil_diameter="2.7404739379882814" right_pupil_diameter="2.810466003417969" timestamp="2018-02-26T12:54:32.952-05:00" session_time="30259406603" tracker_time="1519667669734" system_time="1519667672952" nano_time="3368449489341315" gazeId="713" duration="151" path="C:\CodeSummarizationStudy\_tasks\Sequence 8\T7-SO.txt" line_height="22" font_height="14" line="11" col="28" line_base_x="414" line_base_y="830"/>
        <response name="T7-SO.txt" type="txt" x="868.0" y="855.0" left_validation="1" right_validation="1" left_pupil_diameter="2.70657466008113" right_pupil_diameter="2.745326115534856" timestamp="2018-02-26T12:54:33.153-05:00" session_time="30459094146" tracker_time="1519667669934" system_time="1519667673153" nano_time="3368449689028858" gazeId="725" duration="199" path="C:\CodeSummarizationStudy\_tasks\Sequence 8\T7-SO.txt" line_height="22" font_height="14" line="12" col="39" line_base_x="414" line_base_y="852"/>
        <response name="T7-SO.txt" type="txt" x="1282.5" y="848.0" left_validation="1" right_validation="1" left_pupil_diameter="2.73941650390625" right_pupil_diameter="2.780120849609375" timestamp="2018-02-26T12:54:33.352-05:00" session_time="30658990996" tracker_time="1519667670134" system_time="1519667673352" nano_time="3368449888925708" gazeId="737" duration="3517" path="C:\CodeSummarizationStudy\_tasks\Sequence 8\T7-SO.txt" line_height="22" font_height="14" line="12" col="53" line_base_x="414" line_base_y="852"/>
        <response name="T7-SO.txt" type="txt" x="1688.5" y="836.0" left_validation="1" right_validation="1" left_pupil_diameter="2.6993026733398438" right_pupil_diameter="2.7770042419433594" timestamp="2018-02-26T12:54:36.869-05:00" session_time="34175938772" tracker_time="1519667673651" system_time="1519667676869" nano_time="3368453405873484" gazeId="746" duration="567" path="C:\CodeSummarizationStudy\_tasks\Sequence 8\T7-SO.txt" line_height="22" font_height="14" line="11" col="124" line_base_x="414" line_base_y="830"/>
        <response name="T7-SO.txt" type="txt" x="750.0" y="397.0" left_validation="1" right_validation="1" left_pupil_diameter="2.5262420654296873" right_pupil_diameter="2.5891042073567707" timestamp="2018-02-26T12:54:37.436-05:00" session_time="34742787632" tracker_time="1519667674217" system_time="1519667677436" nano_time="3368453972722344" gazeId="761" duration="666" path="C:\CodeSummarizationStudy\_tasks\Sequence 8\T7-SO.txt" line_height="22" font_height="14" line="7" col="51" line_base_x="414" line_base_y="742"/>
        <response name="user interface - How to disable the GUI of a Netbeans Platform Application - Stack Overflow" type="browser" x="706.0" y="399.0" left_validation="1" right_validation="1" left_pupil_diameter="2.5240003797743054" right_pupil_diameter="2.6170196533203125" timestamp="2018-02-26T12:54:38.102-05:00" session_time="35408242569" tracker_time="1519667674884" system_time="1519667678102" nano_time="3368454638177281" gazeId="775" duration="233" url="https://stackoverflow.com/questions/24414549/how-to-disable-the-gui-of-a-netbeans-platform-application/25521751#25521751" Id="24414549">
            <soe part="ANSWER" part_number="1" type="COMMENT" type_number="1"/>
        </response>
        <response name="user interface - How to disable the GUI of a Netbeans Platform Application - Stack Overflow" type="browser" x="661.0" y="353.5" left_validation="1" right_validation="1" left_pupil_diameter="2.571516854422433" right_pupil_diameter="2.6519579206194197" timestamp="2018-02-26T12:54:38.335-05:00" session_time="35641576037" tracker_time="1519667675117" system_time="1519667678335" nano_time="3368454871510749" gazeId="783" duration="217" url="https://stackoverflow.com/questions/24414549/how-to-disable-the-gui-of-a-netbeans-platform-application/25521751#25521751" Id="24414549">
            <soe part="ANSWER" part_number="1" type="VOTE" type_number="1"/>
        </response>
        <response name="user interface - How to disable the GUI of a Netbeans Platform Application - Stack Overflow" type="browser" x="850.0" y="399.5" left_validation="1" right_validation="1" left_pupil_diameter="2.6766014099121094" right_pupil_diameter="2.766045570373535" timestamp="2018-02-26T12:54:38.552-05:00" session_time="35858226569" tracker_time="1519667675334" system_time="1519667678552" nano_time="3368455088161281" gazeId="796" duration="850" url="https://stackoverflow.com/questions/24414549/how-to-disable-the-gui-of-a-netbeans-platform-application/25521751#25521751" Id="24414549">
            <soe part="ANSWER" part_number="1" type="TEXT" type_number="1"/>
        </response>
        <response name="user interface - How to disable the GUI of a Netbeans Platform Application - Stack Overflow" type="browser" x="792.0" y="251.0" left_validation="1" right_validation="1" left_pupil_diameter="2.7198072864163305" right_pupil_diameter="2.802125007875504" timestamp="2018-02-26T12:54:39.402-05:00" session_time="36708099207" tracker_time="1519667676184" system_time="1519667679402" nano_time="3368455938033919" gazeId="811" duration="699" url="https://stackoverflow.com/questions/24414549/how-to-disable-the-gui-of-a-netbeans-platform-application/25521751#25521751" Id="24414549">
            <soe part="QUESTION" part_number="1" type="TEXT" type_number="1"/>
        </response>
        <response name="user interface - How to disable the GUI of a Netbeans Platform Application - Stack Overflow" type="browser" x="867.5" y="252.5" left_validation="1" right_validation="1" left_pupil_diameter="2.7325599670410154" right_pupil_diameter="2.825358581542969" timestamp="2018-02-26T12:54:40.101-05:00" session_time="37408055623" tracker_time="1519667676883" system_time="1519667680101" nano_time="3368456637990335" gazeId="841" duration="1200" url="https://stackoverflow.com/questions/24414549/how-to-disable-the-gui-of-a-netbeans-platform-application/25521751#25521751" Id="24414549">
            <soe part="QUESTION" part_number="1" type="TITLE" type_number="1"/>
        </response>
        <response name="user interface - How to disable the GUI of a Netbeans Platform Application - Stack Overflow" type="browser" x="731.5" y="246.0" left_validation="1" right_validation="1" left_pupil_diameter="2.7386398315429688" right_pupil_diameter="2.8415104259144175" timestamp="2018-02-26T12:54:41.301-05:00" session_time="38607872562" tracker_time="1519667678083" system_time="1519667681301" nano_time="3368457837807274" gazeId="860" duration="350" url="https://stackoverflow.com/questions/24414549/how-to-disable-the-gui-of-a-netbeans-platform-application/25521751#25521751" Id="24414549">
            <soe part="QUESTION" part_number="1" type="TITLE" type_number="1"/>
        </response>
        <response name="user interface - How to disable the GUI of a Netbeans Platform Application - Stack Overflow" type="browser" x="735.0" y="396.0" left_validation="1" right_validation="1" left_pupil_diameter="2.7698651482077206" right_pupil_diameter="2.88238525390625" timestamp="2018-02-26T12:54:41.651-05:00" session_time="38957843622" tracker_time="1519667678433" system_time="1519667681651" nano_time="3368458187778334" gazeId="881" duration="567" url="https://stackoverflow.com/questions/24414549/how-to-disable-the-gui-of-a-netbeans-platform-application/25521751#25521751" Id="24414549">
            <soe part="QUESTION" part_number="1" type="TITLE" type_number="1"/>
        </response>
        <response name="user interface - How to disable the GUI of a Netbeans Platform Application - Stack Overflow" type="browser" x="833.0" y="396.0" left_validation="1" right_validation="1" left_pupil_diameter="2.7262737567608175" right_pupil_diameter="2.84738041804387" timestamp="2018-02-26T12:54:42.218-05:00" session_time="39524428925" tracker_time="1519667679000" system_time="1519667682218" nano_time="3368458754363637" gazeId="897" duration="200" url="https://stackoverflow.com/questions/24414549/how-to-disable-the-gui-of-a-netbeans-platform-application/25521751#25521751" Id="24414549">
            <soe part="QUESTION" part_number="1" type="TEXT" type_number="1"/>
        </response>
        <response name="user interface - How to disable the GUI of a Netbeans Platform Application - Stack Overflow" type="browser" x="884.5" y="399.0" left_validation="1" right_validation="1" left_pupil_diameter="2.6887601216634116" right_pupil_diameter="2.831590016682943" timestamp="2018-02-26T12:54:42.418-05:00" session_time="39724337871" tracker_time="1519667679200" system_time="1519667682418" nano_time="3368458954272583" gazeId="909" duration="183" url="https://stackoverflow.com/questions/24414549/how-to-disable-the-gui-of-a-netbeans-platform-application/25521751#25521751" Id="24414549">
            <soe part="QUESTION" part_number="1" type="TEXT" type_number="1"/>
        </response>
        <response name="user interface - How to disable the GUI of a Netbeans Platform Application - Stack Overflow" type="browser" x="1020.0" y="405.0" left_validation="1" right_validation="1" left_pupil_diameter="2.712151527404785" right_pupil_diameter="2.833899815877279" timestamp="2018-02-26T12:54:42.601-05:00" session_time="39907689612" tracker_time="1519667679383" system_time="1519667682601" nano_time="3368459137624324" gazeId="920" duration="784" url="https://stackoverflow.com/questions/24414549/how-to-disable-the-gui-of-a-netbeans-platform-application/25521751#25521751" Id="24414549">
            <soe part="QUESTION" part_number="1" type="TEXT" type_number="1"/>
        </response>
        <response name="user interface - How to disable the GUI of a Netbeans Platform Application - Stack Overflow" type="browser" x="797.0" y="469.0" left_validation="1" right_validation="1" left_pupil_diameter="2.5640767415364585" right_pupil_diameter="2.6703396751767112" timestamp="2018-02-26T12:54:43.385-05:00" session_time="40691333062" tracker_time="1519667680166" system_time="1519667683385" nano_time="3368459921267774" gazeId="967" duration="5849" url="https://stackoverflow.com/questions/24414549/how-to-disable-the-gui-of-a-netbeans-platform-application/25521751#25521751" Id="24414549">
            <soe part="QUESTION" part_number="1" type="TEXT" type_number="1"/>
        </response>
        <response name="user interface - How to disable the GUI of a Netbeans Platform Application - Stack Overflow" type="browser" x="914.5" y="473.0" left_validation="1" right_validation="1" left_pupil_diameter="2.5006586710611978" right_pupil_diameter="2.6335957845052085" timestamp="2018-02-26T12:54:49.285-05:00" session_time="46591038970" tracker_time="1519667686066" system_time="1519667689285" nano_time="3368465820973682" gazeId="990" duration="182" url="https://stackoverflow.com/questions/24414549/how-to-disable-the-gui-of-a-netbeans-platform-application/25521751#25521751" Id="24414549">
            <soe part="ANSWER" part_number="1" type="TEXT" type_number="1"/>
        </response>
        <response name="user interface - How to disable the GUI of a Netbeans Platform Application - Stack Overflow" type="browser" x="1015.5" y="472.0" left_validation="1" right_validation="1" left_pupil_diameter="2.4972267150878906" right_pupil_diameter="2.642857445610894" timestamp="2018-02-26T12:54:49.5-05:00" session_time="46806748905" tracker_time="1519667686282" system_time="1519667689500" nano_time="3368466036683617" gazeId="1003" duration="584" url="https://stackoverflow.com/questions/24414549/how-to-disable-the-gui-of-a-netbeans-platform-application/25521751#25521751" Id="24414549">
            <soe part="ANSWER" part_number="1" type="TEXT" type_number="1"/>
        </response>
        <response name="user interface - How to disable the GUI of a Netbeans Platform Application - Stack Overflow" type="browser" x="771.5" y="497.5" left_validation="1" right_validation="1" left_pupil_diameter="2.509465535481771" right_pupil_diameter="2.6195971171061196" timestamp="2018-02-26T12:54:50.084-05:00" session_time="47390821012" tracker_time="1519667686866" system_time="1519667690084" nano_time="3368466620755724" gazeId="1038" duration="183" url="https://stackoverflow.com/questions/24414549/how-to-disable-the-gui-of-a-netbeans-platform-application/25521751#25521751" Id="24414549">
            <soe part="ANSWER" part_number="1" type="COMMENT" type_number="1"/>
        </response>
        <response name="user interface - How to disable the GUI of a Netbeans Platform Application - Stack Overflow" type="browser" x="809.5" y="502.5" left_validation="1" right_validation="1" left_pupil_diameter="2.5029780069986978" right_pupil_diameter="2.640069325764974" timestamp="2018-02-26T12:54:50.267-05:00" session_time="47573311334" tracker_time="1519667687049" system_time="1519667690267" nano_time="3368466803246046" gazeId="1049" duration="184" url="https://stackoverflow.com/questions/24414549/how-to-disable-the-gui-of-a-netbeans-platform-application/25521751#25521751" Id="24414549">
            <soe part="ANSWER" part_number="1" type="TEXT" type_number="1"/>
        </response>
        <response name="user interface - How to disable the GUI of a Netbeans Platform Application - Stack Overflow" type="browser" x="941.0" y="503.0" left_validation="1" right_validation="1" left_pupil_diameter="2.485931396484375" right_pupil_diameter="2.6224517822265625" timestamp="2018-02-26T12:54:50.451-05:00" session_time="47757173695" tracker_time="1519667687232" system_time="1519667690451" nano_time="3368466987108407" gazeId="1060" duration="482" url="https://stackoverflow.com/questions/24414549/how-to-disable-the-gui-of-a-netbeans-platform-application/25521751#25521751" Id="24414549">
            <soe part="ANSWER" part_number="1" type="TEXT" type_number="1"/>
        </response>
        <response name="user interface - How to disable the GUI of a Netbeans Platform Application - Stack Overflow" type="browser" x="1143.5" y="505.0" left_validation="1" right_validation="1" left_pupil_diameter="2.497990534855769" right_pupil_diameter="2.6420904306265025" timestamp="2018-02-26T12:54:50.933-05:00" session_time="48239961995" tracker_time="1519667687715" system_time="1519667690933" nano_time="3368467469896707" gazeId="1089" duration="417" url="https://stackoverflow.com/questions/24414549/how-to-disable-the-gui-of-a-netbeans-platform-application/25521751#25521751" Id="24414549">
            <soe part="ANSWER" part_number="1" type="TEXT" type_number="1"/>
        </response>
        <response name="user interface - How to disable the GUI of a Netbeans Platform Application - Stack Overflow" type="browser" x="724.0" y="523.0" left_validation="1" right_validation="1" left_pupil_diameter="2.5104103088378906" right_pupil_diameter="2.594087600708008" timestamp="2018-02-26T12:54:51.35-05:00" session_time="48656628508" tracker_time="1519667688132" system_time="1519667691350" nano_time="3368467886563220" gazeId="1114" duration="383" url="https://stackoverflow.com/questions/24414549/how-to-disable-the-gui-of-a-netbeans-platform-application/25521751#25521751" Id="24414549">
            <soe part="ANSWER" part_number="1" type="TEXT" type_number="1"/>
        </response>
        <response name="user interface - How to disable the GUI of a Netbeans Platform Application - Stack Overflow" type="browser" x="725.0" y="469.0" left_validation="1" right_validation="1" left_pupil_diameter="2.5712351481119793" right_pupil_diameter="2.661187744140625" timestamp="2018-02-26T12:54:51.733-05:00" session_time="49039802687" tracker_time="1519667688515" system_time="1519667691733" nano_time="3368468269737399" gazeId="1137" duration="450" url="https://stackoverflow.com/questions/24414549/how-to-disable-the-gui-of-a-netbeans-platform-application/25521751#25521751" Id="24414549">
            <soe part="ANSWER" part_number="1" type="TEXT" type_number="1"/>
        </response>
        <response name="user interface - How to disable the GUI of a Netbeans Platform Application - Stack Overflow" type="browser" x="798.0" y="474.0" left_validation="1" right_validation="1" left_pupil_diameter="2.548584747314453" right_pupil_diameter="2.6756011962890627" timestamp="2018-02-26T12:54:52.183-05:00" session_time="49489765792" tracker_time="1519667688965" system_time="1519667692183" nano_time="3368468719700504" gazeId="1151" duration="318" url="https://stackoverflow.com/questions/24414549/how-to-disable-the-gui-of-a-netbeans-platform-application/25521751#25521751" Id="24414549">
            <soe part="QUESTION" part_number="1" type="TEXT" type_number="1"/>
        </response>
    </gazes>
</itrace-records>
