<?xml version="1.0" encoding="UTF-8" standalone="yes"?>
<itrace-records>
    <environment>
        <screen-size width="1920" height="1080"/>
    </environment>
    <gazes>
        <response name="T3-SO.txt" type="txt" x="482.5" y="714.5" left_validation="1" right_validation="1" left_pupil_diameter="2.3174041748046874" right_pupil_diameter="2.3215065002441406" timestamp="2018-02-26T17:25:29.946-05:00" session_time="1875110564" tracker_time="1519683929501" system_time="1519683929946" nano_time="3900770219214" gazeId="10" duration="400" path="C:\CodeSummarizationStudy\_tasks\Sequence 1\T3-SO.txt" line_height="22" font_height="14" line="1" col="8" line_base_x="414" line_base_y="705"/>
        <response name="T3-SO.txt" type="txt" x="555.5" y="717.5" left_validation="1" right_validation="1" left_pupil_diameter="2.3663854598999023" right_pupil_diameter="2.3643736839294434" timestamp="2018-02-26T17:25:30.346-05:00" session_time="2275213054" tracker_time="1519683929901" system_time="1519683930346" nano_time="3901170321704" gazeId="29" duration="516" path="C:\CodeSummarizationStudy\_tasks\Sequence 1\T3-SO.txt" line_height="22" font_height="14" line="1" col="10" line_base_x="414" line_base_y="705"/>
        <response name="T3-SO.txt" type="txt" x="500.0" y="719.0" left_validation="1" right_validation="1" left_pupil_diameter="2.330937138310185" right_pupil_diameter="2.3517354329427085" timestamp="2018-02-26T17:25:30.862-05:00" session_time="2791579440" tracker_time="1519683930418" system_time="1519683930862" nano_time="3901686688090" gazeId="60" duration="2184" path="C:\CodeSummarizationStudy\_tasks\Sequence 1\T3-SO.txt" line_height="22" font_height="14" line="1" col="12" line_base_x="414" line_base_y="705"/>
        <response name="T3-SO.txt" type="txt" x="832.0" y="714.0" left_validation="1" right_validation="1" left_pupil_diameter="2.2185863148082388" right_pupil_diameter="2.2583743008700283" timestamp="2018-02-26T17:25:33.046-05:00" session_time="4975281344" tracker_time="1519683932601" system_time="1519683933046" nano_time="3903870389994" gazeId="86" duration="5499" path="C:\CodeSummarizationStudy\_tasks\Sequence 1\T3-SO.txt" line_height="22" font_height="14" line="1" col="42" line_base_x="414" line_base_y="705"/>
        <response name="T3-SO.txt" type="txt" x="465.0" y="758.0" left_validation="1" right_validation="1" left_pupil_diameter="2.180791219075521" right_pupil_diameter="2.1959442138671874" timestamp="2018-02-26T17:25:38.545-05:00" session_time="10474049151" tracker_time="1519683938100" system_time="1519683938545" nano_time="3909369157801" gazeId="96" duration="567" path="C:\CodeSummarizationStudy\_tasks\Sequence 1\T3-SO.txt" line_height="22" font_height="14" line="3" col="5" line_base_x="414" line_base_y="749"/>
        <response name="T3-SO.txt" type="txt" x="744.0" y="817.0" left_validation="1" right_validation="1" left_pupil_diameter="2.1566590808686756" right_pupil_diameter="2.2465907505580356" timestamp="2018-02-26T17:25:39.112-05:00" session_time="11040888382" tracker_time="1519683938666" system_time="1519683939112" nano_time="3909935997032" gazeId="110" duration="1583" path="C:\CodeSummarizationStudy\_tasks\Sequence 1\T3-SO.txt" line_height="22" font_height="14" line="6" col="5" line_base_x="414" line_base_y="815"/>
        <response name="T3-SO.txt" type="txt" x="833.0" y="818.0" left_validation="1" right_validation="1" left_pupil_diameter="2.1429332386363638" right_pupil_diameter="2.2574643221768467" timestamp="2018-02-26T17:25:40.695-05:00" session_time="12623921166" tracker_time="1519683940250" system_time="1519683940695" nano_time="3911519029816" gazeId="130" duration="166" path="C:\CodeSummarizationStudy\_tasks\Sequence 1\T3-SO.txt" line_height="22" font_height="14" line="6" col="41" line_base_x="414" line_base_y="815"/>
        <response name="T3-SO.txt" type="txt" x="794.5" y="828.0" left_validation="1" right_validation="1" left_pupil_diameter="2.148289998372396" right_pupil_diameter="2.2454681396484375" timestamp="2018-02-26T17:25:40.861-05:00" session_time="12790261288" tracker_time="1519683940416" system_time="1519683940861" nano_time="3911685369938" gazeId="140" duration="84" path="C:\CodeSummarizationStudy\_tasks\Sequence 1\T3-SO.txt" line_height="22" font_height="14" line="6" col="40" line_base_x="414" line_base_y="815"/>
        <response name="T3-SO.txt" type="txt" x="758.0" y="837.0" left_validation="1" right_validation="1" left_pupil_diameter="2.167412894112723" right_pupil_diameter="2.2748500279017856" timestamp="2018-02-26T17:25:40.945-05:00" session_time="12873759054" tracker_time="1519683940500" system_time="1519683940945" nano_time="3911768867704" gazeId="145" duration="100" path="C:\CodeSummarizationStudy\_tasks\Sequence 1\T3-SO.txt" line_height="22" font_height="14" line="6" col="37" line_base_x="414" line_base_y="815"/>
        <response name="T3-SO.txt" type="txt" x="707.0" y="841.0" left_validation="1" right_validation="1" left_pupil_diameter="2.2789058685302734" right_pupil_diameter="2.3080883026123047" timestamp="2018-02-26T17:25:41.045-05:00" session_time="12973888414" tracker_time="1519683940600" system_time="1519683941045" nano_time="3911868997064" gazeId="151" duration="150" path="C:\CodeSummarizationStudy\_tasks\Sequence 1\T3-SO.txt" line_height="22" font_height="14" line="7" col="33" line_base_x="414" line_base_y="837"/>
        <response name="T3-SO.txt" type="txt" x="653.5" y="843.0" left_validation="1" right_validation="1" left_pupil_diameter="2.335993448893229" right_pupil_diameter="2.3330103556315103" timestamp="2018-02-26T17:25:41.195-05:00" session_time="13123875896" tracker_time="1519683940750" system_time="1519683941195" nano_time="3912018984546" gazeId="158" duration="99" path="C:\CodeSummarizationStudy\_tasks\Sequence 1\T3-SO.txt" line_height="22" font_height="14" line="7" col="26" line_base_x="414" line_base_y="837"/>
        <response name="T3-SO.txt" type="txt" x="573.5" y="846.0" left_validation="1" right_validation="1" left_pupil_diameter="2.0641881306966146" right_pupil_diameter="2.3343073527018228" timestamp="2018-02-26T17:25:41.328-05:00" session_time="13257280171" tracker_time="1519683940883" system_time="1519683941328" nano_time="3912152388821" gazeId="165" duration="633" path="C:\CodeSummarizationStudy\_tasks\Sequence 1\T3-SO.txt" line_height="22" font_height="14" line="7" col="18" line_base_x="414" line_base_y="837"/>
        <response name="T3-SO.txt" type="txt" x="501.0" y="895.0" left_validation="1" right_validation="1" left_pupil_diameter="2.3861626519097223" right_pupil_diameter="2.463802761501736" timestamp="2018-02-26T17:25:41.961-05:00" session_time="13890423638" tracker_time="1519683941516" system_time="1519683941961" nano_time="3912785532288" gazeId="194" duration="133" path="C:\CodeSummarizationStudy\_tasks\Sequence 1\T3-SO.txt" line_height="22" font_height="14" line="9" col="10" line_base_x="414" line_base_y="881"/>
        <response name="T3-SO.txt" type="txt" x="464.0" y="899.0" left_validation="1" right_validation="1" left_pupil_diameter="2.382001091452206" right_pupil_diameter="2.4411423627068016" timestamp="2018-02-26T17:25:42.094-05:00" session_time="14023740671" tracker_time="1519683941649" system_time="1519683942094" nano_time="3912918849321" gazeId="202" duration="833" path="C:\CodeSummarizationStudy\_tasks\Sequence 1\T3-SO.txt" line_height="22" font_height="14" line="9" col="7" line_base_x="414" line_base_y="881"/>
        <response name="T3-SO.txt" type="txt" x="533.0" y="915.0" left_validation="1" right_validation="1" left_pupil_diameter="2.41058349609375" right_pupil_diameter="2.4704652009186923" timestamp="2018-02-26T17:25:42.927-05:00" session_time="14856733775" tracker_time="1519683942483" system_time="1519683942927" nano_time="3913751842425" gazeId="252" duration="434" path="C:\CodeSummarizationStudy\_tasks\Sequence 1\T3-SO.txt" line_height="22" font_height="14" line="10" col="9" line_base_x="414" line_base_y="903"/>
        <response name="T3-SO.txt" type="txt" x="498.0" y="941.5" left_validation="1" right_validation="1" left_pupil_diameter="2.412975856236049" right_pupil_diameter="2.492527553013393" timestamp="2018-02-26T17:25:43.361-05:00" session_time="15290244243" tracker_time="1519683942916" system_time="1519683943361" nano_time="3914185352893" gazeId="278" duration="218" path="C:\CodeSummarizationStudy\_tasks\Sequence 1\T3-SO.txt" line_height="22" font_height="14" line="11" col="9" line_base_x="414" line_base_y="925"/>
        <response name="T3-SO.txt" type="txt" x="538.5" y="943.5" left_validation="1" right_validation="1" left_pupil_diameter="1.9666583412571956" right_pupil_diameter="2.4654781943873356" timestamp="2018-02-26T17:25:43.579-05:00" session_time="15508283722" tracker_time="1519683943133" system_time="1519683943579" nano_time="3914403392372" gazeId="291" duration="716" path="C:\CodeSummarizationStudy\_tasks\Sequence 1\T3-SO.txt" line_height="22" font_height="14" line="11" col="11" line_base_x="414" line_base_y="925"/>
        <response name="T3-SO.txt" type="txt" x="708.0" y="926.0" left_validation="1" right_validation="1" left_pupil_diameter="2.0663360595703124" right_pupil_diameter="2.3206247965494793" timestamp="2018-02-26T17:25:44.295-05:00" session_time="16223450282" tracker_time="1519683943849" system_time="1519683944295" nano_time="3915118558932" gazeId="328" duration="933" path="C:\CodeSummarizationStudy\_tasks\Sequence 1\T3-SO.txt" line_height="22" font_height="14" line="11" col="21" line_base_x="414" line_base_y="925"/>
        <response name="T3-SO.txt" type="txt" x="777.0" y="927.0" left_validation="1" right_validation="1" left_pupil_diameter="2.18057861328125" right_pupil_diameter="2.28472900390625" timestamp="2018-02-26T17:25:45.228-05:00" session_time="17157185635" tracker_time="1519683944782" system_time="1519683945228" nano_time="3916052294285" gazeId="342" duration="66" path="C:\CodeSummarizationStudy\_tasks\Sequence 1\T3-SO.txt" line_height="22" font_height="14" line="11" col="35" line_base_x="414" line_base_y="925"/>
        <response name="T3-SO.txt" type="txt" x="873.0" y="928.0" left_validation="1" right_validation="1" left_pupil_diameter="2.2369969685872397" right_pupil_diameter="2.3034795125325522" timestamp="2018-02-26T17:25:45.294-05:00" session_time="17223432321" tracker_time="1519683944849" system_time="1519683945294" nano_time="3916118540971" gazeId="346" duration="1017" path="C:\CodeSummarizationStudy\_tasks\Sequence 1\T3-SO.txt" line_height="22" font_height="14" line="11" col="38" line_base_x="414" line_base_y="925"/>
        <response name="T3-SO.txt" type="txt" x="1358.0" y="927.0" left_validation="1" right_validation="1" left_pupil_diameter="2.197941371372768" right_pupil_diameter="2.3503407069614957" timestamp="2018-02-26T17:25:46.311-05:00" session_time="18240148222" tracker_time="1519683945866" system_time="1519683946311" nano_time="3917135256872" gazeId="369" duration="2216" path="C:\CodeSummarizationStudy\_tasks\Sequence 1\T3-SO.txt" line_height="22" font_height="14" line="11" col="65" line_base_x="414" line_base_y="925"/>
        <response name="T3-SO.txt" type="txt" x="1449.0" y="931.0" left_validation="1" right_validation="1" left_pupil_diameter="2.304089766282302" right_pupil_diameter="2.4680956326998196" timestamp="2018-02-26T17:25:48.527-05:00" session_time="20456252628" tracker_time="1519683948082" system_time="1519683948527" nano_time="3919351361278" gazeId="410" duration="1266" path="C:\CodeSummarizationStudy\_tasks\Sequence 1\T3-SO.txt" line_height="22" font_height="14" line="11" col="101" line_base_x="414" line_base_y="925"/>
        <response name="T3-SO.txt" type="txt" x="533.0" y="953.0" left_validation="1" right_validation="1" left_pupil_diameter="2.373550827438767" right_pupil_diameter="2.4554228911528715" timestamp="2018-02-26T17:25:49.793-05:00" session_time="21722740437" tracker_time="1519683949348" system_time="1519683949793" nano_time="3920617849087" gazeId="461" duration="717" path="C:\CodeSummarizationStudy\_tasks\Sequence 1\T3-SO.txt" line_height="22" font_height="14" line="11" col="36" line_base_x="414" line_base_y="925"/>
        <response name="T3-SO.txt" type="txt" x="592.0" y="956.0" left_validation="1" right_validation="1" left_pupil_diameter="2.4389190673828125" right_pupil_diameter="2.5021268404447117" timestamp="2018-02-26T17:25:50.51-05:00" session_time="22439585478" tracker_time="1519683950065" system_time="1519683950510" nano_time="3921334694128" gazeId="497" duration="200" path="C:\CodeSummarizationStudy\_tasks\Sequence 1\T3-SO.txt" line_height="22" font_height="14" line="12" col="17" line_base_x="414" line_base_y="947"/>
        <response name="T3-SO.txt" type="txt" x="633.5" y="960.0" left_validation="1" right_validation="1" left_pupil_diameter="2.448064168294271" right_pupil_diameter="2.4616902669270835" timestamp="2018-02-26T17:25:50.71-05:00" session_time="22639287391" tracker_time="1519683950265" system_time="1519683950710" nano_time="3921534396041" gazeId="509" duration="84" path="C:\CodeSummarizationStudy\_tasks\Sequence 1\T3-SO.txt" line_height="22" font_height="14" line="12" col="21" line_base_x="414" line_base_y="947"/>
        <response name="T3-SO.txt" type="txt" x="674.0" y="956.0" left_validation="1" right_validation="1" left_pupil_diameter="2.4145709228515626" right_pupil_diameter="2.45383544921875" timestamp="2018-02-26T17:25:50.794-05:00" session_time="22722859936" tracker_time="1519683950348" system_time="1519683950794" nano_time="3921617968586" gazeId="514" duration="449" path="C:\CodeSummarizationStudy\_tasks\Sequence 1\T3-SO.txt" line_height="22" font_height="14" line="12" col="23" line_base_x="414" line_base_y="947"/>
        <response name="T3-SO.txt" type="txt" x="763.0" y="955.0" left_validation="1" right_validation="1" left_pupil_diameter="1.8903307233537947" right_pupil_diameter="2.4154270717075894" timestamp="2018-02-26T17:25:51.243-05:00" session_time="23172304432" tracker_time="1519683950798" system_time="1519683951243" nano_time="3922067413082" gazeId="538" duration="167" path="C:\CodeSummarizationStudy\_tasks\Sequence 1\T3-SO.txt" line_height="22" font_height="14" line="12" col="33" line_base_x="414" line_base_y="947"/>
        <response name="T3-SO.txt" type="txt" x="809.0" y="955.0" left_validation="1" right_validation="1" left_pupil_diameter="2.356061808268229" right_pupil_diameter="2.280926513671875" timestamp="2018-02-26T17:25:51.41-05:00" session_time="23339398936" tracker_time="1519683950965" system_time="1519683951410" nano_time="3922234507586" gazeId="544" duration="700" path="C:\CodeSummarizationStudy\_tasks\Sequence 1\T3-SO.txt" line_height="22" font_height="14" line="12" col="37" line_base_x="414" line_base_y="947"/>
        <response name="T3-SO.txt" type="txt" x="853.0" y="863.0" left_validation="1" right_validation="1" left_pupil_diameter="2.0954173694957388" right_pupil_diameter="2.0978879061612217" timestamp="2018-02-26T17:25:52.11-05:00" session_time="24038921417" tracker_time="1519683951665" system_time="1519683952110" nano_time="3922934030067" gazeId="558" duration="833" path="C:\CodeSummarizationStudy\_tasks\Sequence 1\T3-SO.txt" line_height="22" font_height="14" line="14" col="44" line_base_x="414" line_base_y="925"/>
        <response name="T3-SO.txt" type="txt" x="566.0" y="869.0" left_validation="1" right_validation="1" left_pupil_diameter="2.255657958984375" right_pupil_diameter="2.2446380615234376" timestamp="2018-02-26T17:25:52.943-05:00" session_time="24872635912" tracker_time="1519683952498" system_time="1519683952943" nano_time="3923767744562" gazeId="568" duration="451" path="C:\CodeSummarizationStudy\_tasks\Sequence 1\T3-SO.txt" line_height="22" font_height="14" line="14" col="25" line_base_x="414" line_base_y="859"/>
        <response name="T3-SO.txt" type="txt" x="627.0" y="744.0" left_validation="1" right_validation="1" left_pupil_diameter="2.2848944091796874" right_pupil_diameter="2.16958251953125" timestamp="2018-02-26T17:25:53.394-05:00" session_time="25322595059" tracker_time="1519683952948" system_time="1519683953394" nano_time="3924217703709" gazeId="582" duration="466" path="C:\CodeSummarizationStudy\_tasks\Sequence 1\T3-SO.txt" line_height="22" font_height="14" line="14" col="18" line_base_x="414" line_base_y="793"/>
        <response name="T3-SO.txt" type="txt" x="701.0" y="739.0" left_validation="1" right_validation="1" left_pupil_diameter="2.271648406982422" right_pupil_diameter="2.171133041381836" timestamp="2018-02-26T17:25:53.86-05:00" session_time="25788790646" tracker_time="1519683953415" system_time="1519683953860" nano_time="3924683899296" gazeId="606" duration="300" path="C:\CodeSummarizationStudy\_tasks\Sequence 1\T3-SO.txt" line_height="22" font_height="14" line="11" col="25" line_base_x="414" line_base_y="727"/>
        <response name="T3-SO.txt" type="txt" x="635.0" y="745.0" left_validation="1" right_validation="1" left_pupil_diameter="2.2686661430027173" right_pupil_diameter="2.17518483037534" timestamp="2018-02-26T17:25:54.16-05:00" session_time="26088827559" tracker_time="1519683953715" system_time="1519683954160" nano_time="3924983936209" gazeId="621" duration="400" path="C:\CodeSummarizationStudy\_tasks\Sequence 1\T3-SO.txt" line_height="22" font_height="14" line="11" col="26" line_base_x="414" line_base_y="727"/>
        <response name="T3-SO.txt" type="txt" x="761.0" y="732.0" left_validation="1" right_validation="1" left_pupil_diameter="2.2039718627929688" right_pupil_diameter="2.1204742431640624" timestamp="2018-02-26T17:25:54.56-05:00" session_time="26488935914" tracker_time="1519683954114" system_time="1519683954560" nano_time="3925384044564" gazeId="643" duration="449" path="C:\CodeSummarizationStudy\_tasks\Sequence 1\T3-SO.txt" line_height="22" font_height="14" line="11" col="28" line_base_x="414" line_base_y="727"/>
        <response name="T3-SO.txt" type="txt" x="853.0" y="733.0" left_validation="1" right_validation="1" left_pupil_diameter="2.1843083699544272" right_pupil_diameter="2.080357869466146" timestamp="2018-02-26T17:25:55.009-05:00" session_time="26938540964" tracker_time="1519683954564" system_time="1519683955009" nano_time="3925833649614" gazeId="652" duration="117" path="C:\CodeSummarizationStudy\_tasks\Sequence 1\T3-SO.txt" line_height="22" font_height="14" line="11" col="41" line_base_x="414" line_base_y="727"/>
        <response name="T3-SO.txt" type="txt" x="921.5" y="742.5" left_validation="1" right_validation="1" left_pupil_diameter="2.1989593505859375" right_pupil_diameter="2.124129159109933" timestamp="2018-02-26T17:25:55.126-05:00" session_time="27055359832" tracker_time="1519683954681" system_time="1519683955126" nano_time="3925950468482" gazeId="657" duration="1934" path="C:\CodeSummarizationStudy\_tasks\Sequence 1\T3-SO.txt" line_height="22" font_height="14" line="11" col="46" line_base_x="414" line_base_y="727"/>
        <response name="T3-SO.txt" type="txt" x="477.0" y="845.0" left_validation="1" right_validation="1" left_pupil_diameter="2.293365478515625" right_pupil_diameter="2.349139622279576" timestamp="2018-02-26T17:25:57.06-05:00" session_time="28988724959" tracker_time="1519683956614" system_time="1519683957060" nano_time="3927883833609" gazeId="684" duration="217" path="C:\CodeSummarizationStudy\_tasks\Sequence 1\T3-SO.txt" line_height="22" font_height="14" line="7" col="8" line_base_x="414" line_base_y="837"/>
        <response name="T3-SO.txt" type="txt" x="424.0" y="851.0" left_validation="1" right_validation="1" left_pupil_diameter="2.2665443420410156" right_pupil_diameter="2.306597137451172" timestamp="2018-02-26T17:25:57.277-05:00" session_time="29205749431" tracker_time="1519683956831" system_time="1519683957277" nano_time="3928100858081" gazeId="697" duration="1416" path="C:\CodeSummarizationStudy\_tasks\Sequence 1\T3-SO.txt" line_height="22" font_height="14" line="7" col="4" line_base_x="414" line_base_y="837"/>
        <response name="T3-SO.txt" type="txt" x="558.0" y="835.0" left_validation="1" right_validation="1" left_pupil_diameter="2.305167820142663" right_pupil_diameter="2.2473973813264267" timestamp="2018-02-26T17:25:58.693-05:00" session_time="30621436984" tracker_time="1519683958247" system_time="1519683958693" nano_time="3929516545634" gazeId="756" duration="14930" path="C:\CodeSummarizationStudy\_tasks\Sequence 1\T3-SO.txt" line_height="22" font_height="14" line="7" col="13" line_base_x="414" line_base_y="837"/>
        <response name="T3-SO.txt" type="txt" x="522.0" y="846.0" left_validation="1" right_validation="1" left_pupil_diameter="2.382037127459491" right_pupil_diameter="2.3888917145905673" timestamp="2018-02-26T17:26:13.623-05:00" session_time="45552655531" tracker_time="1519683973179" system_time="1519683973623" nano_time="3944447764181" gazeId="778" duration="567" path="C:\CodeSummarizationStudy\_tasks\Sequence 1\T3-SO.txt" line_height="22" font_height="14" line="6" col="7" line_base_x="414" line_base_y="815"/>
        <response name="T3-SO.txt" type="txt" x="522.0" y="921.5" left_validation="1" right_validation="1" left_pupil_diameter="2.06992679172092" right_pupil_diameter="2.502335442437066" timestamp="2018-02-26T17:26:14.19-05:00" session_time="46119273359" tracker_time="1519683973745" system_time="1519683974190" nano_time="3945014382009" gazeId="804" duration="655" path="C:\CodeSummarizationStudy\_tasks\Sequence 1\T3-SO.txt" line_height="22" font_height="14" line="9" col="11" line_base_x="414" line_base_y="881"/>
        <response name="T3-SO.txt" type="txt" x="772.5" y="381.0" left_validation="1" right_validation="1" left_pupil_diameter="2.323160318227915" right_pupil_diameter="2.354498349703275" timestamp="2018-02-26T17:26:14.845-05:00" session_time="46775075777" tracker_time="1519683974395" system_time="1519683974845" nano_time="3945670184427" gazeId="839" duration="5110" path="C:\CodeSummarizationStudy\_tasks\Sequence 1\T3-SO.txt" line_height="22" font_height="14" line="11" col="13" line_base_x="414" line_base_y="925"/>
        <response name="jmeter - java runs jmx disabled action - Stack Overflow" type="browser" x="704.5" y="409.0" left_validation="1" right_validation="1" left_pupil_diameter="2.284623040093316" right_pupil_diameter="2.318851047092014" timestamp="2018-02-26T17:26:19.955-05:00" session_time="51884912764" tracker_time="1519683979511" system_time="1519683979955" nano_time="3950780021414" gazeId="890" duration="284" url="https://stackoverflow.com/questions/40970794/java-runs-jmx-disabled-action/40973807#40973807" Id="40970794">
            <soe part="ANSWER" part_number="1" type="TEXT" type_number="5"/>
        </response>
        <response name="jmeter - java runs jmx disabled action - Stack Overflow" type="browser" x="809.0" y="402.0" left_validation="1" right_validation="1" left_pupil_diameter="2.251512610394022" right_pupil_diameter="2.2713211722995923" timestamp="2018-02-26T17:26:20.239-05:00" session_time="52168289125" tracker_time="1519683979794" system_time="1519683980239" nano_time="3951063397775" gazeId="907" duration="367" url="https://stackoverflow.com/questions/40970794/java-runs-jmx-disabled-action/40973807#40973807" Id="40970794">
            <soe part="ANSWER" part_number="1" type="TEXT" type_number="5"/>
        </response>
        <response name="jmeter - java runs jmx disabled action - Stack Overflow" type="browser" x="753.0" y="427.0" left_validation="1" right_validation="1" left_pupil_diameter="2.2123841785249256" right_pupil_diameter="2.239656720842634" timestamp="2018-02-26T17:26:20.606-05:00" session_time="52535085909" tracker_time="1519683980161" system_time="1519683980606" nano_time="3951430194559" gazeId="929" duration="333" url="https://stackoverflow.com/questions/40970794/java-runs-jmx-disabled-action/40973807#40973807" Id="40970794">
            <soe part="ANSWER" part_number="1" type="CODE" type_number="1"/>
        </response>
        <response name="jmeter - java runs jmx disabled action - Stack Overflow" type="browser" x="756.5" y="341.0" left_validation="1" right_validation="1" left_pupil_diameter="2.2375751071506076" right_pupil_diameter="2.2592476738823786" timestamp="2018-02-26T17:26:20.939-05:00" session_time="52868140045" tracker_time="1519683980494" system_time="1519683980939" nano_time="3951763248695" gazeId="949" duration="301" url="https://stackoverflow.com/questions/40970794/java-runs-jmx-disabled-action/40973807#40973807" Id="40970794">
            <soe part="ANSWER" part_number="1" type="TEXT" type_number="5"/>
        </response>
        <response name="jmeter - java runs jmx disabled action - Stack Overflow" type="browser" x="536.0" y="898.0" left_validation="1" right_validation="1" left_pupil_diameter="2.342789967854818" right_pupil_diameter="2.4175821940104165" timestamp="2018-02-26T17:26:21.24-05:00" session_time="53168636625" tracker_time="1519683980794" system_time="1519683981240" nano_time="3952063745275" gazeId="966" duration="318" url="https://stackoverflow.com/questions/40970794/java-runs-jmx-disabled-action/40973807#40973807" Id="40970794">
            <soe part="ANSWER" part_number="1" type="CODE" type_number="1"/>
        </response>
        <response name="T3-SO.txt" type="txt" x="504.0" y="943.5" left_validation="1" right_validation="1" left_pupil_diameter="2.4394643683182564" right_pupil_diameter="2.4917381688168176" timestamp="2018-02-26T17:26:21.558-05:00" session_time="53486582595" tracker_time="1519683981111" system_time="1519683981558" nano_time="3952381691245" gazeId="977" duration="615" path="C:\CodeSummarizationStudy\_tasks\Sequence 1\T3-SO.txt" line_height="22" font_height="14" line="10" col="10" line_base_x="414" line_base_y="903"/>
        <response name="T3-SO.txt" type="txt" x="588.0" y="940.0" left_validation="1" right_validation="1" left_pupil_diameter="2.5389875932173296" right_pupil_diameter="2.5782526189630683" timestamp="2018-02-26T17:26:22.173-05:00" session_time="54101428084" tracker_time="1519683981728" system_time="1519683982173" nano_time="3952996536734" gazeId="1014" duration="166" path="C:\CodeSummarizationStudy\_tasks\Sequence 1\T3-SO.txt" line_height="22" font_height="14" line="11" col="15" line_base_x="414" line_base_y="925"/>
        <response name="T3-SO.txt" type="txt" x="637.0" y="937.0" left_validation="1" right_validation="1" left_pupil_diameter="2.547015905380249" right_pupil_diameter="2.5798075199127197" timestamp="2018-02-26T17:26:22.339-05:00" session_time="54268216876" tracker_time="1519683981894" system_time="1519683982339" nano_time="3953163325526" gazeId="1024" duration="1183" path="C:\CodeSummarizationStudy\_tasks\Sequence 1\T3-SO.txt" line_height="22" font_height="14" line="11" col="20" line_base_x="414" line_base_y="925"/>
        <response name="T3-SO.txt" type="txt" x="818.0" y="939.0" left_validation="1" right_validation="1" left_pupil_diameter="1.5827319805438702" right_pupil_diameter="2.466008112980769" timestamp="2018-02-26T17:26:23.522-05:00" session_time="55451633230" tracker_time="1519683983077" system_time="1519683983522" nano_time="3954346741880" gazeId="1087" duration="484" path="C:\CodeSummarizationStudy\_tasks\Sequence 1\T3-SO.txt" line_height="22" font_height="14" line="11" col="36" line_base_x="414" line_base_y="925"/>
        <response name="T3-SO.txt" type="txt" x="778.0" y="931.0" left_validation="1" right_validation="1" left_pupil_diameter="1.5849709144005408" right_pupil_diameter="2.4454134427584133" timestamp="2018-02-26T17:26:24.006-05:00" session_time="55934424120" tracker_time="1519683983561" system_time="1519683984006" nano_time="3954829532770" gazeId="1099" duration="633" path="C:\CodeSummarizationStudy\_tasks\Sequence 1\T3-SO.txt" line_height="22" font_height="14" line="11" col="40" line_base_x="414" line_base_y="925"/>
        <response name="T3-SO.txt" type="txt" x="817.0" y="929.0" left_validation="1" right_validation="1" left_pupil_diameter="2.117898941040039" right_pupil_diameter="2.447402000427246" timestamp="2018-02-26T17:26:24.639-05:00" session_time="56567871466" tracker_time="1519683984194" system_time="1519683984639" nano_time="3955462980116" gazeId="1123" duration="1983" path="C:\CodeSummarizationStudy\_tasks\Sequence 1\T3-SO.txt" line_height="22" font_height="14" line="11" col="38" line_base_x="414" line_base_y="925"/>
        <response name="T3-SO.txt" type="txt" x="905.5" y="933.0" left_validation="1" right_validation="1" left_pupil_diameter="2.3039677937825522" right_pupil_diameter="2.34920416937934" timestamp="2018-02-26T17:26:26.622-05:00" session_time="58551414356" tracker_time="1519683986177" system_time="1519683986622" nano_time="3957446523006" gazeId="1139" duration="516" path="C:\CodeSummarizationStudy\_tasks\Sequence 1\T3-SO.txt" line_height="22" font_height="14" line="11" col="43" line_base_x="414" line_base_y="925"/>
        <response name="jmeter - java runs jmx disabled action - Stack Overflow" type="browser" x="854.0" y="455.0" left_validation="1" right_validation="1" left_pupil_diameter="2.2433307354266825" right_pupil_diameter="2.355792705829327" timestamp="2018-02-26T17:26:27.138-05:00" session_time="59067414548" tracker_time="1519683986694" system_time="1519683987138" nano_time="3957962523198" gazeId="1156" duration="200" url="https://stackoverflow.com/questions/40970794/java-runs-jmx-disabled-action/40973807#40973807" Id="40970794">
            <soe part="ANSWER" part_number="1" type="CODE" type_number="2"/>
        </response>
        <response name="jmeter - java runs jmx disabled action - Stack Overflow" type="browser" x="813.0" y="498.0" left_validation="1" right_validation="1" left_pupil_diameter="2.26760746882512" right_pupil_diameter="2.389532235952524" timestamp="2018-02-26T17:26:27.338-05:00" session_time="59267387349" tracker_time="1519683986894" system_time="1519683987338" nano_time="3958162495999" gazeId="1168" duration="217" url="https://stackoverflow.com/questions/40970794/java-runs-jmx-disabled-action/40973807#40973807" Id="40970794">
            <soe part="ANSWER" part_number="1" type="CODE" type_number="1"/>
        </response>
        <response name="jmeter - java runs jmx disabled action - Stack Overflow" type="browser" x="925.5" y="532.5" left_validation="1" right_validation="1" left_pupil_diameter="2.284171694800967" right_pupil_diameter="2.4040636335100447" timestamp="2018-02-26T17:26:27.555-05:00" session_time="59484132869" tracker_time="1519683987110" system_time="1519683987555" nano_time="3958379241519" gazeId="1180" duration="683" url="https://stackoverflow.com/questions/40970794/java-runs-jmx-disabled-action/40973807#40973807" Id="40970794">
            <soe part="ANSWER" part_number="1" type="CODE" type_number="2"/>
        </response>
        <response name="jmeter - java runs jmx disabled action - Stack Overflow" type="browser" x="930.0" y="491.5" left_validation="1" right_validation="1" left_pupil_diameter="2.2519893646240234" right_pupil_diameter="2.3835926055908203" timestamp="2018-02-26T17:26:28.238-05:00" session_time="60167277418" tracker_time="1519683987793" system_time="1519683988238" nano_time="3959062386068" gazeId="1221" duration="116" url="https://stackoverflow.com/questions/40970794/java-runs-jmx-disabled-action/40973807#40973807" Id="40970794">
            <soe part="ANSWER" part_number="1" type="CODE" type_number="2"/>
        </response>
        <response name="jmeter - java runs jmx disabled action - Stack Overflow" type="browser" x="891.0" y="487.0" left_validation="1" right_validation="1" left_pupil_diameter="2.2257217899445565" right_pupil_diameter="2.3558881205897175" timestamp="2018-02-26T17:26:28.354-05:00" session_time="60283975322" tracker_time="1519683987910" system_time="1519683988354" nano_time="3959179083972" gazeId="1228" duration="501" url="https://stackoverflow.com/questions/40970794/java-runs-jmx-disabled-action/40973807#40973807" Id="40970794">
            <soe part="ANSWER" part_number="1" type="CODE" type_number="2"/>
        </response>
        <response name="jmeter - java runs jmx disabled action - Stack Overflow" type="browser" x="871.5" y="380.5" left_validation="1" right_validation="1" left_pupil_diameter="2.2324956258138022" right_pupil_diameter="2.334162394205729" timestamp="2018-02-26T17:26:28.855-05:00" session_time="60783836578" tracker_time="1519683988410" system_time="1519683988855" nano_time="3959678945228" gazeId="1258" duration="83" url="https://stackoverflow.com/questions/40970794/java-runs-jmx-disabled-action/40973807#40973807" Id="40970794">
            <soe part="ANSWER" part_number="1" type="CODE" type_number="2"/>
        </response>
        <response name="jmeter - java runs jmx disabled action - Stack Overflow" type="browser" x="810.5" y="292.5" left_validation="1" right_validation="1" left_pupil_diameter="2.2229490280151367" right_pupil_diameter="2.317744255065918" timestamp="2018-02-26T17:26:28.938-05:00" session_time="60867172691" tracker_time="1519683988493" system_time="1519683988938" nano_time="3959762281341" gazeId="1263" duration="284" url="https://stackoverflow.com/questions/40970794/java-runs-jmx-disabled-action/40973807#40973807" Id="40970794">
            <soe part="ANSWER" part_number="1" type="CODE" type_number="2"/>
        </response>
        <response name="jmeter - java runs jmx disabled action - Stack Overflow" type="browser" x="778.5" y="439.0" left_validation="1" right_validation="1" left_pupil_diameter="2.554814656575521" right_pupil_diameter="2.5752792358398438" timestamp="2018-02-26T17:26:29.271-05:00" session_time="61200263117" tracker_time="1519683988827" system_time="1519683989271" nano_time="3960095371767" gazeId="1281" duration="1034" url="https://stackoverflow.com/questions/40970794/java-runs-jmx-disabled-action/40973807#40973807" Id="40970794">
            <soe part="ANSWER" part_number="1" type="CODE" type_number="2"/>
        </response>
        <response name="jmeter - java runs jmx disabled action - Stack Overflow" type="browser" x="837.0" y="439.0" left_validation="1" right_validation="1" left_pupil_diameter="2.5789127349853516" right_pupil_diameter="2.613626480102539" timestamp="2018-02-26T17:26:30.305-05:00" session_time="62233882967" tracker_time="1519683989860" system_time="1519683990305" nano_time="3961128991617" gazeId="1287" duration="117" url="https://stackoverflow.com/questions/40970794/java-runs-jmx-disabled-action/40973807#40973807" Id="40970794">
            <soe part="ANSWER" part_number="1" type="CODE" type_number="2"/>
        </response>
        <response name="jmeter - java runs jmx disabled action - Stack Overflow" type="browser" x="931.5" y="293.0" left_validation="1" right_validation="1" left_pupil_diameter="2.4570287068684897" right_pupil_diameter="2.5249061584472656" timestamp="2018-02-26T17:26:30.422-05:00" session_time="62350695604" tracker_time="1519683989976" system_time="1519683990422" nano_time="3961245804254" gazeId="1294" duration="200" url="https://stackoverflow.com/questions/40970794/java-runs-jmx-disabled-action/40973807#40973807" Id="40970794">
            <soe part="ANSWER" part_number="1" type="CODE" type_number="2"/>
        </response>
        <response name="jmeter - java runs jmx disabled action - Stack Overflow" type="browser" x="1257.0" y="236.5" left_validation="1" right_validation="1" left_pupil_diameter="2.3775965372721353" right_pupil_diameter="2.5016047159830728" timestamp="2018-02-26T17:26:30.622-05:00" session_time="62551295224" tracker_time="1519683990176" system_time="1519683990622" nano_time="3961446403874" gazeId="1305" duration="949" url="https://stackoverflow.com/questions/40970794/java-runs-jmx-disabled-action/40973807#40973807" Id="40970794">
            <soe part="ANSWER" part_number="1" type="CODE" type_number="1"/>
        </response>
        <response name="jmeter - java runs jmx disabled action - Stack Overflow" type="browser" x="1149.5" y="263.0" left_validation="1" right_validation="1" left_pupil_diameter="2.443511962890625" right_pupil_diameter="2.582194519042969" timestamp="2018-02-26T17:26:31.571-05:00" session_time="63500239547" tracker_time="1519683991126" system_time="1519683991571" nano_time="3962395348197" gazeId="1316" duration="317" url="https://stackoverflow.com/questions/40970794/java-runs-jmx-disabled-action/40973807#40973807" Id="40970794">
            <soe part="ANSWER" part_number="1" type="CODE" type_number="1"/>
        </response>
        <response name="jmeter - java runs jmx disabled action - Stack Overflow" type="browser" x="1245.0" y="375.0" left_validation="1" right_validation="1" left_pupil_diameter="2.4994007457386362" right_pupil_diameter="2.58453369140625" timestamp="2018-02-26T17:26:31.888-05:00" session_time="63817181141" tracker_time="1519683991443" system_time="1519683991888" nano_time="3962712289791" gazeId="1335" duration="1633" url="https://stackoverflow.com/questions/40970794/java-runs-jmx-disabled-action/40973807#40973807" Id="40970794">
            <soe part="ANSWER" part_number="1" type="TEXT" type_number="4"/>
        </response>
        <response name="jmeter - java runs jmx disabled action - Stack Overflow" type="browser" x="807.5" y="520.0" left_validation="1" right_validation="1" left_pupil_diameter="2.5401600428989957" right_pupil_diameter="2.638582502092634" timestamp="2018-02-26T17:26:33.521-05:00" session_time="65450048588" tracker_time="1519683993076" system_time="1519683993521" nano_time="3964345157238" gazeId="1345" duration="217" url="https://stackoverflow.com/questions/40970794/java-runs-jmx-disabled-action/40973807#40973807" Id="40970794">
            <soe part="ANSWER" part_number="1" type="CODE" type_number="2"/>
        </response>
        <response name="jmeter - java runs jmx disabled action - Stack Overflow" type="browser" x="794.0" y="595.0" left_validation="1" right_validation="1" left_pupil_diameter="2.4037138286389803" right_pupil_diameter="2.474184939735814" timestamp="2018-02-26T17:26:33.738-05:00" session_time="65667329286" tracker_time="1519683993293" system_time="1519683993738" nano_time="3964562437936" gazeId="1358" duration="616" url="https://stackoverflow.com/questions/40970794/java-runs-jmx-disabled-action/40973807#40973807" Id="40970794">
            <soe part="ANSWER" part_number="1" type="CODE" type_number="2"/>
        </response>
        <response name="jmeter - java runs jmx disabled action - Stack Overflow" type="browser" x="848.0" y="593.0" left_validation="1" right_validation="1" left_pupil_diameter="2.2616746168870194" right_pupil_diameter="2.379370351938101" timestamp="2018-02-26T17:26:34.354-05:00" session_time="66283192348" tracker_time="1519683993909" system_time="1519683994354" nano_time="3965178300998" gazeId="1395" duration="1117" url="https://stackoverflow.com/questions/40970794/java-runs-jmx-disabled-action/40973807#40973807" Id="40970794">
            <soe part="ANSWER" part_number="1" type="CODE" type_number="2"/>
        </response>
        <response name="jmeter - java runs jmx disabled action - Stack Overflow" type="browser" x="820.0" y="445.5" left_validation="1" right_validation="1" left_pupil_diameter="2.285176086425781" right_pupil_diameter="2.3692947387695313" timestamp="2018-02-26T17:26:35.471-05:00" session_time="67399651987" tracker_time="1519683995026" system_time="1519683995471" nano_time="3966294760637" gazeId="1459" duration="317" url="https://stackoverflow.com/questions/40970794/java-runs-jmx-disabled-action/40973807#40973807" Id="40970794">
            <soe part="ANSWER" part_number="1" type="CODE" type_number="2"/>
        </response>
        <response name="jmeter - java runs jmx disabled action - Stack Overflow" type="browser" x="851.0" y="384.0" left_validation="1" right_validation="1" left_pupil_diameter="2.3004746437072754" right_pupil_diameter="2.393019199371338" timestamp="2018-02-26T17:26:35.788-05:00" session_time="67717035653" tracker_time="1519683995342" system_time="1519683995788" nano_time="3966612144303" gazeId="1478" duration="516" url="https://stackoverflow.com/questions/40970794/java-runs-jmx-disabled-action/40973807#40973807" Id="40970794">
            <soe part="ANSWER" part_number="1" type="CODE" type_number="1"/>
        </response>
        <response name="jmeter - java runs jmx disabled action - Stack Overflow" type="browser" x="834.5" y="466.5" left_validation="1" right_validation="1" left_pupil_diameter="2.2975184122721353" right_pupil_diameter="2.3608245849609375" timestamp="2018-02-26T17:26:36.304-05:00" session_time="68232904616" tracker_time="1519683995859" system_time="1519683996304" nano_time="3967128013266" gazeId="1509" duration="83" url="https://stackoverflow.com/questions/40970794/java-runs-jmx-disabled-action/40973807#40973807" Id="40970794">
            <soe part="ANSWER" part_number="1" type="CODE" type_number="1"/>
        </response>
        <response name="jmeter - java runs jmx disabled action - Stack Overflow" type="browser" x="816.0" y="555.0" left_validation="1" right_validation="1" left_pupil_diameter="2.3025946366159538" right_pupil_diameter="2.3721988075657894" timestamp="2018-02-26T17:26:36.387-05:00" session_time="68316340800" tracker_time="1519683995942" system_time="1519683996387" nano_time="3967211449450" gazeId="1514" duration="300" url="https://stackoverflow.com/questions/40970794/java-runs-jmx-disabled-action/40973807#40973807" Id="40970794">
            <soe part="ANSWER" part_number="1" type="CODE" type_number="2"/>
        </response>
        <response name="jmeter - java runs jmx disabled action - Stack Overflow" type="browser" x="838.0" y="451.0" left_validation="1" right_validation="1" left_pupil_diameter="2.3036581186147838" right_pupil_diameter="2.388445340670072" timestamp="2018-02-26T17:26:36.687-05:00" session_time="68616272510" tracker_time="1519683996242" system_time="1519683996687" nano_time="3967511381160" gazeId="1532" duration="200" url="https://stackoverflow.com/questions/40970794/java-runs-jmx-disabled-action/40973807#40973807" Id="40970794">
            <soe part="ANSWER" part_number="1" type="CODE" type_number="2"/>
        </response>
        <response name="jmeter - java runs jmx disabled action - Stack Overflow" type="browser" x="1099.5" y="344.5" left_validation="1" right_validation="1" left_pupil_diameter="2.2531950814383372" right_pupil_diameter="2.3708648681640625" timestamp="2018-02-26T17:26:36.887-05:00" session_time="68816220018" tracker_time="1519683996442" system_time="1519683996887" nano_time="3967711328668" gazeId="1544" duration="450" url="https://stackoverflow.com/questions/40970794/java-runs-jmx-disabled-action/40973807#40973807" Id="40970794">
            <soe part="ANSWER" part_number="1" type="TEXT" type_number="5"/>
        </response>
        <response name="jmeter - java runs jmx disabled action - Stack Overflow" type="browser" x="912.0" y="423.0" left_validation="1" right_validation="1" left_pupil_diameter="2.217259333683894" right_pupil_diameter="2.32553217961238" timestamp="2018-02-26T17:26:37.337-05:00" session_time="69266019345" tracker_time="1519683996892" system_time="1519683997337" nano_time="3968161127995" gazeId="1571" duration="216" url="https://stackoverflow.com/questions/40970794/java-runs-jmx-disabled-action/40973807#40973807" Id="40970794">
            <soe part="ANSWER" part_number="1" type="CODE" type_number="1"/>
        </response>
        <response name="jmeter - java runs jmx disabled action - Stack Overflow" type="browser" x="869.0" y="236.0" left_validation="1" right_validation="1" left_pupil_diameter="2.244561331612723" right_pupil_diameter="2.3537713913690474" timestamp="2018-02-26T17:26:37.553-05:00" session_time="69482730775" tracker_time="1519683997109" system_time="1519683997553" nano_time="3968377839425" gazeId="1583" duration="333" url="https://stackoverflow.com/questions/40970794/java-runs-jmx-disabled-action/40973807#40973807" Id="40970794">
            <soe part="ANSWER" part_number="1" type="TEXT" type_number="5"/>
        </response>
        <response name="jmeter - java runs jmx disabled action - Stack Overflow" type="browser" x="938.0" y="236.0" left_validation="1" right_validation="1" left_pupil_diameter="2.310400826590402" right_pupil_diameter="2.4031620570591516" timestamp="2018-02-26T17:26:37.886-05:00" session_time="69815977722" tracker_time="1519683997442" system_time="1519683997886" nano_time="3968711086372" gazeId="1603" duration="585" url="https://stackoverflow.com/questions/40970794/java-runs-jmx-disabled-action/40973807#40973807" Id="40970794">
            <soe part="ANSWER" part_number="1" type="TEXT" type_number="1"/>
        </response>
        <response name="jmeter - java runs jmx disabled action - Stack Overflow" type="browser" x="1077.5" y="316.5" left_validation="1" right_validation="1" left_pupil_diameter="2.384902000427246" right_pupil_diameter="2.4853649139404297" timestamp="2018-02-26T17:26:38.471-05:00" session_time="70399274796" tracker_time="1519683998025" system_time="1519683998471" nano_time="3969294383446" gazeId="1637" duration="249" url="https://stackoverflow.com/questions/40970794/java-runs-jmx-disabled-action/40973807#40973807" Id="40970794">
            <soe part="ANSWER" part_number="1" type="TEXT" type_number="2"/>
        </response>
        <response name="jmeter - java runs jmx disabled action - Stack Overflow" type="browser" x="856.0" y="399.0" left_validation="1" right_validation="1" left_pupil_diameter="2.3303319295247396" right_pupil_diameter="2.450153096516927" timestamp="2018-02-26T17:26:38.72-05:00" session_time="70649198093" tracker_time="1519683998275" system_time="1519683998720" nano_time="3969544306743" gazeId="1652" duration="484" url="https://stackoverflow.com/questions/40970794/java-runs-jmx-disabled-action/40973807#40973807" Id="40970794">
            <soe part="ANSWER" part_number="1" type="TEXT" type_number="5"/>
        </response>
        <response name="jmeter - java runs jmx disabled action - Stack Overflow" type="browser" x="838.0" y="492.0" left_validation="1" right_validation="1" left_pupil_diameter="2.347845458984375" right_pupil_diameter="2.429266357421875" timestamp="2018-02-26T17:26:39.204-05:00" session_time="71132499603" tracker_time="1519683998759" system_time="1519683999204" nano_time="3970027608253" gazeId="1681" duration="66" url="https://stackoverflow.com/questions/40970794/java-runs-jmx-disabled-action/40973807#40973807" Id="40970794">
            <soe part="ANSWER" part_number="1" type="CODE" type_number="2"/>
        </response>
        <response name="jmeter - java runs jmx disabled action - Stack Overflow" type="browser" x="822.5" y="569.0" left_validation="1" right_validation="1" left_pupil_diameter="2.3750343322753906" right_pupil_diameter="2.424462636311849" timestamp="2018-02-26T17:26:39.27-05:00" session_time="71199104419" tracker_time="1519683998825" system_time="1519683999270" nano_time="3970094213069" gazeId="1685" duration="183" url="https://stackoverflow.com/questions/40970794/java-runs-jmx-disabled-action/40973807#40973807" Id="40970794">
            <soe part="ANSWER" part_number="1" type="CODE" type_number="2"/>
        </response>
        <response name="jmeter - java runs jmx disabled action - Stack Overflow" type="browser" x="754.0" y="588.0" left_validation="1" right_validation="1" left_pupil_diameter="2.337011483999399" right_pupil_diameter="2.3964080810546875" timestamp="2018-02-26T17:26:39.453-05:00" session_time="71382477518" tracker_time="1519683999009" system_time="1519683999453" nano_time="3970277586168" gazeId="1696" duration="417" url="https://stackoverflow.com/questions/40970794/java-runs-jmx-disabled-action/40973807#40973807" Id="40970794">
            <soe part="ANSWER" part_number="1" type="CODE" type_number="2"/>
        </response>
        <response name="jmeter - java runs jmx disabled action - Stack Overflow" type="browser" x="767.0" y="485.0" left_validation="1" right_validation="1" left_pupil_diameter="2.34617919921875" right_pupil_diameter="2.405816650390625" timestamp="2018-02-26T17:26:39.87-05:00" session_time="71799042250" tracker_time="1519683999425" system_time="1519683999870" nano_time="3970694150900" gazeId="1721" duration="67" url="https://stackoverflow.com/questions/40970794/java-runs-jmx-disabled-action/40973807#40973807" Id="40970794">
            <soe part="ANSWER" part_number="1" type="CODE" type_number="2"/>
        </response>
        <response name="jmeter - java runs jmx disabled action - Stack Overflow" type="browser" x="804.0" y="373.0" left_validation="1" right_validation="1" left_pupil_diameter="2.363010951450893" right_pupil_diameter="2.4187135242280506" timestamp="2018-02-26T17:26:39.97-05:00" session_time="71899026451" tracker_time="1519683999525" system_time="1519683999970" nano_time="3970794135101" gazeId="1727" duration="333" url="https://stackoverflow.com/questions/40970794/java-runs-jmx-disabled-action/40973807#40973807" Id="40970794">
            <soe part="ANSWER" part_number="1" type="CODE" type_number="1"/>
        </response>
        <response name="jmeter - java runs jmx disabled action - Stack Overflow" type="browser" x="835.5" y="227.5" left_validation="1" right_validation="1" left_pupil_diameter="2.4163131713867188" right_pupil_diameter="2.51314205593533" timestamp="2018-02-26T17:26:40.303-05:00" session_time="72232387032" tracker_time="1519683999859" system_time="1519684000303" nano_time="3971127495682" gazeId="1747" duration="284" url="https://stackoverflow.com/questions/40970794/java-runs-jmx-disabled-action/40973807#40973807" Id="40970794">
            <soe part="ANSWER" part_number="1" type="TEXT" type_number="3"/>
        </response>
        <response name="jmeter - java runs jmx disabled action - Stack Overflow" type="browser" x="756.0" y="235.0" left_validation="1" right_validation="1" left_pupil_diameter="2.4576263427734375" right_pupil_diameter="2.5883249918619793" timestamp="2018-02-26T17:26:40.587-05:00" session_time="72515677985" tracker_time="1519684000142" system_time="1519684000587" nano_time="3971410786635" gazeId="1764" duration="1955" url="https://stackoverflow.com/questions/40970794/java-runs-jmx-disabled-action/40973807#40973807" Id="40970794">
            <soe part="ANSWER" part_number="1" type="TEXT" type_number="1"/>
        </response>
        <response name="jmeter - java runs jmx disabled action - Stack Overflow" type="browser" x="761.0" y="276.0" left_validation="1" right_validation="1" left_pupil_diameter="2.53433837890625" right_pupil_diameter="2.672491455078125" timestamp="2018-02-26T17:26:42.542-05:00" session_time="74471169083" tracker_time="1519684002092" system_time="1519684002542" nano_time="3973366277733" gazeId="1853" duration="61" url="https://stackoverflow.com/questions/40970794/java-runs-jmx-disabled-action/40973807#40973807" Id="40970794">
            <soe part="ANSWER" part_number="1" type="TEXT" type_number="2"/>
        </response>
        <response name="jmeter - java runs jmx disabled action - Stack Overflow" type="browser" x="777.0" y="312.0" left_validation="1" right_validation="1" left_pupil_diameter="2.4527613942216084" right_pupil_diameter="2.5775354897103657" timestamp="2018-02-26T17:26:42.603-05:00" session_time="74532037590" tracker_time="1519684002158" system_time="1519684002603" nano_time="3973427146240" gazeId="1857" duration="666" url="https://stackoverflow.com/questions/40970794/java-runs-jmx-disabled-action/40973807#40973807" Id="40970794">
            <soe part="ANSWER" part_number="1" type="TEXT" type_number="2"/>
        </response>
        <response name="jmeter - java runs jmx disabled action - Stack Overflow" type="browser" x="832.5" y="307.0" left_validation="1" right_validation="1" left_pupil_diameter="2.3769318716866628" right_pupil_diameter="2.476305825369699" timestamp="2018-02-26T17:26:43.269-05:00" session_time="75198595633" tracker_time="1519684002825" system_time="1519684003269" nano_time="3974093704283" gazeId="1897" duration="451" url="https://stackoverflow.com/questions/40970794/java-runs-jmx-disabled-action/40973807#40973807" Id="40970794">
            <soe part="ANSWER" part_number="1" type="TEXT" type_number="3"/>
        </response>
    </gazes>
</itrace-records>
