<?xml version="1.0" encoding="UTF-8" standalone="yes"?>
<itrace-records>
    <environment>
        <screen-size width="1920" height="1080"/>
    </environment>
    <gazes>
        <response name="T8-SO.txt" type="txt" x="723.0" y="716.0" left_validation="1" right_validation="1" left_pupil_diameter="2.8493639628092446" right_pupil_diameter="2.676530202229818" timestamp="2018-04-25T15:10:22.843-05:00" session_time="2871324631" tracker_time="1524683416775" system_time="1524683422843" nano_time="953258786580129" gazeId="5" duration="278" path="C:\CodeSummarizationStudy\_tasks\Sequence 6\T8-SO.txt" line_height="22" font_height="14" line="1" col="32" line_base_x="414" line_base_y="700"/>
        <response name="T8-SO.txt" type="txt" x="785.0" y="703.0" left_validation="1" right_validation="1" left_pupil_diameter="2.855438232421875" right_pupil_diameter="2.6792144775390625" timestamp="2018-04-25T15:10:23.121-05:00" session_time="3149671616" tracker_time="1524683417059" system_time="1524683423121" nano_time="953259064927114" gazeId="16" duration="166" path="C:\CodeSummarizationStudy\_tasks\Sequence 6\T8-SO.txt" line_height="22" font_height="14" line="1" col="34" line_base_x="414" line_base_y="700"/>
        <response name="T8-SO.txt" type="txt" x="715.0" y="817.0" left_validation="1" right_validation="1" left_pupil_diameter="2.9210696750217013" right_pupil_diameter="2.7467914157443576" timestamp="2018-04-25T15:10:23.287-05:00" session_time="3315879165" tracker_time="1524683417225" system_time="1524683423287" nano_time="953259231134663" gazeId="26" duration="667" path="C:\CodeSummarizationStudy\_tasks\Sequence 6\T8-SO.txt" line_height="22" font_height="14" line="1" col="38" line_base_x="414" line_base_y="700"/>
        <response name="T8-SO.txt" type="txt" x="791.0" y="827.0" left_validation="1" right_validation="1" left_pupil_diameter="2.9402759693287037" right_pupil_diameter="2.7466487178096064" timestamp="2018-04-25T15:10:23.954-05:00" session_time="3982498179" tracker_time="1524683417892" system_time="1524683423954" nano_time="953259897753677" gazeId="43" duration="600" path="C:\CodeSummarizationStudy\_tasks\Sequence 6\T8-SO.txt" line_height="22" font_height="14" line="6" col="32" line_base_x="414" line_base_y="810"/>
        <response name="T8-SO.txt" type="txt" x="549.0" y="842.0" left_validation="1" right_validation="1" left_pupil_diameter="2.875627459901752" right_pupil_diameter="2.7568007960464014" timestamp="2018-04-25T15:10:24.554-05:00" session_time="4582467975" tracker_time="1524683418492" system_time="1524683424554" nano_time="953260497723473" gazeId="69" duration="533" path="C:\CodeSummarizationStudy\_tasks\Sequence 6\T8-SO.txt" line_height="22" font_height="14" line="7" col="28" line_base_x="414" line_base_y="832"/>
        <response name="T8-SO.txt" type="txt" x="501.0" y="754.0" left_validation="1" right_validation="1" left_pupil_diameter="2.885865953233507" right_pupil_diameter="2.758855183919271" timestamp="2018-04-25T15:10:25.087-05:00" session_time="5115548088" tracker_time="1524683419025" system_time="1524683425087" nano_time="953261030803586" gazeId="101" duration="283" path="C:\CodeSummarizationStudy\_tasks\Sequence 6\T8-SO.txt" line_height="22" font_height="14" line="6" col="13" line_base_x="414" line_base_y="810"/>
        <response name="T8-SO.txt" type="txt" x="818.5" y="715.0" left_validation="1" right_validation="1" left_pupil_diameter="2.904754638671875" right_pupil_diameter="2.736957005092076" timestamp="2018-04-25T15:10:25.37-05:00" session_time="5398950316" tracker_time="1524683419308" system_time="1524683425370" nano_time="953261314205814" gazeId="109" duration="1784" path="C:\CodeSummarizationStudy\_tasks\Sequence 6\T8-SO.txt" line_height="22" font_height="14" line="3" col="11" line_base_x="414" line_base_y="744"/>
        <response name="T8-SO.txt" type="txt" x="527.0" y="837.0" left_validation="1" right_validation="1" left_pupil_diameter="3.077581787109375" right_pupil_diameter="2.8870330810546876" timestamp="2018-04-25T15:10:27.187-05:00" session_time="7215527597" tracker_time="1524683421125" system_time="1524683427187" nano_time="953263130783095" gazeId="124" duration="233" path="C:\CodeSummarizationStudy\_tasks\Sequence 6\T8-SO.txt" line_height="22" font_height="14" line="6" col="28" line_base_x="414" line_base_y="810"/>
        <response name="T8-SO.txt" type="txt" x="455.0" y="842.0" left_validation="1" right_validation="1" left_pupil_diameter="3.180090767996652" right_pupil_diameter="2.9671687534877234" timestamp="2018-04-25T15:10:27.42-05:00" session_time="7448661851" tracker_time="1524683421358" system_time="1524683427420" nano_time="953263363917349" gazeId="138" duration="1834" path="C:\CodeSummarizationStudy\_tasks\Sequence 6\T8-SO.txt" line_height="22" font_height="14" line="7" col="9" line_base_x="414" line_base_y="832"/>
        <response name="T8-SO.txt" type="txt" x="907.0" y="566.0" left_validation="1" right_validation="1" left_pupil_diameter="3.2059103158804088" right_pupil_diameter="3.02398681640625" timestamp="2018-04-25T15:10:29.254-05:00" session_time="9282472263" tracker_time="1524683423191" system_time="1524683429254" nano_time="953265197727761" gazeId="172" duration="11181" path="C:\CodeSummarizationStudy\_tasks\Sequence 6\T8-SO.txt" line_height="22" font_height="14" line="7" col="8" line_base_x="414" line_base_y="832"/>
        <response name="netbeans platform - Dynamically Remove Node from ChildFactory.Detachable - Stack Overflow" type="browser" x="624.5" y="824.5" left_validation="1" right_validation="1" left_pupil_diameter="2.934358770197088" right_pupil_diameter="2.783109491521662" timestamp="2018-04-25T15:10:40.435-05:00" session_time="20463633668" tracker_time="1524683434373" system_time="1524683440435" nano_time="953276378889166" gazeId="184" duration="833" url="https://stackoverflow.com/questions/31539964/dynamically-remove-node-from-childfactory-detachable" Id="31539964">
            <soe part="QUESTION" part_number="1" type="CODE" type_number="4"/>
        </response>
        <response name="T8-SO.txt" type="txt" x="769.0" y="704.0" left_validation="1" right_validation="1" left_pupil_diameter="2.9010353088378906" right_pupil_diameter="2.7658281326293945" timestamp="2018-04-25T15:10:41.268-05:00" session_time="21296715357" tracker_time="1524683435206" system_time="1524683441268" nano_time="953277211970855" gazeId="205" duration="250" path="C:\CodeSummarizationStudy\_tasks\Sequence 6\T8-SO.txt" line_height="22" font_height="14" line="1" col="32" line_base_x="414" line_base_y="700"/>
        <response name="T8-SO.txt" type="txt" x="858.0" y="708.0" left_validation="1" right_validation="1" left_pupil_diameter="2.9268423227163463" right_pupil_diameter="2.7629852294921875" timestamp="2018-04-25T15:10:41.518-05:00" session_time="21546604747" tracker_time="1524683435456" system_time="1524683441518" nano_time="953277461860245" gazeId="220" duration="200" path="C:\CodeSummarizationStudy\_tasks\Sequence 6\T8-SO.txt" line_height="22" font_height="14" line="1" col="39" line_base_x="414" line_base_y="700"/>
        <response name="T8-SO.txt" type="txt" x="942.5" y="702.0" left_validation="1" right_validation="1" left_pupil_diameter="2.933612060546875" right_pupil_diameter="2.742767333984375" timestamp="2018-04-25T15:10:41.718-05:00" session_time="21746553502" tracker_time="1524683435656" system_time="1524683441718" nano_time="953277661809000" gazeId="232" duration="716" path="C:\CodeSummarizationStudy\_tasks\Sequence 6\T8-SO.txt" line_height="22" font_height="14" line="1" col="48" line_base_x="414" line_base_y="700"/>
        <response name="T8-SO.txt" type="txt" x="907.5" y="700.0" left_validation="1" right_validation="1" left_pupil_diameter="2.866399129231771" right_pupil_diameter="2.7206738789876304" timestamp="2018-04-25T15:10:42.434-05:00" session_time="22463156772" tracker_time="1524683436373" system_time="1524683442434" nano_time="953278378412270" gazeId="251" duration="1600" path="C:\CodeSummarizationStudy\_tasks\Sequence 6\T8-SO.txt" line_height="22" font_height="14" line="1" col="50" line_base_x="414" line_base_y="700"/>
        <response name="netbeans platform - Dynamically Remove Node from ChildFactory.Detachable - Stack Overflow" type="browser" x="872.0" y="549.5" left_validation="1" right_validation="1" left_pupil_diameter="2.8805211385091147" right_pupil_diameter="2.751530965169271" timestamp="2018-04-25T15:10:44.034-05:00" session_time="24063086246" tracker_time="1524683437973" system_time="1524683444034" nano_time="953279978341744" gazeId="262" duration="717" url="https://stackoverflow.com/questions/31539964/dynamically-remove-node-from-childfactory-detachable" Id="31539964">
            <soe part="QUESTION" part_number="1" type="CODE" type_number="4"/>
        </response>
        <response name="netbeans platform - Dynamically Remove Node from ChildFactory.Detachable - Stack Overflow" type="browser" x="937.0" y="459.0" left_validation="1" right_validation="1" left_pupil_diameter="2.968197909268466" right_pupil_diameter="2.8095841841264204" timestamp="2018-04-25T15:10:44.751-05:00" session_time="24779736435" tracker_time="1524683438689" system_time="1524683444751" nano_time="953280694991933" gazeId="267" duration="850" url="https://stackoverflow.com/questions/31539964/dynamically-remove-node-from-childfactory-detachable" Id="31539964">
            <soe part="QUESTION" part_number="1" type="TEXT" type_number="1"/>
        </response>
        <response name="netbeans platform - Dynamically Remove Node from ChildFactory.Detachable - Stack Overflow" type="browser" x="963.0" y="492.0" left_validation="1" right_validation="1" left_pupil_diameter="2.933295113699777" right_pupil_diameter="2.783200945172991" timestamp="2018-04-25T15:10:45.601-05:00" session_time="25629423337" tracker_time="1524683439539" system_time="1524683445601" nano_time="953281544678835" gazeId="277" duration="100" url="https://stackoverflow.com/questions/31539964/dynamically-remove-node-from-childfactory-detachable" Id="31539964">
            <soe part="QUESTION" part_number="1" type="TEXT" type_number="1"/>
        </response>
        <response name="netbeans platform - Dynamically Remove Node from ChildFactory.Detachable - Stack Overflow" type="browser" x="910.0" y="539.0" left_validation="1" right_validation="1" left_pupil_diameter="2.8923041025797525" right_pupil_diameter="2.7553183237711587" timestamp="2018-04-25T15:10:45.701-05:00" session_time="25729464062" tracker_time="1524683439639" system_time="1524683445701" nano_time="953281644719560" gazeId="283" duration="400" url="https://stackoverflow.com/questions/31539964/dynamically-remove-node-from-childfactory-detachable" Id="31539964">
            <soe part="QUESTION" part_number="1" type="TEXT" type_number="2"/>
        </response>
        <response name="netbeans platform - Dynamically Remove Node from ChildFactory.Detachable - Stack Overflow" type="browser" x="878.5" y="518.0" left_validation="1" right_validation="1" left_pupil_diameter="2.8798631940569197" right_pupil_diameter="2.731927054268973" timestamp="2018-04-25T15:10:46.101-05:00" session_time="26129391996" tracker_time="1524683440039" system_time="1524683446101" nano_time="953282044647494" gazeId="306" duration="300" url="https://stackoverflow.com/questions/31539964/dynamically-remove-node-from-childfactory-detachable" Id="31539964">
            <soe part="QUESTION" part_number="1" type="CODE" type_number="2"/>
        </response>
        <response name="netbeans platform - Dynamically Remove Node from ChildFactory.Detachable - Stack Overflow" type="browser" x="835.0" y="503.0" left_validation="1" right_validation="1" left_pupil_diameter="2.8671661376953126" right_pupil_diameter="2.74332275390625" timestamp="2018-04-25T15:10:46.401-05:00" session_time="26429393939" tracker_time="1524683440339" system_time="1524683446401" nano_time="953282344649437" gazeId="319" duration="100" url="https://stackoverflow.com/questions/31539964/dynamically-remove-node-from-childfactory-detachable" Id="31539964">
            <soe part="QUESTION" part_number="1" type="CODE" type_number="2"/>
        </response>
        <response name="netbeans platform - Dynamically Remove Node from ChildFactory.Detachable - Stack Overflow" type="browser" x="767.0" y="479.0" left_validation="1" right_validation="1" left_pupil_diameter="2.8490995209792565" right_pupil_diameter="2.727088138974946" timestamp="2018-04-25T15:10:46.501-05:00" session_time="26529483417" tracker_time="1524683440439" system_time="1524683446501" nano_time="953282444738915" gazeId="323" duration="566" url="https://stackoverflow.com/questions/31539964/dynamically-remove-node-from-childfactory-detachable" Id="31539964">
            <soe part="QUESTION" part_number="1" type="CODE" type_number="2"/>
        </response>
        <response name="netbeans platform - Dynamically Remove Node from ChildFactory.Detachable - Stack Overflow" type="browser" x="822.0" y="585.0" left_validation="1" right_validation="1" left_pupil_diameter="2.8731863839285716" right_pupil_diameter="2.7304796491350447" timestamp="2018-04-25T15:10:47.067-05:00" session_time="27095913248" tracker_time="1524683441006" system_time="1524683447067" nano_time="953283011168746" gazeId="351" duration="101" url="https://stackoverflow.com/questions/31539964/dynamically-remove-node-from-childfactory-detachable" Id="31539964">
            <soe part="QUESTION" part_number="1" type="CODE" type_number="4"/>
        </response>
        <response name="netbeans platform - Dynamically Remove Node from ChildFactory.Detachable - Stack Overflow" type="browser" x="885.0" y="659.0" left_validation="1" right_validation="1" left_pupil_diameter="2.8226209368024553" right_pupil_diameter="2.720923287527902" timestamp="2018-04-25T15:10:47.168-05:00" session_time="27195899722" tracker_time="1524683441105" system_time="1524683447168" nano_time="953283111155220" gazeId="357" duration="1199" url="https://stackoverflow.com/questions/31539964/dynamically-remove-node-from-childfactory-detachable" Id="31539964">
            <soe part="QUESTION" part_number="1" type="CODE" type_number="4"/>
        </response>
        <response name="netbeans platform - Dynamically Remove Node from ChildFactory.Detachable - Stack Overflow" type="browser" x="1058.0" y="643.0" left_validation="1" right_validation="1" left_pupil_diameter="2.7860612135667067" right_pupil_diameter="2.629327627328726" timestamp="2018-04-25T15:10:48.367-05:00" session_time="28396006465" tracker_time="1524683442305" system_time="1524683448367" nano_time="953284311261963" gazeId="363" duration="817" url="https://stackoverflow.com/questions/31539964/dynamically-remove-node-from-childfactory-detachable" Id="31539964">
            <soe part="QUESTION" part_number="1" type="CODE" type_number="4"/>
        </response>
        <response name="netbeans platform - Dynamically Remove Node from ChildFactory.Detachable - Stack Overflow" type="browser" x="849.5" y="532.5" left_validation="1" right_validation="1" left_pupil_diameter="2.7809230259486606" right_pupil_diameter="2.609264918736049" timestamp="2018-04-25T15:10:49.184-05:00" session_time="29212361243" tracker_time="1524683443122" system_time="1524683449184" nano_time="953285127616741" gazeId="375" duration="450" url="https://stackoverflow.com/questions/31539964/dynamically-remove-node-from-childfactory-detachable" Id="31539964">
            <soe part="QUESTION" part_number="1" type="TEXT" type_number="5"/>
        </response>
        <response name="netbeans platform - Dynamically Remove Node from ChildFactory.Detachable - Stack Overflow" type="browser" x="826.0" y="574.0" left_validation="1" right_validation="1" left_pupil_diameter="2.7709543328536186" right_pupil_diameter="2.6062469482421875" timestamp="2018-04-25T15:10:49.634-05:00" session_time="29662190957" tracker_time="1524683443572" system_time="1524683449634" nano_time="953285577446455" gazeId="402" duration="300" url="https://stackoverflow.com/questions/31539964/dynamically-remove-node-from-childfactory-detachable" Id="31539964">
            <soe part="QUESTION" part_number="1" type="TEXT" type_number="4"/>
        </response>
        <response name="netbeans platform - Dynamically Remove Node from ChildFactory.Detachable - Stack Overflow" type="browser" x="897.0" y="552.0" left_validation="1" right_validation="1" left_pupil_diameter="2.684539794921875" right_pupil_diameter="2.560433780445772" timestamp="2018-04-25T15:10:49.934-05:00" session_time="29962220025" tracker_time="1524683443872" system_time="1524683449934" nano_time="953285877475523" gazeId="420" duration="267" url="https://stackoverflow.com/questions/31539964/dynamically-remove-node-from-childfactory-detachable" Id="31539964">
            <soe part="QUESTION" part_number="1" type="TEXT" type_number="4"/>
        </response>
        <response name="netbeans platform - Dynamically Remove Node from ChildFactory.Detachable - Stack Overflow" type="browser" x="965.5" y="540.0" left_validation="1" right_validation="1" left_pupil_diameter="2.665471394856771" right_pupil_diameter="2.5055948893229165" timestamp="2018-04-25T15:10:50.201-05:00" session_time="30229256405" tracker_time="1524683444138" system_time="1524683450201" nano_time="953286144511903" gazeId="436" duration="299" url="https://stackoverflow.com/questions/31539964/dynamically-remove-node-from-childfactory-detachable" Id="31539964">
            <soe part="QUESTION" part_number="1" type="TEXT" type_number="4"/>
        </response>
        <response name="netbeans platform - Dynamically Remove Node from ChildFactory.Detachable - Stack Overflow" type="browser" x="902.5" y="422.0" left_validation="1" right_validation="1" left_pupil_diameter="2.6908226013183594" right_pupil_diameter="2.5003604888916016" timestamp="2018-04-25T15:10:50.534-05:00" session_time="30562060058" tracker_time="1524683444472" system_time="1524683450534" nano_time="953286477315556" gazeId="449" duration="300" url="https://stackoverflow.com/questions/31539964/dynamically-remove-node-from-childfactory-detachable" Id="31539964">
            <soe part="QUESTION" part_number="1" type="CODE" type_number="4"/>
        </response>
        <response name="netbeans platform - Dynamically Remove Node from ChildFactory.Detachable - Stack Overflow" type="browser" x="1063.0" y="700.0" left_validation="1" right_validation="1" left_pupil_diameter="2.8075131503018467" right_pupil_diameter="2.6259210759943183" timestamp="2018-04-25T15:10:50.834-05:00" session_time="30861985756" tracker_time="1524683444772" system_time="1524683450834" nano_time="953286777241254" gazeId="464" duration="1733" url="https://stackoverflow.com/questions/31539964/dynamically-remove-node-from-childfactory-detachable" Id="31539964">
            <soe part="QUESTION" part_number="1" type="TEXT" type_number="4"/>
        </response>
        <response name="T8-SO.txt" type="txt" x="576.5" y="714.5" left_validation="1" right_validation="1" left_pupil_diameter="2.8512769426618303" right_pupil_diameter="2.726252964564732" timestamp="2018-04-25T15:10:52.567-05:00" session_time="32595204503" tracker_time="1524683446505" system_time="1524683452567" nano_time="953288510460001" gazeId="474" duration="484" path="C:\CodeSummarizationStudy\_tasks\Sequence 6\T8-SO.txt" line_height="22" font_height="14" line="1" col="65" line_base_x="414" line_base_y="700"/>
        <response name="T8-SO.txt" type="txt" x="624.5" y="703.0" left_validation="1" right_validation="1" left_pupil_diameter="2.796897194602273" right_pupil_diameter="2.6765982887961646" timestamp="2018-04-25T15:10:53.051-05:00" session_time="33079174607" tracker_time="1524683446988" system_time="1524683453051" nano_time="953288994430105" gazeId="487" duration="382" path="C:\CodeSummarizationStudy\_tasks\Sequence 6\T8-SO.txt" line_height="22" font_height="14" line="1" col="18" line_base_x="414" line_base_y="700"/>
        <response name="T8-SO.txt" type="txt" x="536.0" y="714.0" left_validation="1" right_validation="1" left_pupil_diameter="2.8224639892578125" right_pupil_diameter="2.679954197095788" timestamp="2018-04-25T15:10:53.433-05:00" session_time="33461739647" tracker_time="1524683447371" system_time="1524683453433" nano_time="953289376995145" gazeId="508" duration="416" path="C:\CodeSummarizationStudy\_tasks\Sequence 6\T8-SO.txt" line_height="22" font_height="14" line="1" col="17" line_base_x="414" line_base_y="700"/>
        <response name="T8-SO.txt" type="txt" x="751.0" y="700.0" left_validation="1" right_validation="1" left_pupil_diameter="2.8319107055664063" right_pupil_diameter="2.6624237060546876" timestamp="2018-04-25T15:10:53.849-05:00" session_time="33878433714" tracker_time="1524683447788" system_time="1524683453849" nano_time="953289793689212" gazeId="530" duration="285" path="C:\CodeSummarizationStudy\_tasks\Sequence 6\T8-SO.txt" line_height="22" font_height="14" line="1" col="25" line_base_x="414" line_base_y="700"/>
        <response name="netbeans platform - Dynamically Remove Node from ChildFactory.Detachable - Stack Overflow" type="browser" x="812.0" y="530.0" left_validation="1" right_validation="1" left_pupil_diameter="2.7459041888897238" right_pupil_diameter="2.591903099646935" timestamp="2018-04-25T15:10:54.134-05:00" session_time="34161889461" tracker_time="1524683448071" system_time="1524683454134" nano_time="953290077144959" gazeId="539" duration="782" url="https://stackoverflow.com/questions/31539964/dynamically-remove-node-from-childfactory-detachable" Id="31539964">
            <soe part="QUESTION" part_number="1" type="TEXT" type_number="6"/>
        </response>
        <response name="netbeans platform - Dynamically Remove Node from ChildFactory.Detachable - Stack Overflow" type="browser" x="746.0" y="604.0" left_validation="1" right_validation="1" left_pupil_diameter="2.716948936725485" right_pupil_diameter="2.559992296942349" timestamp="2018-04-25T15:10:54.916-05:00" session_time="34944814977" tracker_time="1524683448855" system_time="1524683454916" nano_time="953290860070475" gazeId="564" duration="467" url="https://stackoverflow.com/questions/31539964/dynamically-remove-node-from-childfactory-detachable" Id="31539964">
            <soe part="QUESTION" part_number="1" type="TEXT" type_number="3"/>
        </response>
        <response name="netbeans platform - Dynamically Remove Node from ChildFactory.Detachable - Stack Overflow" type="browser" x="875.0" y="460.0" left_validation="1" right_validation="1" left_pupil_diameter="2.7635841369628906" right_pupil_diameter="2.59771728515625" timestamp="2018-04-25T15:10:55.433-05:00" session_time="35461630412" tracker_time="1524683449371" system_time="1524683455433" nano_time="953291376885910" gazeId="595" duration="50" url="https://stackoverflow.com/questions/31539964/dynamically-remove-node-from-childfactory-detachable" Id="31539964">
            <soe part="QUESTION" part_number="1" type="CODE" type_number="4"/>
        </response>
        <response name="netbeans platform - Dynamically Remove Node from ChildFactory.Detachable - Stack Overflow" type="browser" x="855.0" y="317.5" left_validation="1" right_validation="1" left_pupil_diameter="2.8439995447794595" right_pupil_diameter="2.6728127797444663" timestamp="2018-04-25T15:10:55.483-05:00" session_time="35511436520" tracker_time="1524683449421" system_time="1524683455483" nano_time="953291426692018" gazeId="598" duration="784" url="https://stackoverflow.com/questions/31539964/dynamically-remove-node-from-childfactory-detachable" Id="31539964">
            <soe part="QUESTION" part_number="1" type="CODE" type_number="4"/>
        </response>
        <response name="netbeans platform - Dynamically Remove Node from ChildFactory.Detachable - Stack Overflow" type="browser" x="809.0" y="338.0" left_validation="1" right_validation="1" left_pupil_diameter="2.9578450520833335" right_pupil_diameter="2.7988179524739585" timestamp="2018-04-25T15:10:56.267-05:00" session_time="36294928372" tracker_time="1524683450204" system_time="1524683456267" nano_time="953292210183870" gazeId="645" duration="3565" url="https://stackoverflow.com/questions/31539964/dynamically-remove-node-from-childfactory-detachable" Id="31539964">
            <soe part="QUESTION" part_number="1" type="CODE" type_number="4"/>
        </response>
        <response name="netbeans platform - Dynamically Remove Node from ChildFactory.Detachable - Stack Overflow" type="browser" x="741.5" y="215.0" left_validation="1" right_validation="1" left_pupil_diameter="3.1017273494175504" right_pupil_diameter="2.9752774919782365" timestamp="2018-04-25T15:10:59.882-05:00" session_time="39910921281" tracker_time="1524683453821" system_time="1524683459882" nano_time="953295826176779" gazeId="656" duration="1283" url="https://stackoverflow.com/questions/31539964/dynamically-remove-node-from-childfactory-detachable" Id="31539964">
            <soe part="QUESTION" part_number="1" type="TITLE" type_number="1"/>
        </response>
        <response name="netbeans platform - Dynamically Remove Node from ChildFactory.Detachable - Stack Overflow" type="browser" x="1115.0" y="375.0" left_validation="1" right_validation="1" left_pupil_diameter="3.1704299029181984" right_pupil_diameter="3.000641766716452" timestamp="2018-04-25T15:11:01.165-05:00" session_time="41194132165" tracker_time="1524683455104" system_time="1524683461165" nano_time="953297109387663" gazeId="711" duration="317" url="https://stackoverflow.com/questions/31539964/dynamically-remove-node-from-childfactory-detachable" Id="31539964">
            <soe part="QUESTION" part_number="1" type="TEXT" type_number="1"/>
        </response>
        <response name="netbeans platform - Dynamically Remove Node from ChildFactory.Detachable - Stack Overflow" type="browser" x="755.0" y="369.0" left_validation="1" right_validation="1" left_pupil_diameter="3.042105934836648" right_pupil_diameter="2.9155093106356533" timestamp="2018-04-25T15:11:01.482-05:00" session_time="41510807501" tracker_time="1524683455420" system_time="1524683461482" nano_time="953297426062999" gazeId="727" duration="2618" url="https://stackoverflow.com/questions/31539964/dynamically-remove-node-from-childfactory-detachable" Id="31539964">
            <soe part="QUESTION" part_number="1" type="TEXT" type_number="1"/>
        </response>
        <response name="netbeans platform - Dynamically Remove Node from ChildFactory.Detachable - Stack Overflow" type="browser" x="947.0" y="340.0" left_validation="1" right_validation="1" left_pupil_diameter="2.9924468994140625" right_pupil_diameter="2.850897471110026" timestamp="2018-04-25T15:11:04.1-05:00" session_time="44128144223" tracker_time="1524683458037" system_time="1524683464100" nano_time="953300043399721" gazeId="759" duration="182" url="https://stackoverflow.com/questions/31539964/dynamically-remove-node-from-childfactory-detachable" Id="31539964">
            <soe part="QUESTION" part_number="1" type="CODE" type_number="2"/>
        </response>
        <response name="netbeans platform - Dynamically Remove Node from ChildFactory.Detachable - Stack Overflow" type="browser" x="988.0" y="347.0" left_validation="1" right_validation="1" left_pupil_diameter="3.0022606482872596" right_pupil_diameter="2.849713839017428" timestamp="2018-04-25T15:11:04.282-05:00" session_time="44310344828" tracker_time="1524683458220" system_time="1524683464282" nano_time="953300225600326" gazeId="770" duration="199" url="https://stackoverflow.com/questions/31539964/dynamically-remove-node-from-childfactory-detachable" Id="31539964">
            <soe part="QUESTION" part_number="1" type="CODE" type_number="2"/>
        </response>
        <response name="netbeans platform - Dynamically Remove Node from ChildFactory.Detachable - Stack Overflow" type="browser" x="1007.0" y="393.0" left_validation="1" right_validation="1" left_pupil_diameter="2.9716622488839284" right_pupil_diameter="2.8633193969726562" timestamp="2018-04-25T15:11:04.481-05:00" session_time="44510309711" tracker_time="1524683458420" system_time="1524683464481" nano_time="953300425565209" gazeId="782" duration="217" url="https://stackoverflow.com/questions/31539964/dynamically-remove-node-from-childfactory-detachable" Id="31539964">
            <soe part="QUESTION" part_number="1" type="TEXT" type_number="2"/>
        </response>
        <response name="netbeans platform - Dynamically Remove Node from ChildFactory.Detachable - Stack Overflow" type="browser" x="971.0" y="407.0" left_validation="1" right_validation="1" left_pupil_diameter="2.939345223563058" right_pupil_diameter="2.8372802734375" timestamp="2018-04-25T15:11:04.698-05:00" session_time="44726898502" tracker_time="1524683458637" system_time="1524683464698" nano_time="953300642154000" gazeId="795" duration="217" url="https://stackoverflow.com/questions/31539964/dynamically-remove-node-from-childfactory-detachable" Id="31539964">
            <soe part="QUESTION" part_number="1" type="CODE" type_number="4"/>
        </response>
        <response name="netbeans platform - Dynamically Remove Node from ChildFactory.Detachable - Stack Overflow" type="browser" x="936.0" y="404.0" left_validation="1" right_validation="1" left_pupil_diameter="2.905980428059896" right_pupil_diameter="2.804457346598307" timestamp="2018-04-25T15:11:04.915-05:00" session_time="44943587364" tracker_time="1524683458853" system_time="1524683464915" nano_time="953300858842862" gazeId="808" duration="183" url="https://stackoverflow.com/questions/31539964/dynamically-remove-node-from-childfactory-detachable" Id="31539964">
            <soe part="QUESTION" part_number="1" type="CODE" type_number="4"/>
        </response>
        <response name="netbeans platform - Dynamically Remove Node from ChildFactory.Detachable - Stack Overflow" type="browser" x="901.0" y="393.0" left_validation="1" right_validation="1" left_pupil_diameter="2.8777008056640625" right_pupil_diameter="2.787361992730035" timestamp="2018-04-25T15:11:05.098-05:00" session_time="45126845131" tracker_time="1524683459037" system_time="1524683465098" nano_time="953301042100629" gazeId="819" duration="134" url="https://stackoverflow.com/questions/31539964/dynamically-remove-node-from-childfactory-detachable" Id="31539964">
            <soe part="QUESTION" part_number="1" type="CODE" type_number="4"/>
        </response>
        <response name="netbeans platform - Dynamically Remove Node from ChildFactory.Detachable - Stack Overflow" type="browser" x="796.0" y="386.0" left_validation="1" right_validation="1" left_pupil_diameter="2.8627419307314117" right_pupil_diameter="2.7696570034684806" timestamp="2018-04-25T15:11:05.232-05:00" session_time="45260346642" tracker_time="1524683459170" system_time="1524683465232" nano_time="953301175602140" gazeId="827" duration="633" url="https://stackoverflow.com/questions/31539964/dynamically-remove-node-from-childfactory-detachable" Id="31539964">
            <soe part="QUESTION" part_number="1" type="CODE" type_number="4"/>
        </response>
        <response name="netbeans platform - Dynamically Remove Node from ChildFactory.Detachable - Stack Overflow" type="browser" x="873.0" y="381.0" left_validation="1" right_validation="1" left_pupil_diameter="2.8482401529947916" right_pupil_diameter="2.7723734537760416" timestamp="2018-04-25T15:11:05.865-05:00" session_time="45893808748" tracker_time="1524683459803" system_time="1524683465865" nano_time="953301809064246" gazeId="855" duration="234" url="https://stackoverflow.com/questions/31539964/dynamically-remove-node-from-childfactory-detachable" Id="31539964">
            <soe part="QUESTION" part_number="1" type="TEXT" type_number="2"/>
        </response>
        <response name="netbeans platform - Dynamically Remove Node from ChildFactory.Detachable - Stack Overflow" type="browser" x="926.0" y="417.0" left_validation="1" right_validation="1" left_pupil_diameter="2.1716328938802083" right_pupil_diameter="2.699477132161458" timestamp="2018-04-25T15:11:06.099-05:00" session_time="46126787947" tracker_time="1524683460036" system_time="1524683466099" nano_time="953302042043445" gazeId="869" duration="233" url="https://stackoverflow.com/questions/31539964/dynamically-remove-node-from-childfactory-detachable" Id="31539964">
            <soe part="QUESTION" part_number="1" type="CODE" type_number="4"/>
        </response>
        <response name="netbeans platform - Dynamically Remove Node from ChildFactory.Detachable - Stack Overflow" type="browser" x="971.0" y="371.0" left_validation="1" right_validation="1" left_pupil_diameter="2.5374442206488714" right_pupil_diameter="2.797845628526476" timestamp="2018-04-25T15:11:06.332-05:00" session_time="46360099983" tracker_time="1524683460270" system_time="1524683466332" nano_time="953302275355481" gazeId="883" duration="350" url="https://stackoverflow.com/questions/31539964/dynamically-remove-node-from-childfactory-detachable" Id="31539964">
            <soe part="QUESTION" part_number="1" type="CODE" type_number="4"/>
        </response>
        <response name="netbeans platform - Dynamically Remove Node from ChildFactory.Detachable - Stack Overflow" type="browser" x="897.0" y="366.0" left_validation="1" right_validation="1" left_pupil_diameter="2.7619134812127974" right_pupil_diameter="2.78607177734375" timestamp="2018-04-25T15:11:06.682-05:00" session_time="46709975847" tracker_time="1524683460620" system_time="1524683466682" nano_time="953302625231345" gazeId="900" duration="400" url="https://stackoverflow.com/questions/31539964/dynamically-remove-node-from-childfactory-detachable" Id="31539964">
            <soe part="QUESTION" part_number="1" type="CODE" type_number="4"/>
        </response>
        <response name="netbeans platform - Dynamically Remove Node from ChildFactory.Detachable - Stack Overflow" type="browser" x="949.5" y="360.5" left_validation="1" right_validation="1" left_pupil_diameter="2.965184892926897" right_pupil_diameter="2.7526452200753346" timestamp="2018-04-25T15:11:07.082-05:00" session_time="47110245050" tracker_time="1524683461020" system_time="1524683467082" nano_time="953303025500548" gazeId="920" duration="299" url="https://stackoverflow.com/questions/31539964/dynamically-remove-node-from-childfactory-detachable" Id="31539964">
            <soe part="QUESTION" part_number="1" type="CODE" type_number="4"/>
        </response>
        <response name="netbeans platform - Dynamically Remove Node from ChildFactory.Detachable - Stack Overflow" type="browser" x="985.5" y="361.0" left_validation="1" right_validation="1" left_pupil_diameter="2.9767704010009766" right_pupil_diameter="2.7735519409179688" timestamp="2018-04-25T15:11:07.381-05:00" session_time="47410113564" tracker_time="1524683461320" system_time="1524683467381" nano_time="953303325369062" gazeId="933" duration="117" url="https://stackoverflow.com/questions/31539964/dynamically-remove-node-from-childfactory-detachable" Id="31539964">
            <soe part="QUESTION" part_number="1" type="CODE" type_number="4"/>
        </response>
        <response name="netbeans platform - Dynamically Remove Node from ChildFactory.Detachable - Stack Overflow" type="browser" x="1055.0" y="364.0" left_validation="1" right_validation="1" left_pupil_diameter="2.9448375701904297" right_pupil_diameter="2.76575073829064" timestamp="2018-04-25T15:11:07.498-05:00" session_time="47526765367" tracker_time="1524683461436" system_time="1524683467498" nano_time="953303442020865" gazeId="940" duration="1733" url="https://stackoverflow.com/questions/31539964/dynamically-remove-node-from-childfactory-detachable" Id="31539964">
            <soe part="QUESTION" part_number="1" type="CODE" type_number="4"/>
        </response>
        <response name="netbeans platform - Dynamically Remove Node from ChildFactory.Detachable - Stack Overflow" type="browser" x="1100.0" y="368.0" left_validation="1" right_validation="1" left_pupil_diameter="2.9626953125" right_pupil_diameter="2.8302927652994794" timestamp="2018-04-25T15:11:09.231-05:00" session_time="49259756479" tracker_time="1524683463169" system_time="1524683469231" nano_time="953305175011977" gazeId="1043" duration="417" url="https://stackoverflow.com/questions/31539964/dynamically-remove-node-from-childfactory-detachable" Id="31539964">
            <soe part="QUESTION" part_number="1" type="CODE" type_number="4"/>
        </response>
        <response name="netbeans platform - Dynamically Remove Node from ChildFactory.Detachable - Stack Overflow" type="browser" x="952.0" y="386.0" left_validation="1" right_validation="1" left_pupil_diameter="2.935247802734375" right_pupil_diameter="2.8187652587890626" timestamp="2018-04-25T15:11:09.648-05:00" session_time="49676322983" tracker_time="1524683463586" system_time="1524683469648" nano_time="953305591578481" gazeId="1057" duration="66" url="https://stackoverflow.com/questions/31539964/dynamically-remove-node-from-childfactory-detachable" Id="31539964">
            <soe part="QUESTION" part_number="1" type="CODE" type_number="4"/>
        </response>
        <response name="netbeans platform - Dynamically Remove Node from ChildFactory.Detachable - Stack Overflow" type="browser" x="768.0" y="403.0" left_validation="1" right_validation="1" left_pupil_diameter="2.897267197117661" right_pupil_diameter="2.794432206587358" timestamp="2018-04-25T15:11:09.714-05:00" session_time="49742951674" tracker_time="1524683463653" system_time="1524683469714" nano_time="953305658207172" gazeId="1061" duration="534" url="https://stackoverflow.com/questions/31539964/dynamically-remove-node-from-childfactory-detachable" Id="31539964">
            <soe part="QUESTION" part_number="1" type="CODE" type_number="4"/>
        </response>
        <response name="netbeans platform - Dynamically Remove Node from ChildFactory.Detachable - Stack Overflow" type="browser" x="840.0" y="401.0" left_validation="1" right_validation="1" left_pupil_diameter="2.8481951032366073" right_pupil_diameter="2.742675345284598" timestamp="2018-04-25T15:11:10.248-05:00" session_time="50276551937" tracker_time="1524683464186" system_time="1524683470248" nano_time="953306191807435" gazeId="1093" duration="567" url="https://stackoverflow.com/questions/31539964/dynamically-remove-node-from-childfactory-detachable" Id="31539964">
            <soe part="QUESTION" part_number="1" type="CODE" type_number="4"/>
        </response>
        <response name="netbeans platform - Dynamically Remove Node from ChildFactory.Detachable - Stack Overflow" type="browser" x="939.0" y="399.0" left_validation="1" right_validation="1" left_pupil_diameter="2.8243912916917067" right_pupil_diameter="2.7286412165715146" timestamp="2018-04-25T15:11:10.815-05:00" session_time="50842776494" tracker_time="1524683464752" system_time="1524683470815" nano_time="953306758031992" gazeId="1127" duration="199" url="https://stackoverflow.com/questions/31539964/dynamically-remove-node-from-childfactory-detachable" Id="31539964">
            <soe part="QUESTION" part_number="1" type="CODE" type_number="4"/>
        </response>
        <response name="netbeans platform - Dynamically Remove Node from ChildFactory.Detachable - Stack Overflow" type="browser" x="972.0" y="419.0" left_validation="1" right_validation="1" left_pupil_diameter="2.658559698807566" right_pupil_diameter="2.6265861109683386" timestamp="2018-04-25T15:11:11.014-05:00" session_time="51042774735" tracker_time="1524683464952" system_time="1524683471014" nano_time="953306958030233" gazeId="1139" duration="334" url="https://stackoverflow.com/questions/31539964/dynamically-remove-node-from-childfactory-detachable" Id="31539964">
            <soe part="QUESTION" part_number="1" type="TEXT" type_number="3"/>
        </response>
        <response name="netbeans platform - Dynamically Remove Node from ChildFactory.Detachable - Stack Overflow" type="browser" x="953.0" y="376.0" left_validation="1" right_validation="1" left_pupil_diameter="2.8739820692274307" right_pupil_diameter="2.7605719672309026" timestamp="2018-04-25T15:11:11.348-05:00" session_time="51376405716" tracker_time="1524683465286" system_time="1524683471348" nano_time="953307291661214" gazeId="1157" duration="1050" url="https://stackoverflow.com/questions/31539964/dynamically-remove-node-from-childfactory-detachable" Id="31539964">
            <soe part="QUESTION" part_number="1" type="TEXT" type_number="3"/>
        </response>
        <response name="netbeans platform - Dynamically Remove Node from ChildFactory.Detachable - Stack Overflow" type="browser" x="834.5" y="432.0" left_validation="1" right_validation="1" left_pupil_diameter="2.9033660888671875" right_pupil_diameter="2.8043670654296875" timestamp="2018-04-25T15:11:12.398-05:00" session_time="52426568854" tracker_time="1524683466336" system_time="1524683472398" nano_time="953308341824352" gazeId="1201" duration="83" url="https://stackoverflow.com/questions/31539964/dynamically-remove-node-from-childfactory-detachable" Id="31539964">
            <soe part="QUESTION" part_number="1" type="TEXT" type_number="1"/>
        </response>
        <response name="netbeans platform - Dynamically Remove Node from ChildFactory.Detachable - Stack Overflow" type="browser" x="765.0" y="434.0" left_validation="1" right_validation="1" left_pupil_diameter="2.9180128309461804" right_pupil_diameter="2.8211229112413196" timestamp="2018-04-25T15:11:12.481-05:00" session_time="52509670062" tracker_time="1524683466419" system_time="1524683472481" nano_time="953308424925560" gazeId="1206" duration="433" url="https://stackoverflow.com/questions/31539964/dynamically-remove-node-from-childfactory-detachable" Id="31539964">
            <soe part="QUESTION" part_number="1" type="CODE" type_number="4"/>
        </response>
        <response name="netbeans platform - Dynamically Remove Node from ChildFactory.Detachable - Stack Overflow" type="browser" x="913.5" y="428.0" left_validation="1" right_validation="1" left_pupil_diameter="2.9223091125488283" right_pupil_diameter="2.8279136657714843" timestamp="2018-04-25T15:11:12.914-05:00" session_time="52942486948" tracker_time="1524683466852" system_time="1524683472914" nano_time="953308857742446" gazeId="1232" duration="650" url="https://stackoverflow.com/questions/31539964/dynamically-remove-node-from-childfactory-detachable" Id="31539964">
            <soe part="QUESTION" part_number="1" type="CODE" type_number="4"/>
        </response>
        <response name="netbeans platform - Dynamically Remove Node from ChildFactory.Detachable - Stack Overflow" type="browser" x="1031.0" y="422.0" left_validation="1" right_validation="1" left_pupil_diameter="2.8809757939091436" right_pupil_diameter="2.775597748933015" timestamp="2018-04-25T15:11:13.564-05:00" session_time="53592425604" tracker_time="1524683467502" system_time="1524683473564" nano_time="953309507681102" gazeId="1271" duration="883" url="https://stackoverflow.com/questions/31539964/dynamically-remove-node-from-childfactory-detachable" Id="31539964">
            <soe part="QUESTION" part_number="1" type="CODE" type_number="4"/>
        </response>
        <response name="netbeans platform - Dynamically Remove Node from ChildFactory.Detachable - Stack Overflow" type="browser" x="1203.5" y="430.5" left_validation="1" right_validation="1" left_pupil_diameter="2.8284409840901694" right_pupil_diameter="2.696657180786133" timestamp="2018-04-25T15:11:14.447-05:00" session_time="54475671897" tracker_time="1524683468385" system_time="1524683474447" nano_time="953310390927395" gazeId="1324" duration="620" url="https://stackoverflow.com/questions/31539964/dynamically-remove-node-from-childfactory-detachable" Id="31539964">
            <soe part="QUESTION" part_number="1" type="CODE" type_number="4"/>
        </response>
        <response name="netbeans platform - Dynamically Remove Node from ChildFactory.Detachable - Stack Overflow" type="browser" x="1259.0" y="427.0" left_validation="1" right_validation="1" left_pupil_diameter="2.8965911865234375" right_pupil_diameter="2.7516877310616628" timestamp="2018-04-25T15:11:15.067-05:00" session_time="55095832971" tracker_time="1524683469002" system_time="1524683475067" nano_time="953311011088469" gazeId="1347" duration="449" url="https://stackoverflow.com/questions/31539964/dynamically-remove-node-from-childfactory-detachable" Id="31539964">
            <soe part="QUESTION" part_number="1" type="TEXT" type_number="3"/>
        </response>
        <response name="netbeans platform - Dynamically Remove Node from ChildFactory.Detachable - Stack Overflow" type="browser" x="792.5" y="446.0" left_validation="1" right_validation="1" left_pupil_diameter="2.935083516438802" right_pupil_diameter="2.799599202473958" timestamp="2018-04-25T15:11:15.516-05:00" session_time="55544502520" tracker_time="1524683469452" system_time="1524683475516" nano_time="953311459758018" gazeId="1374" duration="481" url="https://stackoverflow.com/questions/31539964/dynamically-remove-node-from-childfactory-detachable" Id="31539964">
            <soe part="QUESTION" part_number="1" type="TEXT" type_number="3"/>
        </response>
        <response name="netbeans platform - Dynamically Remove Node from ChildFactory.Detachable - Stack Overflow" type="browser" x="863.5" y="445.0" left_validation="1" right_validation="1" left_pupil_diameter="2.9016026088169644" right_pupil_diameter="2.7786461966378346" timestamp="2018-04-25T15:11:15.997-05:00" session_time="56025427969" tracker_time="1524683469935" system_time="1524683475997" nano_time="953311940683467" gazeId="1403" duration="217" url="https://stackoverflow.com/questions/31539964/dynamically-remove-node-from-childfactory-detachable" Id="31539964">
            <soe part="QUESTION" part_number="1" type="TEXT" type_number="4"/>
        </response>
        <response name="netbeans platform - Dynamically Remove Node from ChildFactory.Detachable - Stack Overflow" type="browser" x="903.0" y="441.0" left_validation="1" right_validation="1" left_pupil_diameter="2.6646514892578126" right_pupil_diameter="2.8017252604166667" timestamp="2018-04-25T15:11:16.214-05:00" session_time="56242220934" tracker_time="1524683470152" system_time="1524683476214" nano_time="953312157476432" gazeId="1416" duration="299" url="https://stackoverflow.com/questions/31539964/dynamically-remove-node-from-childfactory-detachable" Id="31539964">
            <soe part="QUESTION" part_number="1" type="TEXT" type_number="4"/>
        </response>
        <response name="netbeans platform - Dynamically Remove Node from ChildFactory.Detachable - Stack Overflow" type="browser" x="885.0" y="389.0" left_validation="1" right_validation="1" left_pupil_diameter="2.9095001220703125" right_pupil_diameter="2.8649261474609373" timestamp="2018-04-25T15:11:16.513-05:00" session_time="56542136735" tracker_time="1524683470452" system_time="1524683476513" nano_time="953312457392233" gazeId="1430" duration="150" url="https://stackoverflow.com/questions/31539964/dynamically-remove-node-from-childfactory-detachable" Id="31539964">
            <soe part="QUESTION" part_number="1" type="TEXT" type_number="3"/>
        </response>
        <response name="netbeans platform - Dynamically Remove Node from ChildFactory.Detachable - Stack Overflow" type="browser" x="852.0" y="360.0" left_validation="1" right_validation="1" left_pupil_diameter="2.904083251953125" right_pupil_diameter="2.7469797770182294" timestamp="2018-04-25T15:11:16.663-05:00" session_time="56691743104" tracker_time="1524683470602" system_time="1524683476663" nano_time="953312606998602" gazeId="1439" duration="701" url="https://stackoverflow.com/questions/31539964/dynamically-remove-node-from-childfactory-detachable" Id="31539964">
            <soe part="QUESTION" part_number="1" type="CODE" type_number="5"/>
        </response>
        <response name="netbeans platform - Dynamically Remove Node from ChildFactory.Detachable - Stack Overflow" type="browser" x="832.0" y="393.0" left_validation="1" right_validation="1" left_pupil_diameter="2.8842896961030506" right_pupil_diameter="2.7201145717075894" timestamp="2018-04-25T15:11:17.364-05:00" session_time="57392302366" tracker_time="1524683471302" system_time="1524683477364" nano_time="953313307557864" gazeId="1453" duration="332" url="https://stackoverflow.com/questions/31539964/dynamically-remove-node-from-childfactory-detachable" Id="31539964">
            <soe part="QUESTION" part_number="1" type="CODE" type_number="5"/>
        </response>
        <response name="netbeans platform - Dynamically Remove Node from ChildFactory.Detachable - Stack Overflow" type="browser" x="780.0" y="398.0" left_validation="1" right_validation="1" left_pupil_diameter="2.896043904622396" right_pupil_diameter="2.737177530924479" timestamp="2018-04-25T15:11:17.696-05:00" session_time="57725267306" tracker_time="1524683471635" system_time="1524683477696" nano_time="953313640522804" gazeId="1473" duration="334" url="https://stackoverflow.com/questions/31539964/dynamically-remove-node-from-childfactory-detachable" Id="31539964">
            <soe part="QUESTION" part_number="1" type="CODE" type_number="4"/>
        </response>
        <response name="netbeans platform - Dynamically Remove Node from ChildFactory.Detachable - Stack Overflow" type="browser" x="1058.5" y="393.0" left_validation="1" right_validation="1" left_pupil_diameter="2.8847274780273438" right_pupil_diameter="2.730393545968192" timestamp="2018-04-25T15:11:18.03-05:00" session_time="58058621533" tracker_time="1524683471968" system_time="1524683478030" nano_time="953313973877031" gazeId="1487" duration="467" url="https://stackoverflow.com/questions/31539964/dynamically-remove-node-from-childfactory-detachable" Id="31539964">
            <soe part="QUESTION" part_number="1" type="CODE" type_number="4"/>
        </response>
        <response name="netbeans platform - Dynamically Remove Node from ChildFactory.Detachable - Stack Overflow" type="browser" x="963.0" y="411.0" left_validation="1" right_validation="1" left_pupil_diameter="2.7415924072265625" right_pupil_diameter="2.6802775065104165" timestamp="2018-04-25T15:11:18.53-05:00" session_time="58558459696" tracker_time="1524683472468" system_time="1524683478530" nano_time="953314473715194" gazeId="1502" duration="34" url="https://stackoverflow.com/questions/31539964/dynamically-remove-node-from-childfactory-detachable" Id="31539964">
            <soe part="QUESTION" part_number="1" type="CODE" type_number="4"/>
        </response>
        <response name="netbeans platform - Dynamically Remove Node from ChildFactory.Detachable - Stack Overflow" type="browser" x="920.5" y="430.5" left_validation="1" right_validation="1" left_pupil_diameter="2.7218856811523438" right_pupil_diameter="2.6685994466145835" timestamp="2018-04-25T15:11:18.564-05:00" session_time="58592306105" tracker_time="1524683472501" system_time="1524683478564" nano_time="953314507561603" gazeId="1504" duration="83" url="https://stackoverflow.com/questions/31539964/dynamically-remove-node-from-childfactory-detachable" Id="31539964">
            <soe part="QUESTION" part_number="1" type="CODE" type_number="4"/>
        </response>
        <response name="netbeans platform - Dynamically Remove Node from ChildFactory.Detachable - Stack Overflow" type="browser" x="793.0" y="473.0" left_validation="1" right_validation="1" left_pupil_diameter="2.7239047779756436" right_pupil_diameter="2.6671366972081803" timestamp="2018-04-25T15:11:18.647-05:00" session_time="58675063113" tracker_time="1524683472585" system_time="1524683478647" nano_time="953314590318611" gazeId="1509" duration="549" url="https://stackoverflow.com/questions/31539964/dynamically-remove-node-from-childfactory-detachable" Id="31539964">
            <soe part="QUESTION" part_number="1" type="CODE" type_number="5"/>
        </response>
        <response name="netbeans platform - Dynamically Remove Node from ChildFactory.Detachable - Stack Overflow" type="browser" x="872.0" y="474.0" left_validation="1" right_validation="1" left_pupil_diameter="2.7367715274586395" right_pupil_diameter="2.649919397690717" timestamp="2018-04-25T15:11:19.196-05:00" session_time="59224994034" tracker_time="1524683473135" system_time="1524683479196" nano_time="953315140249532" gazeId="1542" duration="267" url="https://stackoverflow.com/questions/31539964/dynamically-remove-node-from-childfactory-detachable" Id="31539964">
            <soe part="QUESTION" part_number="1" type="TEXT" type_number="3"/>
        </response>
        <response name="netbeans platform - Dynamically Remove Node from ChildFactory.Detachable - Stack Overflow" type="browser" x="949.0" y="471.0" left_validation="1" right_validation="1" left_pupil_diameter="2.7313240452816614" right_pupil_diameter="2.6622234143708883" timestamp="2018-04-25T15:11:19.463-05:00" session_time="59491571480" tracker_time="1524683473401" system_time="1524683479463" nano_time="953315406826978" gazeId="1558" duration="300" url="https://stackoverflow.com/questions/31539964/dynamically-remove-node-from-childfactory-detachable" Id="31539964">
            <soe part="QUESTION" part_number="1" type="CODE" type_number="5"/>
        </response>
        <response name="netbeans platform - Dynamically Remove Node from ChildFactory.Detachable - Stack Overflow" type="browser" x="1003.0" y="478.0" left_validation="1" right_validation="1" left_pupil_diameter="2.7443106515066966" right_pupil_diameter="2.6746728079659596" timestamp="2018-04-25T15:11:19.763-05:00" session_time="59791536767" tracker_time="1524683473701" system_time="1524683479763" nano_time="953315706792265" gazeId="1576" duration="216" url="https://stackoverflow.com/questions/31539964/dynamically-remove-node-from-childfactory-detachable" Id="31539964">
            <soe part="QUESTION" part_number="1" type="TEXT" type_number="3"/>
        </response>
        <response name="netbeans platform - Dynamically Remove Node from ChildFactory.Detachable - Stack Overflow" type="browser" x="1032.0" y="440.0" left_validation="1" right_validation="1" left_pupil_diameter="2.7756124643179088" right_pupil_diameter="2.6731543907752404" timestamp="2018-04-25T15:11:19.979-05:00" session_time="60008232593" tracker_time="1524683473918" system_time="1524683479979" nano_time="953315923488091" gazeId="1589" duration="3500" url="https://stackoverflow.com/questions/31539964/dynamically-remove-node-from-childfactory-detachable" Id="31539964">
            <soe part="QUESTION" part_number="1" type="TEXT" type_number="1"/>
        </response>
        <response name="netbeans platform - Dynamically Remove Node from ChildFactory.Detachable - Stack Overflow" type="browser" x="855.5" y="445.0" left_validation="1" right_validation="1" left_pupil_diameter="2.816070556640625" right_pupil_diameter="2.629790941874186" timestamp="2018-04-25T15:11:23.479-05:00" session_time="63507877945" tracker_time="1524683477418" system_time="1524683483479" nano_time="953319423133443" gazeId="1601" duration="784" url="https://stackoverflow.com/questions/31539964/dynamically-remove-node-from-childfactory-detachable" Id="31539964">
            <soe part="QUESTION" part_number="1" type="TEXT" type_number="1"/>
        </response>
    </gazes>
</itrace-records>
