<?xml version="1.0" encoding="UTF-8" standalone="yes"?>
<itrace-records>
    <environment>
        <screen-size width="1920" height="1080"/>
    </environment>
    <gazes>
        <response name="T2-SO.txt" type="txt" x="601.0" y="712.0" left_validation="1" right_validation="1" left_pupil_diameter="2.7275390625" right_pupil_diameter="2.786176793715533" timestamp="2018-04-27T14:43:07.388-05:00" session_time="3433929765" tracker_time="1524854580319" system_time="1524854587388" nano_time="1124423372583217" gazeId="7" duration="418" path="C:\CodeSummarizationStudy\_tasks\Sequence 7\T2-SO.txt" line_height="22" font_height="14" line="1" col="19" line_base_x="414" line_base_y="700"/>
        <response name="T2-SO.txt" type="txt" x="649.0" y="852.0" left_validation="1" right_validation="1" left_pupil_diameter="1.9868682861328124" right_pupil_diameter="2.7677093505859376" timestamp="2018-04-27T14:43:07.806-05:00" session_time="3851855110" tracker_time="1524854580735" system_time="1524854587806" nano_time="1124423790508562" gazeId="23" duration="499" path="C:\CodeSummarizationStudy\_tasks\Sequence 7\T2-SO.txt" line_height="22" font_height="14" line="7" col="24" line_base_x="414" line_base_y="832"/>
        <response name="T2-SO.txt" type="txt" x="538.0" y="889.0" left_validation="1" right_validation="1" left_pupil_diameter="1.6004834856305803" right_pupil_diameter="2.7949371337890625" timestamp="2018-04-27T14:43:08.305-05:00" session_time="4350451732" tracker_time="1524854581235" system_time="1524854588305" nano_time="1124424289105184" gazeId="27" duration="267" path="C:\CodeSummarizationStudy\_tasks\Sequence 7\T2-SO.txt" line_height="22" font_height="14" line="9" col="13" line_base_x="414" line_base_y="876"/>
        <response name="T2-SO.txt" type="txt" x="492.0" y="884.0" left_validation="1" right_validation="1" left_pupil_diameter="1.5590362548828125" right_pupil_diameter="2.935791015625" timestamp="2018-04-27T14:43:08.572-05:00" session_time="4618340366" tracker_time="1524854581502" system_time="1524854588572" nano_time="1124424556993818" gazeId="33" duration="349" path="C:\CodeSummarizationStudy\_tasks\Sequence 7\T2-SO.txt" line_height="22" font_height="14" line="9" col="9" line_base_x="414" line_base_y="876"/>
        <response name="T2-SO.txt" type="txt" x="494.0" y="827.0" left_validation="1" right_validation="1" left_pupil_diameter="2.7015540713355657" right_pupil_diameter="2.8359796433221724" timestamp="2018-04-27T14:43:08.921-05:00" session_time="4967180696" tracker_time="1524854581852" system_time="1524854588921" nano_time="1124424905834148" gazeId="45" duration="467" path="C:\CodeSummarizationStudy\_tasks\Sequence 7\T2-SO.txt" line_height="22" font_height="14" line="7" col="8" line_base_x="414" line_base_y="832"/>
        <response name="T2-SO.txt" type="txt" x="472.0" y="703.0" left_validation="1" right_validation="1" left_pupil_diameter="2.7558552135120737" right_pupil_diameter="2.798238580877131" timestamp="2018-04-27T14:43:09.388-05:00" session_time="5433726690" tracker_time="1524854582318" system_time="1524854589388" nano_time="1124425372380142" gazeId="65" duration="799" path="C:\CodeSummarizationStudy\_tasks\Sequence 7\T2-SO.txt" line_height="22" font_height="14" line="1" col="6" line_base_x="414" line_base_y="700"/>
        <response name="T2-SO.txt" type="txt" x="602.0" y="702.0" left_validation="1" right_validation="1" left_pupil_diameter="2.8174041748046874" right_pupil_diameter="2.8679840087890627" timestamp="2018-04-27T14:43:10.187-05:00" session_time="6233541504" tracker_time="1524854583118" system_time="1524854590187" nano_time="1124426172194956" gazeId="75" duration="67" path="C:\CodeSummarizationStudy\_tasks\Sequence 7\T2-SO.txt" line_height="22" font_height="14" line="1" col="16" line_base_x="414" line_base_y="700"/>
        <response name="T2-SO.txt" type="txt" x="721.5" y="708.5" left_validation="1" right_validation="1" left_pupil_diameter="2.6774239173302283" right_pupil_diameter="2.7324559138371396" timestamp="2018-04-27T14:43:10.254-05:00" session_time="6300155532" tracker_time="1524854583185" system_time="1524854590254" nano_time="1124426238808984" gazeId="79" duration="950" path="C:\CodeSummarizationStudy\_tasks\Sequence 7\T2-SO.txt" line_height="22" font_height="14" line="1" col="21" line_base_x="414" line_base_y="700"/>
        <response name="T2-SO.txt" type="txt" x="965.5" y="707.5" left_validation="1" right_validation="1" left_pupil_diameter="2.723291669573103" right_pupil_diameter="2.688879830496652" timestamp="2018-04-27T14:43:11.204-05:00" session_time="7250141951" tracker_time="1524854584135" system_time="1524854591204" nano_time="1124427188795403" gazeId="104" duration="1367" path="C:\CodeSummarizationStudy\_tasks\Sequence 7\T2-SO.txt" line_height="22" font_height="14" line="1" col="53" line_base_x="414" line_base_y="700"/>
        <response name="T2-SO.txt" type="txt" x="706.0" y="702.0" left_validation="1" right_validation="1" left_pupil_diameter="2.7350616455078125" right_pupil_diameter="2.691351318359375" timestamp="2018-04-27T14:43:12.571-05:00" session_time="8616728598" tracker_time="1524854585501" system_time="1524854592571" nano_time="1124428555382050" gazeId="117" duration="149" path="C:\CodeSummarizationStudy\_tasks\Sequence 7\T2-SO.txt" line_height="22" font_height="14" line="1" col="27" line_base_x="414" line_base_y="700"/>
        <response name="T2-SO.txt" type="txt" x="783.0" y="707.0" left_validation="1" right_validation="1" left_pupil_diameter="2.6851654052734375" right_pupil_diameter="2.7036041259765624" timestamp="2018-04-27T14:43:12.72-05:00" session_time="8766407912" tracker_time="1524854585651" system_time="1524854592720" nano_time="1124428705061364" gazeId="121" duration="2134" path="C:\CodeSummarizationStudy\_tasks\Sequence 7\T2-SO.txt" line_height="22" font_height="14" line="1" col="30" line_base_x="414" line_base_y="700"/>
        <response name="T2-SO.txt" type="txt" x="850.0" y="716.0" left_validation="1" right_validation="1" left_pupil_diameter="2.4679155349731445" right_pupil_diameter="2.618955612182617" timestamp="2018-04-27T14:43:14.854-05:00" session_time="10899701583" tracker_time="1524854587784" system_time="1524854594854" nano_time="1124430838355035" gazeId="130" duration="1116" path="C:\CodeSummarizationStudy\_tasks\Sequence 7\T2-SO.txt" line_height="22" font_height="14" line="1" col="44" line_base_x="414" line_base_y="700"/>
        <response name="T2-SO.txt" type="txt" x="787.0" y="820.0" left_validation="1" right_validation="1" left_pupil_diameter="2.6364464393028846" right_pupil_diameter="2.5789560171274037" timestamp="2018-04-27T14:43:15.97-05:00" session_time="12016222523" tracker_time="1524854588901" system_time="1524854595970" nano_time="1124431954875975" gazeId="145" duration="450" path="C:\CodeSummarizationStudy\_tasks\Sequence 7\T2-SO.txt" line_height="22" font_height="14" line="6" col="35" line_base_x="414" line_base_y="810"/>
        <response name="T2-SO.txt" type="txt" x="812.0" y="850.0" left_validation="1" right_validation="1" left_pupil_diameter="2.500486828031994" right_pupil_diameter="2.658233642578125" timestamp="2018-04-27T14:43:16.42-05:00" session_time="12465955465" tracker_time="1524854589351" system_time="1524854596420" nano_time="1124432404608917" gazeId="170" duration="633" path="C:\CodeSummarizationStudy\_tasks\Sequence 7\T2-SO.txt" line_height="22" font_height="14" line="6" col="38" line_base_x="414" line_base_y="810"/>
        <response name="T2-SO.txt" type="txt" x="954.0" y="705.0" left_validation="1" right_validation="1" left_pupil_diameter="2.604813893636068" right_pupil_diameter="2.685644785563151" timestamp="2018-04-27T14:43:17.053-05:00" session_time="13099331797" tracker_time="1524854589984" system_time="1524854597053" nano_time="1124433037985249" gazeId="190" duration="784" path="C:\CodeSummarizationStudy\_tasks\Sequence 7\T2-SO.txt" line_height="22" font_height="14" line="1" col="54" line_base_x="414" line_base_y="700"/>
        <response name="T2-SO.txt" type="txt" x="864.0" y="705.5" left_validation="1" right_validation="1" left_pupil_diameter="2.6269989013671875" right_pupil_diameter="2.6782875061035156" timestamp="2018-04-27T14:43:17.837-05:00" session_time="13882442426" tracker_time="1524854590767" system_time="1524854597837" nano_time="1124433821095878" gazeId="201" duration="66" path="C:\CodeSummarizationStudy\_tasks\Sequence 7\T2-SO.txt" line_height="22" font_height="14" line="1" col="45" line_base_x="414" line_base_y="700"/>
        <response name="T2-SO.txt" type="txt" x="768.0" y="839.0" left_validation="1" right_validation="1" left_pupil_diameter="2.4609931497012867" right_pupil_diameter="2.685215669519761" timestamp="2018-04-27T14:43:17.903-05:00" session_time="13949237535" tracker_time="1524854590834" system_time="1524854597903" nano_time="1124433887890987" gazeId="204" duration="450" path="C:\CodeSummarizationStudy\_tasks\Sequence 7\T2-SO.txt" line_height="22" font_height="14" line="1" col="45" line_base_x="414" line_base_y="700"/>
        <response name="T2-SO.txt" type="txt" x="656.0" y="820.0" left_validation="1" right_validation="1" left_pupil_diameter="2.6185184054904513" right_pupil_diameter="2.6915825737847223" timestamp="2018-04-27T14:43:18.353-05:00" session_time="14399029127" tracker_time="1524854591284" system_time="1524854598353" nano_time="1124434337682579" gazeId="220" duration="800" path="C:\CodeSummarizationStudy\_tasks\Sequence 7\T2-SO.txt" line_height="22" font_height="14" line="7" col="31" line_base_x="414" line_base_y="832"/>
        <response name="T2-SO.txt" type="txt" x="610.0" y="819.0" left_validation="1" right_validation="1" left_pupil_diameter="2.6135807037353516" right_pupil_diameter="2.657155990600586" timestamp="2018-04-27T14:43:19.153-05:00" session_time="15198896359" tracker_time="1524854592084" system_time="1524854599153" nano_time="1124435137549811" gazeId="228" duration="117" path="C:\CodeSummarizationStudy\_tasks\Sequence 7\T2-SO.txt" line_height="22" font_height="14" line="6" col="24" line_base_x="414" line_base_y="810"/>
        <response name="T2-SO.txt" type="txt" x="466.5" y="843.0" left_validation="1" right_validation="1" left_pupil_diameter="2.719947338104248" right_pupil_diameter="2.7939062118530273" timestamp="2018-04-27T14:43:19.27-05:00" session_time="15315606444" tracker_time="1524854592200" system_time="1524854599270" nano_time="1124435254259896" gazeId="235" duration="12216" path="C:\CodeSummarizationStudy\_tasks\Sequence 7\T2-SO.txt" line_height="22" font_height="14" line="6" col="14" line_base_x="414" line_base_y="810"/>
        <response name="T2-SO.txt" type="txt" x="921.0" y="703.0" left_validation="1" right_validation="1" left_pupil_diameter="2.6529804576526987" right_pupil_diameter="2.69580078125" timestamp="2018-04-27T14:43:31.486-05:00" session_time="27531715040" tracker_time="1524854604416" system_time="1524854611486" nano_time="1124447470368492" gazeId="266" duration="1032" path="C:\CodeSummarizationStudy\_tasks\Sequence 7\T2-SO.txt" line_height="22" font_height="14" line="1" col="47" line_base_x="414" line_base_y="700"/>
        <response name="T2-SO.txt" type="txt" x="804.0" y="717.0" left_validation="1" right_validation="1" left_pupil_diameter="2.683015823364258" right_pupil_diameter="2.7170677185058594" timestamp="2018-04-27T14:43:32.518-05:00" session_time="28563879667" tracker_time="1524854605449" system_time="1524854612518" nano_time="1124448502533119" gazeId="276" duration="133" path="C:\CodeSummarizationStudy\_tasks\Sequence 7\T2-SO.txt" line_height="22" font_height="14" line="1" col="39" line_base_x="414" line_base_y="700"/>
        <response name="T2-SO.txt" type="txt" x="703.0" y="715.0" left_validation="1" right_validation="1" left_pupil_diameter="2.6861572265625" right_pupil_diameter="2.7317740700461646" timestamp="2018-04-27T14:43:32.651-05:00" session_time="28697170773" tracker_time="1524854605582" system_time="1524854612651" nano_time="1124448635824225" gazeId="283" duration="517" path="C:\CodeSummarizationStudy\_tasks\Sequence 7\T2-SO.txt" line_height="22" font_height="14" line="1" col="40" line_base_x="414" line_base_y="700"/>
        <response name="T2-SO.txt" type="txt" x="833.5" y="708.0" left_validation="1" right_validation="1" left_pupil_diameter="2.6454737345377604" right_pupil_diameter="2.706278991699219" timestamp="2018-04-27T14:43:33.168-05:00" session_time="29213717519" tracker_time="1524854606099" system_time="1524854613168" nano_time="1124449152370971" gazeId="293" duration="700" path="C:\CodeSummarizationStudy\_tasks\Sequence 7\T2-SO.txt" line_height="22" font_height="14" line="1" col="30" line_base_x="414" line_base_y="700"/>
        <response name="T2-SO.txt" type="txt" x="920.0" y="707.0" left_validation="1" right_validation="1" left_pupil_diameter="2.630309161017923" right_pupil_diameter="2.6002313950482536" timestamp="2018-04-27T14:43:33.868-05:00" session_time="29913704946" tracker_time="1524854606799" system_time="1524854613868" nano_time="1124449852358398" gazeId="322" duration="449" path="C:\CodeSummarizationStudy\_tasks\Sequence 7\T2-SO.txt" line_height="22" font_height="14" line="1" col="51" line_base_x="414" line_base_y="700"/>
        <response name="T2-SO.txt" type="txt" x="880.0" y="712.0" left_validation="1" right_validation="1" left_pupil_diameter="2.668176504281851" right_pupil_diameter="2.696782038762019" timestamp="2018-04-27T14:43:34.317-05:00" session_time="30363535393" tracker_time="1524854607248" system_time="1524854614317" nano_time="1124450302188845" gazeId="338" duration="217" path="C:\CodeSummarizationStudy\_tasks\Sequence 7\T2-SO.txt" line_height="22" font_height="14" line="1" col="51" line_base_x="414" line_base_y="700"/>
        <response name="T2-SO.txt" type="txt" x="759.0" y="704.0" left_validation="1" right_validation="1" left_pupil_diameter="2.674046834309896" right_pupil_diameter="2.734405517578125" timestamp="2018-04-27T14:43:34.534-05:00" session_time="30580361715" tracker_time="1524854607465" system_time="1524854614534" nano_time="1124450519015167" gazeId="350" duration="134" path="C:\CodeSummarizationStudy\_tasks\Sequence 7\T2-SO.txt" line_height="22" font_height="14" line="1" col="39" line_base_x="414" line_base_y="700"/>
        <response name="T2-SO.txt" type="txt" x="685.0" y="704.0" left_validation="1" right_validation="1" left_pupil_diameter="2.6841634114583335" right_pupil_diameter="2.697174956833107" timestamp="2018-04-27T14:43:34.668-05:00" session_time="30713569978" tracker_time="1524854607598" system_time="1524854614668" nano_time="1124450652223430" gazeId="358" duration="1885" path="C:\CodeSummarizationStudy\_tasks\Sequence 7\T2-SO.txt" line_height="22" font_height="14" line="1" col="31" line_base_x="414" line_base_y="700"/>
        <response name="T2-SO.txt" type="txt" x="741.0" y="707.5" left_validation="1" right_validation="1" left_pupil_diameter="2.7243563334147134" right_pupil_diameter="2.6462173461914062" timestamp="2018-04-27T14:43:36.553-05:00" session_time="32599061458" tracker_time="1524854609482" system_time="1524854616553" nano_time="1124452537714910" gazeId="426" duration="181" path="C:\CodeSummarizationStudy\_tasks\Sequence 7\T2-SO.txt" line_height="22" font_height="14" line="1" col="31" line_base_x="414" line_base_y="700"/>
        <response name="T2-SO.txt" type="txt" x="822.5" y="712.5" left_validation="1" right_validation="1" left_pupil_diameter="2.5351913452148436" right_pupil_diameter="2.6195053100585937" timestamp="2018-04-27T14:43:36.734-05:00" session_time="32779987163" tracker_time="1524854609665" system_time="1524854616734" nano_time="1124452718640615" gazeId="437" duration="3600" path="C:\CodeSummarizationStudy\_tasks\Sequence 7\T2-SO.txt" line_height="22" font_height="14" line="1" col="34" line_base_x="414" line_base_y="700"/>
        <response name="T2-SO.txt" type="txt" x="823.0" y="437.0" left_validation="1" right_validation="1" left_pupil_diameter="2.349665323893229" right_pupil_diameter="2.4680023193359375" timestamp="2018-04-27T14:43:40.334-05:00" session_time="36379423613" tracker_time="1524854613264" system_time="1524854620334" nano_time="1124456318077065" gazeId="446" duration="26297" path="C:\CodeSummarizationStudy\_tasks\Sequence 7\T2-SO.txt" line_height="22" font_height="14" line="1" col="48" line_base_x="414" line_base_y="700"/>
        <response name="java - NoClassDefFoundError org/eclipse/swt/SWTError - Stack Overflow" type="browser" x="831.0" y="472.0" left_validation="1" right_validation="1" left_pupil_diameter="2.3507937476748513" right_pupil_diameter="2.422791980561756" timestamp="2018-04-27T14:44:06.631-05:00" session_time="62676473273" tracker_time="1524854639561" system_time="1524854646631" nano_time="1124482615126725" gazeId="448" duration="334" url="https://stackoverflow.com/questions/11959334/noclassdeffounderror-org-eclipse-swt-swterror" Id="11959334">
            <soe part="QUESTION" part_number="1" type="TEXT" type_number="1"/>
        </response>
        <response name="java - NoClassDefFoundError org/eclipse/swt/SWTError - Stack Overflow" type="browser" x="779.0" y="472.0" left_validation="1" right_validation="1" left_pupil_diameter="2.3292363484700522" right_pupil_diameter="2.4195073445638022" timestamp="2018-04-27T14:44:06.965-05:00" session_time="63010622571" tracker_time="1524854639894" system_time="1524854646965" nano_time="1124482949276023" gazeId="468" duration="82" url="https://stackoverflow.com/questions/11959334/noclassdeffounderror-org-eclipse-swt-swterror" Id="11959334">
            <soe part="QUESTION" part_number="1" type="TEXT" type_number="1"/>
        </response>
        <response name="java - NoClassDefFoundError org/eclipse/swt/SWTError - Stack Overflow" type="browser" x="729.0" y="467.0" left_validation="1" right_validation="1" left_pupil_diameter="1.9216421804120463" right_pupil_diameter="2.4392862627583165" timestamp="2018-04-27T14:44:07.047-05:00" session_time="63092413691" tracker_time="1524854639978" system_time="1524854647047" nano_time="1124483031067143" gazeId="473" duration="750" url="https://stackoverflow.com/questions/11959334/noclassdeffounderror-org-eclipse-swt-swterror" Id="11959334">
            <soe part="QUESTION" part_number="1" type="TEXT" type_number="1"/>
        </response>
        <response name="java - NoClassDefFoundError org/eclipse/swt/SWTError - Stack Overflow" type="browser" x="801.0" y="454.0" left_validation="1" right_validation="1" left_pupil_diameter="2.3690530528192935" right_pupil_diameter="2.4218159551205845" timestamp="2018-04-27T14:44:07.797-05:00" session_time="63842302165" tracker_time="1524854640727" system_time="1524854647797" nano_time="1124483780955617" gazeId="503" duration="634" url="https://stackoverflow.com/questions/11959334/noclassdeffounderror-org-eclipse-swt-swterror" Id="11959334">
            <soe part="QUESTION" part_number="1" type="TEXT" type_number="1"/>
        </response>
        <response name="java - NoClassDefFoundError org/eclipse/swt/SWTError - Stack Overflow" type="browser" x="839.5" y="473.0" left_validation="1" right_validation="1" left_pupil_diameter="2.135349455333891" right_pupil_diameter="2.403038751511347" timestamp="2018-04-27T14:44:08.431-05:00" session_time="64476057886" tracker_time="1524854641361" system_time="1524854648431" nano_time="1124484414711338" gazeId="525" duration="916" url="https://stackoverflow.com/questions/11959334/noclassdeffounderror-org-eclipse-swt-swterror" Id="11959334">
            <soe part="QUESTION" part_number="1" type="TEXT" type_number="1"/>
        </response>
        <response name="java - NoClassDefFoundError org/eclipse/swt/SWTError - Stack Overflow" type="browser" x="861.0" y="501.0" left_validation="1" right_validation="1" left_pupil_diameter="2.1959880482066763" right_pupil_diameter="2.542083046653054" timestamp="2018-04-27T14:44:09.347-05:00" session_time="65392247749" tracker_time="1524854642277" system_time="1524854649347" nano_time="1124485330901201" gazeId="566" duration="349" url="https://stackoverflow.com/questions/11959334/noclassdeffounderror-org-eclipse-swt-swterror" Id="11959334">
            <soe part="QUESTION" part_number="1" type="CODE" type_number="1"/>
        </response>
        <response name="java - NoClassDefFoundError org/eclipse/swt/SWTError - Stack Overflow" type="browser" x="974.0" y="436.5" left_validation="1" right_validation="1" left_pupil_diameter="2.4412975311279297" right_pupil_diameter="2.5836238861083984" timestamp="2018-04-27T14:44:09.729-05:00" session_time="65775438142" tracker_time="1524854642661" system_time="1524854649729" nano_time="1124485714091594" gazeId="589" duration="550" url="https://stackoverflow.com/questions/11959334/noclassdeffounderror-org-eclipse-swt-swterror" Id="11959334">
            <soe part="QUESTION" part_number="1" type="TEXT" type_number="1"/>
        </response>
        <response name="java - NoClassDefFoundError org/eclipse/swt/SWTError - Stack Overflow" type="browser" x="1043.0" y="450.0" left_validation="1" right_validation="1" left_pupil_diameter="2.3937530517578125" right_pupil_diameter="2.500623575846354" timestamp="2018-04-27T14:44:10.279-05:00" session_time="66325317378" tracker_time="1524854643211" system_time="1524854650279" nano_time="1124486263970830" gazeId="596" duration="734" url="https://stackoverflow.com/questions/11959334/noclassdeffounderror-org-eclipse-swt-swterror" Id="11959334">
            <soe part="QUESTION" part_number="1" type="TEXT" type_number="1"/>
        </response>
        <response name="java - NoClassDefFoundError org/eclipse/swt/SWTError - Stack Overflow" type="browser" x="1117.0" y="452.0" left_validation="1" right_validation="1" left_pupil_diameter="2.401667277018229" right_pupil_diameter="2.4865019056532116" timestamp="2018-04-27T14:44:11.013-05:00" session_time="67058617501" tracker_time="1524854643944" system_time="1524854651013" nano_time="1124486997270953" gazeId="640" duration="283" url="https://stackoverflow.com/questions/11959334/noclassdeffounderror-org-eclipse-swt-swterror" Id="11959334">
            <soe part="QUESTION" part_number="1" type="TEXT" type_number="1"/>
        </response>
        <response name="java - NoClassDefFoundError org/eclipse/swt/SWTError - Stack Overflow" type="browser" x="1160.0" y="456.0" left_validation="1" right_validation="1" left_pupil_diameter="2.206205579969618" right_pupil_diameter="2.523067898220486" timestamp="2018-04-27T14:44:11.296-05:00" session_time="67341945684" tracker_time="1524854644227" system_time="1524854651296" nano_time="1124487280599136" gazeId="657" duration="850" url="https://stackoverflow.com/questions/11959334/noclassdeffounderror-org-eclipse-swt-swterror" Id="11959334">
            <soe part="QUESTION" part_number="1" type="TEXT" type_number="1"/>
        </response>
        <response name="java - NoClassDefFoundError org/eclipse/swt/SWTError - Stack Overflow" type="browser" x="1223.0" y="463.0" left_validation="1" right_validation="1" left_pupil_diameter="2.4579734802246094" right_pupil_diameter="2.533091152415556" timestamp="2018-04-27T14:44:12.146-05:00" session_time="68191706998" tracker_time="1524854645077" system_time="1524854652146" nano_time="1124488130360450" gazeId="701" duration="1118" url="https://stackoverflow.com/questions/11959334/noclassdeffounderror-org-eclipse-swt-swterror" Id="11959334">
            <soe part="QUESTION" part_number="1" type="CODE" type_number="1"/>
        </response>
        <response name="java - NoClassDefFoundError org/eclipse/swt/SWTError - Stack Overflow" type="browser" x="1151.0" y="462.0" left_validation="1" right_validation="1" left_pupil_diameter="2.4045504056490383" right_pupil_diameter="2.5254454560332245" timestamp="2018-04-27T14:44:13.264-05:00" session_time="69309259074" tracker_time="1524854646193" system_time="1524854653264" nano_time="1124489247912526" gazeId="768" duration="1698" url="https://stackoverflow.com/questions/11959334/noclassdeffounderror-org-eclipse-swt-swterror" Id="11959334">
            <soe part="QUESTION" part_number="1" type="CODE" type_number="1"/>
        </response>
        <response name="java - NoClassDefFoundError org/eclipse/swt/SWTError - Stack Overflow" type="browser" x="1215.0" y="466.0" left_validation="1" right_validation="1" left_pupil_diameter="2.409715864393446" right_pupil_diameter="2.4616673787434897" timestamp="2018-04-27T14:44:14.962-05:00" session_time="71008394614" tracker_time="1524854647893" system_time="1524854654962" nano_time="1124490947048066" gazeId="858" duration="934" url="https://stackoverflow.com/questions/11959334/noclassdeffounderror-org-eclipse-swt-swterror" Id="11959334">
            <soe part="QUESTION" part_number="1" type="CODE" type_number="1"/>
        </response>
        <response name="java - NoClassDefFoundError org/eclipse/swt/SWTError - Stack Overflow" type="browser" x="1098.5" y="479.0" left_validation="1" right_validation="1" left_pupil_diameter="2.389385986328125" right_pupil_diameter="2.4640403747558595" timestamp="2018-04-27T14:44:15.896-05:00" session_time="71941406326" tracker_time="1524854648826" system_time="1524854655896" nano_time="1124491880059778" gazeId="893" duration="316" url="https://stackoverflow.com/questions/11959334/noclassdeffounderror-org-eclipse-swt-swterror" Id="11959334">
            <soe part="QUESTION" part_number="1" type="CODE" type_number="1"/>
        </response>
        <response name="java - NoClassDefFoundError org/eclipse/swt/SWTError - Stack Overflow" type="browser" x="1126.5" y="456.0" left_validation="1" right_validation="1" left_pupil_diameter="2.3681358337402343" right_pupil_diameter="2.447187805175781" timestamp="2018-04-27T14:44:16.212-05:00" session_time="72257895449" tracker_time="1524854649143" system_time="1524854656212" nano_time="1124492196548901" gazeId="912" duration="319" url="https://stackoverflow.com/questions/11959334/noclassdeffounderror-org-eclipse-swt-swterror" Id="11959334">
            <soe part="QUESTION" part_number="1" type="CODE" type_number="1"/>
        </response>
        <response name="java - NoClassDefFoundError org/eclipse/swt/SWTError - Stack Overflow" type="browser" x="722.0" y="458.0" left_validation="1" right_validation="1" left_pupil_diameter="2.0367035498985877" right_pupil_diameter="2.413616473858173" timestamp="2018-04-27T14:44:16.578-05:00" session_time="72624484295" tracker_time="1524854649510" system_time="1524854656578" nano_time="1124492563137747" gazeId="934" duration="1235" url="https://stackoverflow.com/questions/11959334/noclassdeffounderror-org-eclipse-swt-swterror" Id="11959334">
            <soe part="QUESTION" part_number="1" type="CODE" type_number="1"/>
        </response>
        <response name="java - NoClassDefFoundError org/eclipse/swt/SWTError - Stack Overflow" type="browser" x="952.0" y="502.5" left_validation="1" right_validation="1" left_pupil_diameter="2.3369884490966797" right_pupil_diameter="2.3281688690185547" timestamp="2018-04-27T14:44:17.813-05:00" session_time="73858687807" tracker_time="1524854650743" system_time="1524854657813" nano_time="1124493797341259" gazeId="985" duration="2391" url="https://stackoverflow.com/questions/11959334/noclassdeffounderror-org-eclipse-swt-swterror" Id="11959334">
            <soe part="QUESTION" part_number="1" type="CODE" type_number="1"/>
        </response>
        <response name="java - NoClassDefFoundError org/eclipse/swt/SWTError - Stack Overflow" type="browser" x="1058.0" y="532.0" left_validation="1" right_validation="1" left_pupil_diameter="2.0876553443170365" right_pupil_diameter="2.2265738210370465" timestamp="2018-04-27T14:44:20.228-05:00" session_time="76274139233" tracker_time="1524854653159" system_time="1524854660228" nano_time="1124496212792685" gazeId="994" duration="500" url="https://stackoverflow.com/questions/11959334/noclassdeffounderror-org-eclipse-swt-swterror" Id="11959334">
            <soe part="ANSWER" part_number="1" type="COMMENT" type_number="1"/>
        </response>
        <response name="java - NoClassDefFoundError org/eclipse/swt/SWTError - Stack Overflow" type="browser" x="893.0" y="545.0" left_validation="1" right_validation="1" left_pupil_diameter="0.46579787310431986" right_pupil_diameter="2.2503608254825367" timestamp="2018-04-27T14:44:20.728-05:00" session_time="76774206863" tracker_time="1524854653659" system_time="1524854660728" nano_time="1124496712860315" gazeId="1024" duration="268" url="https://stackoverflow.com/questions/11959334/noclassdeffounderror-org-eclipse-swt-swterror" Id="11959334">
            <soe part="ANSWER" part_number="1" type="COMMENT" type_number="1"/>
        </response>
        <response name="java - NoClassDefFoundError org/eclipse/swt/SWTError - Stack Overflow" type="browser" x="827.0" y="538.0" left_validation="1" right_validation="1" left_pupil_diameter="0.2442508619658801" right_pupil_diameter="2.2751766905492667" timestamp="2018-04-27T14:44:20.996-05:00" session_time="77041731136" tracker_time="1524854653926" system_time="1524854660996" nano_time="1124496980384588" gazeId="1040" duration="1583" url="https://stackoverflow.com/questions/11959334/noclassdeffounderror-org-eclipse-swt-swterror" Id="11959334">
            <soe part="ANSWER" part_number="1" type="COMMENT" type_number="1"/>
        </response>
        <response name="java - NoClassDefFoundError org/eclipse/swt/SWTError - Stack Overflow" type="browser" x="765.0" y="372.0" left_validation="1" right_validation="1" left_pupil_diameter="1.9727841463955966" right_pupil_diameter="2.5316015070134945" timestamp="2018-04-27T14:44:22.579-05:00" session_time="78624263259" tracker_time="1524854655509" system_time="1524854662579" nano_time="1124498562916711" gazeId="1088" duration="901" url="https://stackoverflow.com/questions/11959334/noclassdeffounderror-org-eclipse-swt-swterror" Id="11959334">
            <soe part="ANSWER" part_number="1" type="TEXT" type_number="2"/>
        </response>
        <response name="java - NoClassDefFoundError org/eclipse/swt/SWTError - Stack Overflow" type="browser" x="836.5" y="376.5" left_validation="1" right_validation="1" left_pupil_diameter="2.475909423828125" right_pupil_diameter="2.619647216796875" timestamp="2018-04-27T14:44:23.48-05:00" session_time="79526404305" tracker_time="1524854656409" system_time="1524854663480" nano_time="1124499465057757" gazeId="1142" duration="147" url="https://stackoverflow.com/questions/11959334/noclassdeffounderror-org-eclipse-swt-swterror" Id="11959334">
            <soe part="ANSWER" part_number="1" type="CODE" type_number="1"/>
        </response>
        <response name="java - NoClassDefFoundError org/eclipse/swt/SWTError - Stack Overflow" type="browser" x="946.0" y="380.0" left_validation="1" right_validation="1" left_pupil_diameter="0.9530293782552083" right_pupil_diameter="2.6943878173828124" timestamp="2018-04-27T14:44:23.627-05:00" session_time="79673683744" tracker_time="1524854656559" system_time="1524854663627" nano_time="1124499612337196" gazeId="1151" duration="735" url="https://stackoverflow.com/questions/11959334/noclassdeffounderror-org-eclipse-swt-swterror" Id="11959334">
            <soe part="ANSWER" part_number="1" type="CODE" type_number="1"/>
        </response>
        <response name="java - NoClassDefFoundError org/eclipse/swt/SWTError - Stack Overflow" type="browser" x="1095.5" y="390.0" left_validation="1" right_validation="1" left_pupil_diameter="2.520025773481889" right_pupil_diameter="2.7744986794211646" timestamp="2018-04-27T14:44:24.362-05:00" session_time="80407880475" tracker_time="1524854657292" system_time="1524854664362" nano_time="1124500346533927" gazeId="1195" duration="351" url="https://stackoverflow.com/questions/11959334/noclassdeffounderror-org-eclipse-swt-swterror" Id="11959334">
            <soe part="ANSWER" part_number="1" type="TEXT" type_number="2"/>
        </response>
        <response name="java - NoClassDefFoundError org/eclipse/swt/SWTError - Stack Overflow" type="browser" x="1131.5" y="397.0" left_validation="1" right_validation="1" left_pupil_diameter="2.3121761745876737" right_pupil_diameter="2.737699720594618" timestamp="2018-04-27T14:44:24.713-05:00" session_time="80758879482" tracker_time="1524854657642" system_time="1524854664713" nano_time="1124500697532934" gazeId="1216" duration="282" url="https://stackoverflow.com/questions/11959334/noclassdeffounderror-org-eclipse-swt-swterror" Id="11959334">
            <soe part="ANSWER" part_number="1" type="TEXT" type_number="2"/>
        </response>
        <response name="java - NoClassDefFoundError org/eclipse/swt/SWTError - Stack Overflow" type="browser" x="1002.0" y="395.0" left_validation="1" right_validation="1" left_pupil_diameter="0.9704257280398638" right_pupil_diameter="2.6842487041766825" timestamp="2018-04-27T14:44:24.995-05:00" session_time="81040929834" tracker_time="1524854657925" system_time="1524854664995" nano_time="1124500979583286" gazeId="1233" duration="873" url="https://stackoverflow.com/questions/11959334/noclassdeffounderror-org-eclipse-swt-swterror" Id="11959334">
            <soe part="ANSWER" part_number="1" type="TEXT" type_number="2"/>
        </response>
        <response name="java - NoClassDefFoundError org/eclipse/swt/SWTError - Stack Overflow" type="browser" x="935.0" y="393.5" left_validation="1" right_validation="1" left_pupil_diameter="-0.08739689418247767" right_pupil_diameter="2.631559099469866" timestamp="2018-04-27T14:44:25.868-05:00" session_time="81913564553" tracker_time="1524854658792" system_time="1524854665868" nano_time="1124501852218005" gazeId="1271" duration="276" url="https://stackoverflow.com/questions/11959334/noclassdeffounderror-org-eclipse-swt-swterror" Id="11959334">
            <soe part="ANSWER" part_number="2" type="TEXT" type_number="4"/>
        </response>
        <response name="java - NoClassDefFoundError org/eclipse/swt/SWTError - Stack Overflow" type="browser" x="1112.0" y="411.0" left_validation="1" right_validation="1" left_pupil_diameter="-0.26806640625" right_pupil_diameter="2.7166205512152777" timestamp="2018-04-27T14:44:26.144-05:00" session_time="82190256516" tracker_time="1524854659075" system_time="1524854666144" nano_time="1124502128909968" gazeId="1284" duration="285" url="https://stackoverflow.com/questions/11959334/noclassdeffounderror-org-eclipse-swt-swterror" Id="11959334">
            <soe part="ANSWER" part_number="2" type="TEXT" type_number="4"/>
        </response>
        <response name="java - NoClassDefFoundError org/eclipse/swt/SWTError - Stack Overflow" type="browser" x="1144.0" y="388.0" left_validation="1" right_validation="1" left_pupil_diameter="-0.16880847561743953" right_pupil_diameter="2.721280990108367" timestamp="2018-04-27T14:44:26.429-05:00" session_time="82474212252" tracker_time="1524854659358" system_time="1524854666429" nano_time="1124502412865704" gazeId="1301" duration="690" url="https://stackoverflow.com/questions/11959334/noclassdeffounderror-org-eclipse-swt-swterror" Id="11959334">
            <soe part="ANSWER" part_number="2" type="TEXT" type_number="3"/>
        </response>
        <response name="java - NoClassDefFoundError org/eclipse/swt/SWTError - Stack Overflow" type="browser" x="910.0" y="367.0" left_validation="1" right_validation="1" left_pupil_diameter="-1.0" right_pupil_diameter="2.720479864823191" timestamp="2018-04-27T14:44:27.119-05:00" session_time="83164293368" tracker_time="1524854660042" system_time="1524854667119" nano_time="1124503102946820" gazeId="1331" duration="298" url="https://stackoverflow.com/questions/11959334/noclassdeffounderror-org-eclipse-swt-swterror" Id="11959334">
            <soe part="ANSWER" part_number="2" type="TEXT" type_number="3"/>
        </response>
        <response name="java - NoClassDefFoundError org/eclipse/swt/SWTError - Stack Overflow" type="browser" x="948.0" y="376.0" left_validation="1" right_validation="1" left_pupil_diameter="-1.0" right_pupil_diameter="2.695887247721354" timestamp="2018-04-27T14:44:27.417-05:00" session_time="83462584571" tracker_time="1524854660342" system_time="1524854667417" nano_time="1124503401238023" gazeId="1349" duration="77" url="https://stackoverflow.com/questions/11959334/noclassdeffounderror-org-eclipse-swt-swterror" Id="11959334">
            <soe part="ANSWER" part_number="2" type="TEXT" type_number="3"/>
        </response>
        <response name="java - NoClassDefFoundError org/eclipse/swt/SWTError - Stack Overflow" type="browser" x="1037.0" y="380.0" left_validation="1" right_validation="1" left_pupil_diameter="0.31913612002418157" right_pupil_diameter="2.680382864815848" timestamp="2018-04-27T14:44:27.494-05:00" session_time="83539793311" tracker_time="1524854660425" system_time="1524854667494" nano_time="1124503478446763" gazeId="1354" duration="500" url="https://stackoverflow.com/questions/11959334/noclassdeffounderror-org-eclipse-swt-swterror" Id="11959334">
            <soe part="ANSWER" part_number="2" type="TEXT" type_number="3"/>
        </response>
        <response name="java - NoClassDefFoundError org/eclipse/swt/SWTError - Stack Overflow" type="browser" x="1100.0" y="393.0" left_validation="1" right_validation="1" left_pupil_diameter="2.4612565474076704" right_pupil_diameter="2.687197598544034" timestamp="2018-04-27T14:44:27.994-05:00" session_time="84039698189" tracker_time="1524854660925" system_time="1524854667994" nano_time="1124503978351641" gazeId="1374" duration="167" url="https://stackoverflow.com/questions/11959334/noclassdeffounderror-org-eclipse-swt-swterror" Id="11959334">
            <soe part="ANSWER" part_number="2" type="TEXT" type_number="1"/>
        </response>
        <response name="java - NoClassDefFoundError org/eclipse/swt/SWTError - Stack Overflow" type="browser" x="960.0" y="417.0" left_validation="1" right_validation="1" left_pupil_diameter="2.4620802137586804" right_pupil_diameter="2.6538458930121527" timestamp="2018-04-27T14:44:28.161-05:00" session_time="84207211061" tracker_time="1524854661092" system_time="1524854668161" nano_time="1124504145864513" gazeId="1384" duration="4049" url="https://stackoverflow.com/questions/11959334/noclassdeffounderror-org-eclipse-swt-swterror" Id="11959334">
            <soe part="QUESTION" part_number="1" type="CODE" type_number="1"/>
        </response>
        <response name="java - SWTError: Not implemented [multiple displays] - Stack Overflow" type="browser" x="898.0" y="430.0" left_validation="1" right_validation="1" left_pupil_diameter="2.4641417216479296" right_pupil_diameter="2.569326881470719" timestamp="2018-04-27T14:44:32.21-05:00" session_time="88255760965" tracker_time="1524854665141" system_time="1524854672210" nano_time="1124508194414417" gazeId="1392" duration="2033" url="https://stackoverflow.com/questions/14768131/swterror-not-implemented-multiple-displays" Id="14768131">
            <soe part="QUESTION" part_number="1" type="CODE" type_number="2"/>
        </response>
        <response name="java - SWTError: Not implemented [multiple displays] - Stack Overflow" type="browser" x="954.0" y="453.0" left_validation="1" right_validation="1" left_pupil_diameter="2.370296993771115" right_pupil_diameter="2.481570682010135" timestamp="2018-04-27T14:44:34.243-05:00" session_time="90288923004" tracker_time="1524854667174" system_time="1524854674243" nano_time="1124510227576456" gazeId="1514" duration="600" url="https://stackoverflow.com/questions/14768131/swterror-not-implemented-multiple-displays" Id="14768131">
            <soe part="QUESTION" part_number="1" type="CODE" type_number="2"/>
        </response>
        <response name="java - SWTError: Not implemented [multiple displays] - Stack Overflow" type="browser" x="988.5" y="476.0" left_validation="1" right_validation="1" left_pupil_diameter="2.330500284830729" right_pupil_diameter="2.4957656860351562" timestamp="2018-04-27T14:44:34.843-05:00" session_time="90888780265" tracker_time="1524854667774" system_time="1524854674843" nano_time="1124510827433717" gazeId="1550" duration="83" url="https://stackoverflow.com/questions/14768131/swterror-not-implemented-multiple-displays" Id="14768131">
            <soe part="QUESTION" part_number="1" type="CODE" type_number="2"/>
        </response>
        <response name="java - SWTError: Not implemented [multiple displays] - Stack Overflow" type="browser" x="1056.0" y="490.0" left_validation="1" right_validation="1" left_pupil_diameter="2.0569208318536933" right_pupil_diameter="2.4748696991891572" timestamp="2018-04-27T14:44:34.926-05:00" session_time="90972055590" tracker_time="1524854667857" system_time="1524854674926" nano_time="1124510910709042" gazeId="1555" duration="851" url="https://stackoverflow.com/questions/14768131/swterror-not-implemented-multiple-displays" Id="14768131">
            <soe part="QUESTION" part_number="1" type="CODE" type_number="2"/>
        </response>
        <response name="java - SWTError: Not implemented [multiple displays] - Stack Overflow" type="browser" x="729.5" y="563.5" left_validation="1" right_validation="1" left_pupil_diameter="0.670654296875" right_pupil_diameter="2.4112205505371094" timestamp="2018-04-27T14:44:35.777-05:00" session_time="91822152674" tracker_time="1524854668707" system_time="1524854675777" nano_time="1124511760806126" gazeId="1587" duration="316" url="https://stackoverflow.com/questions/14768131/swterror-not-implemented-multiple-displays" Id="14768131">
            <soe part="ANSWER" part_number="1" type="TEXT" type_number="3"/>
        </response>
        <response name="java - SWTError: Not implemented [multiple displays] - Stack Overflow" type="browser" x="749.0" y="520.5" left_validation="1" right_validation="1" left_pupil_diameter="2.3595762252807617" right_pupil_diameter="2.3944854736328125" timestamp="2018-04-27T14:44:36.093-05:00" session_time="92138798318" tracker_time="1524854669024" system_time="1524854676093" nano_time="1124512077451770" gazeId="1606" duration="319" url="https://stackoverflow.com/questions/14768131/swterror-not-implemented-multiple-displays" Id="14768131">
            <soe part="ANSWER" part_number="1" type="TEXT" type_number="3"/>
        </response>
        <response name="java - SWTError: Not implemented [multiple displays] - Stack Overflow" type="browser" x="739.0" y="449.0" left_validation="1" right_validation="1" left_pupil_diameter="1.967866613509807" right_pupil_diameter="2.3710210272606385" timestamp="2018-04-27T14:44:36.412-05:00" session_time="92457545457" tracker_time="1524854669340" system_time="1524854676412" nano_time="1124512396198909" gazeId="1621" duration="915" url="https://stackoverflow.com/questions/14768131/swterror-not-implemented-multiple-displays" Id="14768131">
            <soe part="ANSWER" part_number="1" type="TEXT" type_number="2"/>
        </response>
        <response name="java - SWTError: Not implemented [multiple displays] - Stack Overflow" type="browser" x="826.0" y="297.0" left_validation="1" right_validation="1" left_pupil_diameter="2.303999059340533" right_pupil_diameter="2.5899438297047332" timestamp="2018-04-27T14:44:37.327-05:00" session_time="93372993400" tracker_time="1524854670257" system_time="1524854677327" nano_time="1124513311646852" gazeId="1667" duration="1349" url="https://stackoverflow.com/questions/14768131/swterror-not-implemented-multiple-displays" Id="14768131">
            <soe part="ANSWER" part_number="1" type="TEXT" type_number="1"/>
        </response>
        <response name="java - SWTError: Not implemented [multiple displays] - Stack Overflow" type="browser" x="812.0" y="393.0" left_validation="1" right_validation="1" left_pupil_diameter="2.2814239501953124" right_pupil_diameter="2.5600164794921874" timestamp="2018-04-27T14:44:38.676-05:00" session_time="94721816501" tracker_time="1524854671607" system_time="1524854678676" nano_time="1124514660469953" gazeId="1700" duration="567" url="https://stackoverflow.com/questions/14768131/swterror-not-implemented-multiple-displays" Id="14768131">
            <soe part="ANSWER" part_number="1" type="TEXT" type_number="2"/>
        </response>
        <response name="java - SWTError: Not implemented [multiple displays] - Stack Overflow" type="browser" x="852.0" y="377.0" left_validation="1" right_validation="1" left_pupil_diameter="2.4899727957589284" right_pupil_diameter="2.687870570591518" timestamp="2018-04-27T14:44:39.243-05:00" session_time="95288196480" tracker_time="1524854672173" system_time="1524854679243" nano_time="1124515226849932" gazeId="1724" duration="99" url="https://stackoverflow.com/questions/14768131/swterror-not-implemented-multiple-displays" Id="14768131">
            <soe part="ANSWER" part_number="1" type="CODE" type_number="7"/>
        </response>
        <response name="java - SWTError: Not implemented [multiple displays] - Stack Overflow" type="browser" x="1089.5" y="295.5" left_validation="1" right_validation="1" left_pupil_diameter="2.344972610473633" right_pupil_diameter="2.57843017578125" timestamp="2018-04-27T14:44:39.342-05:00" session_time="95388213745" tracker_time="1524854672273" system_time="1524854679342" nano_time="1124515326867197" gazeId="1730" duration="6899" url="https://stackoverflow.com/questions/14768131/swterror-not-implemented-multiple-displays" Id="14768131">
            <soe part="ANSWER" part_number="1" type="COMMENT" type_number="5"/>
        </response>
        <response name="java - SWTError: Not implemented [multiple displays] in Eclipse plug-in devlopment - Stack Overflow" type="browser" x="758.0" y="303.0" left_validation="1" right_validation="1" left_pupil_diameter="2.3611792105215565" right_pupil_diameter="2.484678197790075" timestamp="2018-04-27T14:44:46.241-05:00" session_time="102287283377" tracker_time="1524854679173" system_time="1524854686241" nano_time="1124522225936829" gazeId="1761" duration="3700" url="https://stackoverflow.com/questions/40259589/swterror-not-implemented-multiple-displays-in-eclipse-plug-in-devlopment" Id="40259589">
            <soe part="QUESTION" part_number="1" type="TITLE" type_number="1"/>
        </response>
        <response name="java - SWTError: Not implemented [multiple displays] in Eclipse plug-in devlopment - Stack Overflow" type="browser" x="762.0" y="355.0" left_validation="1" right_validation="1" left_pupil_diameter="2.2361065673828127" right_pupil_diameter="2.4414569091796876" timestamp="2018-04-27T14:44:49.941-05:00" session_time="105986793541" tracker_time="1524854682872" system_time="1524854689941" nano_time="1124525925446993" gazeId="1814" duration="566" url="https://stackoverflow.com/questions/40259589/swterror-not-implemented-multiple-displays-in-eclipse-plug-in-devlopment" Id="40259589">
            <soe part="QUESTION" part_number="1" type="CODE" type_number="2"/>
        </response>
        <response name="java - SWTError: Not implemented [multiple displays] in Eclipse plug-in devlopment - Stack Overflow" type="browser" x="859.5" y="385.0" left_validation="1" right_validation="1" left_pupil_diameter="2.4298985799153647" right_pupil_diameter="2.5337677001953125" timestamp="2018-04-27T14:44:50.507-05:00" session_time="106553352769" tracker_time="1524854683439" system_time="1524854690507" nano_time="1124526492006221" gazeId="1838" duration="85" url="https://stackoverflow.com/questions/40259589/swterror-not-implemented-multiple-displays-in-eclipse-plug-in-devlopment" Id="40259589">
            <soe part="QUESTION" part_number="1" type="CODE" type_number="2"/>
        </response>
        <response name="java - SWTError: Not implemented [multiple displays] in Eclipse plug-in devlopment - Stack Overflow" type="browser" x="899.0" y="366.0" left_validation="1" right_validation="1" left_pupil_diameter="2.4370588822798296" right_pupil_diameter="2.5711184414950283" timestamp="2018-04-27T14:44:50.592-05:00" session_time="106637450657" tracker_time="1524854683522" system_time="1524854690592" nano_time="1124526576104109" gazeId="1843" duration="166" url="https://stackoverflow.com/questions/40259589/swterror-not-implemented-multiple-displays-in-eclipse-plug-in-devlopment" Id="40259589">
            <soe part="QUESTION" part_number="1" type="CODE" type_number="2"/>
        </response>
        <response name="java - SWTError: Not implemented [multiple displays] in Eclipse plug-in devlopment - Stack Overflow" type="browser" x="874.5" y="334.5" left_validation="1" right_validation="1" left_pupil_diameter="2.405450439453125" right_pupil_diameter="2.538330078125" timestamp="2018-04-27T14:44:50.758-05:00" session_time="106803322802" tracker_time="1524854683689" system_time="1524854690758" nano_time="1124526741976254" gazeId="1853" duration="150" url="https://stackoverflow.com/questions/40259589/swterror-not-implemented-multiple-displays-in-eclipse-plug-in-devlopment" Id="40259589">
            <soe part="QUESTION" part_number="1" type="CODE" type_number="2"/>
        </response>
        <response name="java - SWTError: Not implemented [multiple displays] in Eclipse plug-in devlopment - Stack Overflow" type="browser" x="828.5" y="347.0" left_validation="1" right_validation="1" left_pupil_diameter="2.416775910750679" right_pupil_diameter="2.5354000589121943" timestamp="2018-04-27T14:44:50.908-05:00" session_time="106953331655" tracker_time="1524854683839" system_time="1524854690908" nano_time="1124526891985107" gazeId="1862" duration="750" url="https://stackoverflow.com/questions/40259589/swterror-not-implemented-multiple-displays-in-eclipse-plug-in-devlopment" Id="40259589">
            <soe part="QUESTION" part_number="1" type="CODE" type_number="2"/>
        </response>
        <response name="java - SWTError: Not implemented [multiple displays] in Eclipse plug-in devlopment - Stack Overflow" type="browser" x="936.0" y="349.0" left_validation="1" right_validation="1" left_pupil_diameter="2.4475464820861816" right_pupil_diameter="2.5909571647644043" timestamp="2018-04-27T14:44:51.658-05:00" session_time="107703263016" tracker_time="1524854684589" system_time="1524854691658" nano_time="1124527641916468" gazeId="1907" duration="516" url="https://stackoverflow.com/questions/40259589/swterror-not-implemented-multiple-displays-in-eclipse-plug-in-devlopment" Id="40259589">
            <soe part="QUESTION" part_number="1" type="CODE" type_number="2"/>
        </response>
        <response name="java - SWTError: Not implemented [multiple displays] in Eclipse plug-in devlopment - Stack Overflow" type="browser" x="987.0" y="362.0" left_validation="1" right_validation="1" left_pupil_diameter="2.5041656494140625" right_pupil_diameter="2.6553743150499134" timestamp="2018-04-27T14:44:52.174-05:00" session_time="108219923763" tracker_time="1524854685105" system_time="1524854692174" nano_time="1124528158577215" gazeId="1938" duration="336" url="https://stackoverflow.com/questions/40259589/swterror-not-implemented-multiple-displays-in-eclipse-plug-in-devlopment" Id="40259589">
            <soe part="QUESTION" part_number="1" type="CODE" type_number="2"/>
        </response>
        <response name="java - SWTError: Not implemented [multiple displays] in Eclipse plug-in devlopment - Stack Overflow" type="browser" x="1038.5" y="375.5" left_validation="1" right_validation="1" left_pupil_diameter="2.5448201497395835" right_pupil_diameter="2.693450927734375" timestamp="2018-04-27T14:44:52.51-05:00" session_time="108555402944" tracker_time="1524854685438" system_time="1524854692510" nano_time="1124528494056396" gazeId="1955" duration="80" url="https://stackoverflow.com/questions/40259589/swterror-not-implemented-multiple-displays-in-eclipse-plug-in-devlopment" Id="40259589">
            <soe part="QUESTION" part_number="1" type="CODE" type_number="2"/>
        </response>
        <response name="java - SWTError: Not implemented [multiple displays] in Eclipse plug-in devlopment - Stack Overflow" type="browser" x="1083.0" y="361.0" left_validation="1" right_validation="1" left_pupil_diameter="2.241100169994213" right_pupil_diameter="2.6999472158926503" timestamp="2018-04-27T14:44:52.59-05:00" session_time="108636382865" tracker_time="1524854685522" system_time="1524854692590" nano_time="1124528575036317" gazeId="1960" duration="437" url="https://stackoverflow.com/questions/40259589/swterror-not-implemented-multiple-displays-in-eclipse-plug-in-devlopment" Id="40259589">
            <soe part="QUESTION" part_number="1" type="CODE" type_number="2"/>
        </response>
        <response name="java - SWTError: Not implemented [multiple displays] in Eclipse plug-in devlopment - Stack Overflow" type="browser" x="1145.0" y="356.0" left_validation="1" right_validation="1" left_pupil_diameter="2.545159912109375" right_pupil_diameter="2.6786041259765625" timestamp="2018-04-27T14:44:53.027-05:00" session_time="109072135171" tracker_time="1524854685955" system_time="1524854693027" nano_time="1124529010788623" gazeId="1986" duration="64" url="https://stackoverflow.com/questions/40259589/swterror-not-implemented-multiple-displays-in-eclipse-plug-in-devlopment" Id="40259589">
            <soe part="QUESTION" part_number="1" type="CODE" type_number="2"/>
        </response>
        <response name="java - SWTError: Not implemented [multiple displays] in Eclipse plug-in devlopment - Stack Overflow" type="browser" x="1217.0" y="358.0" left_validation="1" right_validation="1" left_pupil_diameter="2.497646208732359" right_pupil_diameter="2.6324049426663305" timestamp="2018-04-27T14:44:53.091-05:00" session_time="109136511344" tracker_time="1524854686022" system_time="1524854693091" nano_time="1124529075164796" gazeId="1990" duration="4766" url="https://stackoverflow.com/questions/40259589/swterror-not-implemented-multiple-displays-in-eclipse-plug-in-devlopment" Id="40259589">
            <soe part="QUESTION" part_number="1" type="CODE" type_number="2"/>
        </response>
        <response name="java - SWTError: Not implemented [multiple displays] in Eclipse plug-in devlopment - Stack Overflow" type="browser" x="1007.5" y="432.0" left_validation="1" right_validation="1" left_pupil_diameter="0.08530680338541667" right_pupil_diameter="2.4500757853190103" timestamp="2018-04-27T14:44:57.857-05:00" session_time="113902418533" tracker_time="1524854690788" system_time="1524854697857" nano_time="1124533841071985" gazeId="2020" duration="283" url="https://stackoverflow.com/questions/40259589/swterror-not-implemented-multiple-displays-in-eclipse-plug-in-devlopment" Id="40259589">
            <soe part="ANSWER" part_number="1" type="TEXT" type_number="1"/>
        </response>
        <response name="java - SWTError: Not implemented [multiple displays] in Eclipse plug-in devlopment - Stack Overflow" type="browser" x="904.0" y="440.0" left_validation="1" right_validation="1" left_pupil_diameter="2.4690144856770835" right_pupil_diameter="2.455108642578125" timestamp="2018-04-27T14:44:58.173-05:00" session_time="114218991232" tracker_time="1524854691104" system_time="1524854698173" nano_time="1124534157644684" gazeId="2027" duration="33" url="https://stackoverflow.com/questions/40259589/swterror-not-implemented-multiple-displays-in-eclipse-plug-in-devlopment" Id="40259589">
            <soe part="ANSWER" part_number="1" type="TEXT" type_number="2"/>
        </response>
        <response name="java - SWTError: Not implemented [multiple displays] in Eclipse plug-in devlopment - Stack Overflow" type="browser" x="770.0" y="427.5" left_validation="1" right_validation="1" left_pupil_diameter="2.4244761747472428" right_pupil_diameter="2.4761051851160385" timestamp="2018-04-27T14:44:58.206-05:00" session_time="114252366976" tracker_time="1524854691138" system_time="1524854698206" nano_time="1124534191020428" gazeId="2029" duration="2367" url="https://stackoverflow.com/questions/40259589/swterror-not-implemented-multiple-displays-in-eclipse-plug-in-devlopment" Id="40259589">
            <soe part="ANSWER" part_number="1" type="TEXT" type_number="2"/>
        </response>
        <response name="java - SWTError: Not implemented [multiple displays] in Eclipse plug-in devlopment - Stack Overflow" type="browser" x="1009.5" y="538.5" left_validation="1" right_validation="1" left_pupil_diameter="2.44683837890625" right_pupil_diameter="2.5529301961263022" timestamp="2018-04-27T14:45:00.573-05:00" session_time="116618697763" tracker_time="1524854693504" system_time="1524854700573" nano_time="1124536557351215" gazeId="2062" duration="984" url="https://stackoverflow.com/questions/40259589/swterror-not-implemented-multiple-displays-in-eclipse-plug-in-devlopment" Id="40259589">
            <soe part="ANSWER" part_number="1" type="COMMENT" type_number="4"/>
        </response>
        <response name="java - SWTError: Not implemented [multiple displays] in Eclipse plug-in devlopment - Stack Overflow" type="browser" x="771.0" y="533.5" left_validation="1" right_validation="1" left_pupil_diameter="2.4246902465820312" right_pupil_diameter="2.5557861328125" timestamp="2018-04-27T14:45:01.557-05:00" session_time="117602128473" tracker_time="1524854694487" system_time="1524854701557" nano_time="1124537540781925" gazeId="2073" duration="382" url="https://stackoverflow.com/questions/40259589/swterror-not-implemented-multiple-displays-in-eclipse-plug-in-devlopment" Id="40259589">
            <soe part="ANSWER" part_number="2" type="CODE" type_number="3"/>
        </response>
        <response name="java - SWTError: Not implemented [multiple displays] in Eclipse plug-in devlopment - Stack Overflow" type="browser" x="869.5" y="522.5" left_validation="1" right_validation="1" left_pupil_diameter="2.3562240600585938" right_pupil_diameter="2.4532699584960938" timestamp="2018-04-27T14:45:01.939-05:00" session_time="117985239689" tracker_time="1524854694871" system_time="1524854701939" nano_time="1124537923893141" gazeId="2096" duration="184" url="https://stackoverflow.com/questions/40259589/swterror-not-implemented-multiple-displays-in-eclipse-plug-in-devlopment" Id="40259589">
            <soe part="ANSWER" part_number="2" type="CODE" type_number="3"/>
        </response>
        <response name="java - SWTError: Not implemented [multiple displays] in Eclipse plug-in devlopment - Stack Overflow" type="browser" x="933.0" y="520.5" left_validation="1" right_validation="1" left_pupil_diameter="2.4043697781032987" right_pupil_diameter="2.479608323838976" timestamp="2018-04-27T14:45:02.123-05:00" session_time="118168558672" tracker_time="1524854695054" system_time="1524854702123" nano_time="1124538107212124" gazeId="2107" duration="283" url="https://stackoverflow.com/questions/40259589/swterror-not-implemented-multiple-displays-in-eclipse-plug-in-devlopment" Id="40259589">
            <soe part="ANSWER" part_number="2" type="CODE" type_number="3"/>
        </response>
        <response name="java - SWTError: Not implemented [multiple displays] in Eclipse plug-in devlopment - Stack Overflow" type="browser" x="988.0" y="528.0" left_validation="1" right_validation="1" left_pupil_diameter="2.42911868625217" right_pupil_diameter="2.5258009168836804" timestamp="2018-04-27T14:45:02.406-05:00" session_time="118452092495" tracker_time="1524854695337" system_time="1524854702406" nano_time="1124538390745947" gazeId="2124" duration="1016" url="https://stackoverflow.com/questions/40259589/swterror-not-implemented-multiple-displays-in-eclipse-plug-in-devlopment" Id="40259589">
            <soe part="ANSWER" part_number="2" type="CODE" type_number="3"/>
        </response>
        <response name="java - SWTError: Not implemented [multiple displays] in Eclipse plug-in devlopment - Stack Overflow" type="browser" x="1158.5" y="553.5" left_validation="1" right_validation="1" left_pupil_diameter="2.4734073215060763" right_pupil_diameter="2.584827846950955" timestamp="2018-04-27T14:45:03.422-05:00" session_time="119468353141" tracker_time="1524854696354" system_time="1524854703422" nano_time="1124539407006593" gazeId="2141" duration="284" url="https://stackoverflow.com/questions/40259589/swterror-not-implemented-multiple-displays-in-eclipse-plug-in-devlopment" Id="40259589">
            <soe part="ANSWER" part_number="1" type="TEXT" type_number="1"/>
        </response>
        <response name="java - SWTError: Not implemented [multiple displays] in Eclipse plug-in devlopment - Stack Overflow" type="browser" x="1106.0" y="548.0" left_validation="1" right_validation="1" left_pupil_diameter="2.5182647705078125" right_pupil_diameter="2.5554718017578124" timestamp="2018-04-27T14:45:03.706-05:00" session_time="119751768199" tracker_time="1524854696637" system_time="1524854703706" nano_time="1124539690421651" gazeId="2158" duration="68" url="https://stackoverflow.com/questions/40259589/swterror-not-implemented-multiple-displays-in-eclipse-plug-in-devlopment" Id="40259589">
            <soe part="QUESTION" part_number="1" type="TEXT" type_number="3"/>
        </response>
        <response name="java - SWTError: Not implemented [multiple displays] in Eclipse plug-in devlopment - Stack Overflow" type="browser" x="1055.0" y="565.0" left_validation="1" right_validation="1" left_pupil_diameter="2.4838313052528784" right_pupil_diameter="2.545863101356908" timestamp="2018-04-27T14:45:03.774-05:00" session_time="119819207723" tracker_time="1524854696704" system_time="1524854703774" nano_time="1124539757861175" gazeId="2162" duration="298" url="https://stackoverflow.com/questions/40259589/swterror-not-implemented-multiple-displays-in-eclipse-plug-in-devlopment" Id="40259589">
            <soe part="QUESTION" part_number="1" type="TEXT" type_number="3"/>
        </response>
        <response name="java - SWTError: Not implemented [multiple displays] in Eclipse plug-in devlopment - Stack Overflow" type="browser" x="964.5" y="554.5" left_validation="1" right_validation="1" left_pupil_diameter="2.5111160278320312" right_pupil_diameter="2.5399576822916665" timestamp="2018-04-27T14:45:04.072-05:00" session_time="120118384537" tracker_time="1524854697004" system_time="1524854704072" nano_time="1124540057037989" gazeId="2180" duration="84" url="https://stackoverflow.com/questions/40259589/swterror-not-implemented-multiple-displays-in-eclipse-plug-in-devlopment" Id="40259589">
            <soe part="QUESTION" part_number="1" type="TEXT" type_number="3"/>
        </response>
        <response name="java - SWTError: Not implemented [multiple displays] in Eclipse plug-in devlopment - Stack Overflow" type="browser" x="900.0" y="525.0" left_validation="1" right_validation="1" left_pupil_diameter="2.4467540067784928" right_pupil_diameter="2.5690846162683822" timestamp="2018-04-27T14:45:04.156-05:00" session_time="120201686987" tracker_time="1524854697087" system_time="1524854704156" nano_time="1124540140340439" gazeId="2185" duration="283" url="https://stackoverflow.com/questions/40259589/swterror-not-implemented-multiple-displays-in-eclipse-plug-in-devlopment" Id="40259589">
            <soe part="QUESTION" part_number="1" type="TEXT" type_number="3"/>
        </response>
    </gazes>
</itrace-records>
