<?xml version="1.0" encoding="UTF-8" standalone="yes"?>
<itrace-records>
    <environment>
        <screen-size width="1920" height="1080"/>
    </environment>
    <gazes>
        <response name="T6-SO.txt" type="txt" x="481.0" y="706.0" left_validation="1" right_validation="1" left_pupil_diameter="3.0072479248046875" right_pupil_diameter="3.1339826583862305" timestamp="2018-05-04T14:46:56.581-05:00" session_time="3583411136" tracker_time="1525459614091" system_time="1525459616581" nano_time="1729461846000031" gazeId="5" duration="333" path="C:\CodeSummarizationStudy\_tasks\Sequence 2\T6-SO.txt" line_height="22" font_height="14" line="3" col="7" line_base_x="414" line_base_y="744"/>
        <response name="T6-SO.txt" type="txt" x="550.0" y="703.0" left_validation="1" right_validation="1" left_pupil_diameter="3.0715423583984376" right_pupil_diameter="3.144110107421875" timestamp="2018-05-04T14:46:56.914-05:00" session_time="3916772328" tracker_time="1525459614425" system_time="1525459616914" nano_time="1729462179361223" gazeId="20" duration="218" path="C:\CodeSummarizationStudy\_tasks\Sequence 2\T6-SO.txt" line_height="22" font_height="14" line="1" col="11" line_base_x="414" line_base_y="700"/>
        <response name="T6-SO.txt" type="txt" x="552.0" y="817.0" left_validation="1" right_validation="1" left_pupil_diameter="3.1614109919621396" right_pupil_diameter="3.3398660513070912" timestamp="2018-05-04T14:46:57.132-05:00" session_time="4134353766" tracker_time="1525459614641" system_time="1525459617132" nano_time="1729462396942661" gazeId="24" duration="549" path="C:\CodeSummarizationStudy\_tasks\Sequence 2\T6-SO.txt" line_height="22" font_height="14" line="1" col="15" line_base_x="414" line_base_y="700"/>
        <response name="T6-SO.txt" type="txt" x="516.0" y="811.5" left_validation="1" right_validation="1" left_pupil_diameter="3.2228736877441406" right_pupil_diameter="3.4384740193684897" timestamp="2018-05-04T14:46:57.681-05:00" session_time="4683178040" tracker_time="1525459615191" system_time="1525459617681" nano_time="1729462945766935" gazeId="36" duration="1317" path="C:\CodeSummarizationStudy\_tasks\Sequence 2\T6-SO.txt" line_height="22" font_height="14" line="6" col="11" line_base_x="414" line_base_y="810"/>
        <response name="T6-SO.txt" type="txt" x="623.5" y="814.5" left_validation="1" right_validation="1" left_pupil_diameter="3.2646560668945312" right_pupil_diameter="3.4616978963216147" timestamp="2018-05-04T14:46:58.998-05:00" session_time="5999760636" tracker_time="1525459616508" system_time="1525459618998" nano_time="1729464262349531" gazeId="47" duration="83" path="C:\CodeSummarizationStudy\_tasks\Sequence 2\T6-SO.txt" line_height="22" font_height="14" line="6" col="22" line_base_x="414" line_base_y="810"/>
        <response name="T6-SO.txt" type="txt" x="511.5" y="827.0" left_validation="1" right_validation="1" left_pupil_diameter="3.1145511627197267" right_pupil_diameter="3.288258743286133" timestamp="2018-05-04T14:46:59.081-05:00" session_time="6084022010" tracker_time="1525459616591" system_time="1525459619081" nano_time="1729464346610905" gazeId="52" duration="649" path="C:\CodeSummarizationStudy\_tasks\Sequence 2\T6-SO.txt" line_height="22" font_height="14" line="6" col="20" line_base_x="414" line_base_y="810"/>
        <response name="T6-SO.txt" type="txt" x="420.0" y="822.0" left_validation="1" right_validation="1" left_pupil_diameter="3.2380337324298796" right_pupil_diameter="3.4370998945392546" timestamp="2018-05-04T14:46:59.73-05:00" session_time="6732888842" tracker_time="1525459617241" system_time="1525459619730" nano_time="1729464995477737" gazeId="91" duration="2217" path="C:\CodeSummarizationStudy\_tasks\Sequence 2\T6-SO.txt" line_height="22" font_height="14" line="6" col="2" line_base_x="414" line_base_y="810"/>
        <response name="T6-SO.txt" type="txt" x="806.5" y="828.0" left_validation="1" right_validation="1" left_pupil_diameter="3.1401714945948402" right_pupil_diameter="3.306964962981468" timestamp="2018-05-04T14:47:01.947-05:00" session_time="8949323677" tracker_time="1525459619457" system_time="1525459621947" nano_time="1729467211912572" gazeId="212" duration="1817" path="C:\CodeSummarizationStudy\_tasks\Sequence 2\T6-SO.txt" line_height="22" font_height="14" line="6" col="6" line_base_x="414" line_base_y="810"/>
        <response name="T6-SO.txt" type="txt" x="757.0" y="813.0" left_validation="1" right_validation="1" left_pupil_diameter="3.109615749782986" right_pupil_diameter="3.3174313015407986" timestamp="2018-05-04T14:47:03.764-05:00" session_time="10765712912" tracker_time="1525459621274" system_time="1525459623764" nano_time="1729469028301807" gazeId="297" duration="1883" path="C:\CodeSummarizationStudy\_tasks\Sequence 2\T6-SO.txt" line_height="22" font_height="14" line="6" col="38" line_base_x="414" line_base_y="810"/>
        <response name="T6-SO.txt" type="txt" x="662.0" y="832.0" left_validation="1" right_validation="1" left_pupil_diameter="3.1028045654296874" right_pupil_diameter="3.332647705078125" timestamp="2018-05-04T14:47:05.647-05:00" session_time="12648744034" tracker_time="1525459623157" system_time="1525459625647" nano_time="1729470911332929" gazeId="341" duration="65" path="C:\CodeSummarizationStudy\_tasks\Sequence 2\T6-SO.txt" line_height="22" font_height="14" line="7" col="26" line_base_x="414" line_base_y="832"/>
        <response name="T6-SO.txt" type="txt" x="612.0" y="822.5" left_validation="1" right_validation="1" left_pupil_diameter="3.1685110238882213" right_pupil_diameter="3.3345953134390025" timestamp="2018-05-04T14:47:05.712-05:00" session_time="12715355863" tracker_time="1525459623224" system_time="1525459625712" nano_time="1729470977944758" gazeId="345" duration="418" path="C:\CodeSummarizationStudy\_tasks\Sequence 2\T6-SO.txt" line_height="22" font_height="14" line="7" col="23" line_base_x="414" line_base_y="832"/>
        <response name="T6-SO.txt" type="txt" x="555.0" y="814.0" left_validation="1" right_validation="1" left_pupil_diameter="3.13250732421875" right_pupil_diameter="3.304404703776042" timestamp="2018-05-04T14:47:06.13-05:00" session_time="13132269134" tracker_time="1525459623640" system_time="1525459626130" nano_time="1729471394858029" gazeId="370" duration="233" path="C:\CodeSummarizationStudy\_tasks\Sequence 2\T6-SO.txt" line_height="22" font_height="14" line="6" col="16" line_base_x="414" line_base_y="810"/>
        <response name="T6-SO.txt" type="txt" x="506.0" y="817.0" left_validation="1" right_validation="1" left_pupil_diameter="3.040673392159598" right_pupil_diameter="3.1932874407087053" timestamp="2018-05-04T14:47:06.363-05:00" session_time="13365398623" tracker_time="1525459623874" system_time="1525459626363" nano_time="1729471627987518" gazeId="384" duration="100" path="C:\CodeSummarizationStudy\_tasks\Sequence 2\T6-SO.txt" line_height="22" font_height="14" line="6" col="11" line_base_x="414" line_base_y="810"/>
        <response name="T6-SO.txt" type="txt" x="437.0" y="842.0" left_validation="1" right_validation="1" left_pupil_diameter="2.990558246234516" right_pupil_diameter="3.071619325929934" timestamp="2018-05-04T14:47:06.463-05:00" session_time="13465364569" tracker_time="1525459623973" system_time="1525459626463" nano_time="1729471727953464" gazeId="390" duration="17714" path="C:\CodeSummarizationStudy\_tasks\Sequence 2\T6-SO.txt" line_height="22" font_height="14" line="6" col="8" line_base_x="414" line_base_y="810"/>
        <response name="T6-SO.txt" type="txt" x="826.5" y="811.0" left_validation="1" right_validation="1" left_pupil_diameter="2.843379094050481" right_pupil_diameter="2.9295384333683896" timestamp="2018-05-04T14:47:24.177-05:00" session_time="31179436735" tracker_time="1525459641688" system_time="1525459644177" nano_time="1729489442025630" gazeId="611" duration="14882" path="C:\CodeSummarizationStudy\_tasks\Sequence 2\T6-SO.txt" line_height="22" font_height="14" line="6" col="15" line_base_x="414" line_base_y="810"/>
        <response name="T6-SO.txt" type="txt" x="558.5" y="719.0" left_validation="1" right_validation="1" left_pupil_diameter="2.980242919921875" right_pupil_diameter="3.0785430908203124" timestamp="2018-05-04T14:47:39.059-05:00" session_time="46060833729" tracker_time="1525459656569" system_time="1525459659059" nano_time="1729504323422624" gazeId="636" duration="150" path="C:\CodeSummarizationStudy\_tasks\Sequence 2\T6-SO.txt" line_height="22" font_height="14" line="1" col="14" line_base_x="414" line_base_y="700"/>
        <response name="T6-SO.txt" type="txt" x="781.0" y="719.0" left_validation="1" right_validation="1" left_pupil_diameter="2.872506035698785" right_pupil_diameter="2.931854248046875" timestamp="2018-05-04T14:47:39.209-05:00" session_time="46211073148" tracker_time="1525459656719" system_time="1525459659209" nano_time="1729504473662043" gazeId="645" duration="733" path="C:\CodeSummarizationStudy\_tasks\Sequence 2\T6-SO.txt" line_height="22" font_height="14" line="1" col="20" line_base_x="414" line_base_y="700"/>
        <response name="T6-SO.txt" type="txt" x="547.0" y="890.0" left_validation="1" right_validation="1" left_pupil_diameter="3.008679353738133" right_pupil_diameter="3.115504783920095" timestamp="2018-05-04T14:47:39.942-05:00" session_time="46943948427" tracker_time="1525459657452" system_time="1525459659942" nano_time="1729505206537322" gazeId="653" duration="2333" path="C:\CodeSummarizationStudy\_tasks\Sequence 2\T6-SO.txt" line_height="22" font_height="14" line="7" col="36" line_base_x="414" line_base_y="832"/>
        <response name="T6-SO.txt" type="txt" x="1402.5" y="891.0" left_validation="1" right_validation="1" left_pupil_diameter="2.7666279185901987" right_pupil_diameter="2.8482841722892993" timestamp="2018-05-04T14:47:42.308-05:00" session_time="49310502816" tracker_time="1525459659819" system_time="1525459662308" nano_time="1729507573091711" gazeId="733" duration="8482" path="C:\CodeSummarizationStudy\_tasks\Sequence 2\T6-SO.txt" line_height="22" font_height="14" line="10" col="21" line_base_x="414" line_base_y="868"/>
        <response name="T6-SO.txt" type="txt" x="1358.0" y="896.0" left_validation="1" right_validation="1" left_pupil_diameter="2.4849508780020253" right_pupil_diameter="2.7405565049913196" timestamp="2018-05-04T14:47:50.79-05:00" session_time="57792618122" tracker_time="1525459668301" system_time="1525459670790" nano_time="1729516055207017" gazeId="798" duration="7882" path="C:\CodeSummarizationStudy\_tasks\Sequence 2\T6-SO.txt" line_height="22" font_height="14" line="11" col="101" line_base_x="414" line_base_y="890"/>
        <response name="T6-SO.txt" type="txt" x="552.0" y="906.0" left_validation="1" right_validation="1" left_pupil_diameter="2.682193240603885" right_pupil_diameter="2.711755288613809" timestamp="2018-05-04T14:47:58.672-05:00" session_time="65674851607" tracker_time="1525459676183" system_time="1525459678672" nano_time="1729523937440502" gazeId="824" duration="601" path="C:\CodeSummarizationStudy\_tasks\Sequence 2\T6-SO.txt" line_height="22" font_height="14" line="11" col="32" line_base_x="414" line_base_y="890"/>
        <response name="T6-SO.txt" type="txt" x="768.0" y="387.0" left_validation="1" right_validation="1" left_pupil_diameter="2.7395760672433034" right_pupil_diameter="2.8104981921968006" timestamp="2018-05-04T14:47:59.273-05:00" session_time="66275233051" tracker_time="1525459676783" system_time="1525459679273" nano_time="1729524537821946" gazeId="860" duration="3984" path="C:\CodeSummarizationStudy\_tasks\Sequence 2\T6-SO.txt" line_height="22" font_height="14" line="11" col="18" line_base_x="414" line_base_y="890"/>
        <response name="tomcat valve - Extends ValveBase class : java.lang.ClassNotFoundException - Stack Overflow" type="browser" x="761.0" y="492.0" left_validation="1" right_validation="1" left_pupil_diameter="2.7739791870117188" right_pupil_diameter="2.8614781697591147" timestamp="2018-05-04T14:48:03.305-05:00" session_time="70307448996" tracker_time="1525459680816" system_time="1525459683305" nano_time="1729528570037891" gazeId="883" duration="83" url="https://stackoverflow.com/questions/24358707/extends-valvebase-class-java-lang-classnotfoundexception" Id="24358707">
            <soe part="QUESTION" part_number="1" type="CODE" type_number="1"/>
        </response>
        <response name="tomcat valve - Extends ValveBase class : java.lang.ClassNotFoundException - Stack Overflow" type="browser" x="892.0" y="517.0" left_validation="1" right_validation="1" left_pupil_diameter="2.8115592369666467" right_pupil_diameter="2.9019704965444713" timestamp="2018-05-04T14:48:03.388-05:00" session_time="70390845653" tracker_time="1525459680899" system_time="1525459683388" nano_time="1729528653434548" gazeId="888" duration="419" url="https://stackoverflow.com/questions/24358707/extends-valvebase-class-java-lang-classnotfoundexception" Id="24358707">
            <soe part="QUESTION" part_number="1" type="CODE" type_number="1"/>
        </response>
        <response name="tomcat valve - Extends ValveBase class : java.lang.ClassNotFoundException - Stack Overflow" type="browser" x="988.5" y="522.0" left_validation="1" right_validation="1" left_pupil_diameter="2.740107449618253" right_pupil_diameter="2.832468206232244" timestamp="2018-05-04T14:48:03.807-05:00" session_time="70808659930" tracker_time="1525459681316" system_time="1525459683807" nano_time="1729529071248825" gazeId="913" duration="348" url="https://stackoverflow.com/questions/24358707/extends-valvebase-class-java-lang-classnotfoundexception" Id="24358707">
            <soe part="QUESTION" part_number="1" type="CODE" type_number="1"/>
        </response>
        <response name="tomcat valve - Extends ValveBase class : java.lang.ClassNotFoundException - Stack Overflow" type="browser" x="815.0" y="521.0" left_validation="1" right_validation="1" left_pupil_diameter="2.677119535558364" right_pupil_diameter="2.7672680125517" timestamp="2018-05-04T14:48:04.155-05:00" session_time="71157748788" tracker_time="1525459681666" system_time="1525459684155" nano_time="1729529420337683" gazeId="934" duration="549" url="https://stackoverflow.com/questions/24358707/extends-valvebase-class-java-lang-classnotfoundexception" Id="24358707">
            <soe part="QUESTION" part_number="1" type="CODE" type_number="1"/>
        </response>
        <response name="tomcat valve - Extends ValveBase class : java.lang.ClassNotFoundException - Stack Overflow" type="browser" x="859.0" y="469.0" left_validation="1" right_validation="1" left_pupil_diameter="2.7395540563071648" right_pupil_diameter="2.818561833079268" timestamp="2018-05-04T14:48:04.704-05:00" session_time="71707210511" tracker_time="1525459682216" system_time="1525459684704" nano_time="1729529969799406" gazeId="967" duration="701" url="https://stackoverflow.com/questions/24358707/extends-valvebase-class-java-lang-classnotfoundexception" Id="24358707">
            <soe part="QUESTION" part_number="1" type="CODE" type_number="1"/>
        </response>
        <response name="tomcat valve - Extends ValveBase class : java.lang.ClassNotFoundException - Stack Overflow" type="browser" x="915.0" y="526.0" left_validation="1" right_validation="1" left_pupil_diameter="2.7805199256310096" right_pupil_diameter="2.8983177771935096" timestamp="2018-05-04T14:48:05.455-05:00" session_time="72457310858" tracker_time="1525459682966" system_time="1525459685455" nano_time="1729530719899753" gazeId="1010" duration="200" url="https://stackoverflow.com/questions/24358707/extends-valvebase-class-java-lang-classnotfoundexception" Id="24358707">
            <soe part="QUESTION" part_number="1" type="CODE" type_number="1"/>
        </response>
        <response name="tomcat valve - Extends ValveBase class : java.lang.ClassNotFoundException - Stack Overflow" type="browser" x="922.0" y="469.0" left_validation="1" right_validation="1" left_pupil_diameter="2.761954998147899" right_pupil_diameter="2.87896886365167" timestamp="2018-05-04T14:48:05.655-05:00" session_time="72657201329" tracker_time="1525459683166" system_time="1525459685655" nano_time="1729530919790224" gazeId="1022" duration="467" url="https://stackoverflow.com/questions/24358707/extends-valvebase-class-java-lang-classnotfoundexception" Id="24358707">
            <soe part="QUESTION" part_number="1" type="TEXT" type_number="2"/>
        </response>
        <response name="tomcat valve - Extends ValveBase class : java.lang.ClassNotFoundException - Stack Overflow" type="browser" x="1170.5" y="446.0" left_validation="1" right_validation="1" left_pupil_diameter="2.669482421875" right_pupil_diameter="2.7646743774414064" timestamp="2018-05-04T14:48:06.122-05:00" session_time="73124164470" tracker_time="1525459683632" system_time="1525459686122" nano_time="1729531386753365" gazeId="1050" duration="500" url="https://stackoverflow.com/questions/24358707/extends-valvebase-class-java-lang-classnotfoundexception" Id="24358707">
            <soe part="QUESTION" part_number="1" type="CODE" type_number="3"/>
        </response>
        <response name="tomcat valve - Extends ValveBase class : java.lang.ClassNotFoundException - Stack Overflow" type="browser" x="1156.0" y="386.5" left_validation="1" right_validation="1" left_pupil_diameter="2.6494016647338867" right_pupil_diameter="2.7603940963745117" timestamp="2018-05-04T14:48:06.622-05:00" session_time="73623926022" tracker_time="1525459684132" system_time="1525459686622" nano_time="1729531886514917" gazeId="1079" duration="250" url="https://stackoverflow.com/questions/24358707/extends-valvebase-class-java-lang-classnotfoundexception" Id="24358707">
            <soe part="QUESTION" part_number="1" type="CODE" type_number="3"/>
        </response>
        <response name="tomcat valve - Extends ValveBase class : java.lang.ClassNotFoundException - Stack Overflow" type="browser" x="1112.0" y="337.0" left_validation="1" right_validation="1" left_pupil_diameter="2.666503008674173" right_pupil_diameter="2.7457221536075367" timestamp="2018-05-04T14:48:06.872-05:00" session_time="73874345093" tracker_time="1525459684382" system_time="1525459686872" nano_time="1729532136933988" gazeId="1094" duration="266" url="https://stackoverflow.com/questions/24358707/extends-valvebase-class-java-lang-classnotfoundexception" Id="24358707">
            <soe part="QUESTION" part_number="1" type="CODE" type_number="3"/>
        </response>
        <response name="tomcat valve - Extends ValveBase class : java.lang.ClassNotFoundException - Stack Overflow" type="browser" x="898.0" y="295.0" left_validation="1" right_validation="1" left_pupil_diameter="2.7053190532483553" right_pupil_diameter="2.784015053196957" timestamp="2018-05-04T14:48:07.138-05:00" session_time="74140249533" tracker_time="1525459684649" system_time="1525459687138" nano_time="1729532402838428" gazeId="1110" duration="500" url="https://stackoverflow.com/questions/24358707/extends-valvebase-class-java-lang-classnotfoundexception" Id="24358707">
            <soe part="QUESTION" part_number="1" type="TEXT" type_number="3"/>
        </response>
        <response name="tomcat valve - Extends ValveBase class : java.lang.ClassNotFoundException - Stack Overflow" type="browser" x="915.0" y="335.0" left_validation="1" right_validation="1" left_pupil_diameter="2.675009987571023" right_pupil_diameter="2.7533379757043086" timestamp="2018-05-04T14:48:07.638-05:00" session_time="74640139015" tracker_time="1525459685149" system_time="1525459687638" nano_time="1729532902727910" gazeId="1128" duration="533" url="https://stackoverflow.com/questions/24358707/extends-valvebase-class-java-lang-classnotfoundexception" Id="24358707">
            <soe part="QUESTION" part_number="1" type="TEXT" type_number="3"/>
        </response>
        <response name="tomcat valve - Extends ValveBase class : java.lang.ClassNotFoundException - Stack Overflow" type="browser" x="839.0" y="337.0" left_validation="1" right_validation="1" left_pupil_diameter="2.682059733072917" right_pupil_diameter="2.767075602213542" timestamp="2018-05-04T14:48:08.171-05:00" session_time="75173398376" tracker_time="1525459685682" system_time="1525459688171" nano_time="1729533435987271" gazeId="1160" duration="234" url="https://stackoverflow.com/questions/24358707/extends-valvebase-class-java-lang-classnotfoundexception" Id="24358707">
            <soe part="QUESTION" part_number="1" type="CODE" type_number="3"/>
        </response>
        <response name="tomcat valve - Extends ValveBase class : java.lang.ClassNotFoundException - Stack Overflow" type="browser" x="778.0" y="265.5" left_validation="1" right_validation="1" left_pupil_diameter="2.763782925075955" right_pupil_diameter="2.8844731648763022" timestamp="2018-05-04T14:48:08.405-05:00" session_time="75407096768" tracker_time="1525459685915" system_time="1525459688405" nano_time="1729533669685663" gazeId="1174" duration="583" url="https://stackoverflow.com/questions/24358707/extends-valvebase-class-java-lang-classnotfoundexception" Id="24358707">
            <soe part="QUESTION" part_number="1" type="CODE" type_number="3"/>
        </response>
        <response name="tomcat valve - Extends ValveBase class : java.lang.ClassNotFoundException - Stack Overflow" type="browser" x="870.5" y="257.0" left_validation="1" right_validation="1" left_pupil_diameter="2.8920720418294272" right_pupil_diameter="3.012507120768229" timestamp="2018-05-04T14:48:08.988-05:00" session_time="75990098088" tracker_time="1525459686499" system_time="1525459688988" nano_time="1729534252686983" gazeId="1209" duration="383" url="https://stackoverflow.com/questions/24358707/extends-valvebase-class-java-lang-classnotfoundexception" Id="24358707">
            <soe part="QUESTION" part_number="1" type="CODE" type_number="3"/>
        </response>
        <response name="tomcat valve - Extends ValveBase class : java.lang.ClassNotFoundException - Stack Overflow" type="browser" x="801.0" y="271.0" left_validation="1" right_validation="1" left_pupil_diameter="2.5505955393721416" right_pupil_diameter="2.9396064572217986" timestamp="2018-05-04T14:48:09.371-05:00" session_time="76373263555" tracker_time="1525459686882" system_time="1525459689371" nano_time="1729534635852450" gazeId="1232" duration="667" url="https://stackoverflow.com/questions/24358707/extends-valvebase-class-java-lang-classnotfoundexception" Id="24358707">
            <soe part="QUESTION" part_number="1" type="CODE" type_number="3"/>
        </response>
        <response name="tomcat valve - Extends ValveBase class : java.lang.ClassNotFoundException - Stack Overflow" type="browser" x="822.0" y="318.5" left_validation="1" right_validation="1" left_pupil_diameter="2.3985424041748047" right_pupil_diameter="2.83127498626709" timestamp="2018-05-04T14:48:10.038-05:00" session_time="77039917025" tracker_time="1525459687549" system_time="1525459690038" nano_time="1729535302505920" gazeId="1272" duration="250" url="https://stackoverflow.com/questions/24358707/extends-valvebase-class-java-lang-classnotfoundexception" Id="24358707">
            <soe part="QUESTION" part_number="1" type="CODE" type_number="3"/>
        </response>
        <response name="tomcat valve - Extends ValveBase class : java.lang.ClassNotFoundException - Stack Overflow" type="browser" x="822.5" y="248.5" left_validation="1" right_validation="1" left_pupil_diameter="2.9270565032958986" right_pupil_diameter="2.947271728515625" timestamp="2018-05-04T14:48:10.288-05:00" session_time="77290082803" tracker_time="1525459687799" system_time="1525459690288" nano_time="1729535552671698" gazeId="1287" duration="650" url="https://stackoverflow.com/questions/24358707/extends-valvebase-class-java-lang-classnotfoundexception" Id="24358707">
            <soe part="QUESTION" part_number="1" type="CODE" type_number="3"/>
        </response>
        <response name="tomcat valve - Extends ValveBase class : java.lang.ClassNotFoundException - Stack Overflow" type="browser" x="962.5" y="243.0" left_validation="1" right_validation="1" left_pupil_diameter="2.819543318314986" right_pupil_diameter="2.870110945268111" timestamp="2018-05-04T14:48:10.938-05:00" session_time="77939959143" tracker_time="1525459688448" system_time="1525459690938" nano_time="1729536202548038" gazeId="1326" duration="716" url="https://stackoverflow.com/questions/24358707/extends-valvebase-class-java-lang-classnotfoundexception" Id="24358707">
            <soe part="QUESTION" part_number="1" type="CODE" type_number="1"/>
        </response>
        <response name="tomcat valve - Extends ValveBase class : java.lang.ClassNotFoundException - Stack Overflow" type="browser" x="829.0" y="449.0" left_validation="1" right_validation="1" left_pupil_diameter="2.7646778651646207" right_pupil_diameter="2.873614719935826" timestamp="2018-05-04T14:48:11.654-05:00" session_time="78656592471" tracker_time="1525459689165" system_time="1525459691654" nano_time="1729536919181366" gazeId="1369" duration="217" url="https://stackoverflow.com/questions/24358707/extends-valvebase-class-java-lang-classnotfoundexception" Id="24358707">
            <soe part="QUESTION" part_number="1" type="CODE" type_number="1"/>
        </response>
        <response name="tomcat valve - Extends ValveBase class : java.lang.ClassNotFoundException - Stack Overflow" type="browser" x="799.0" y="480.0" left_validation="1" right_validation="1" left_pupil_diameter="2.6618793194110575" right_pupil_diameter="2.7669474283854165" timestamp="2018-05-04T14:48:11.871-05:00" session_time="78873149371" tracker_time="1525459689382" system_time="1525459691871" nano_time="1729537135738266" gazeId="1382" duration="633" url="https://stackoverflow.com/questions/24358707/extends-valvebase-class-java-lang-classnotfoundexception" Id="24358707">
            <soe part="QUESTION" part_number="1" type="CODE" type_number="1"/>
        </response>
        <response name="tomcat valve - Extends ValveBase class : java.lang.ClassNotFoundException - Stack Overflow" type="browser" x="835.0" y="515.0" left_validation="1" right_validation="1" left_pupil_diameter="2.5764455159505206" right_pupil_diameter="2.699856906467014" timestamp="2018-05-04T14:48:12.504-05:00" session_time="79506315663" tracker_time="1525459690015" system_time="1525459692504" nano_time="1729537768904558" gazeId="1420" duration="737" url="https://stackoverflow.com/questions/24358707/extends-valvebase-class-java-lang-classnotfoundexception" Id="24358707">
            <soe part="QUESTION" part_number="1" type="CODE" type_number="1"/>
        </response>
        <response name="tomcat valve - Extends ValveBase class : java.lang.ClassNotFoundException - Stack Overflow" type="browser" x="802.0" y="441.5" left_validation="1" right_validation="1" left_pupil_diameter="2.586348900428185" right_pupil_diameter="2.7039448664738583" timestamp="2018-05-04T14:48:13.241-05:00" session_time="80244119354" tracker_time="1525459690748" system_time="1525459693241" nano_time="1729538506708249" gazeId="1464" duration="412" url="https://stackoverflow.com/questions/24358707/extends-valvebase-class-java-lang-classnotfoundexception" Id="24358707">
            <soe part="QUESTION" part_number="1" type="CODE" type_number="1"/>
        </response>
        <response name="tomcat valve - Extends ValveBase class : java.lang.ClassNotFoundException - Stack Overflow" type="browser" x="784.0" y="405.0" left_validation="1" right_validation="1" left_pupil_diameter="2.5447603861490884" right_pupil_diameter="2.648484547932943" timestamp="2018-05-04T14:48:13.653-05:00" session_time="80656132437" tracker_time="1525459691165" system_time="1525459693653" nano_time="1729538918721332" gazeId="1489" duration="184" url="https://stackoverflow.com/questions/24358707/extends-valvebase-class-java-lang-classnotfoundexception" Id="24358707">
            <soe part="QUESTION" part_number="1" type="CODE" type_number="1"/>
        </response>
        <response name="tomcat valve - Extends ValveBase class : java.lang.ClassNotFoundException - Stack Overflow" type="browser" x="726.0" y="316.0" left_validation="1" right_validation="1" left_pupil_diameter="2.635457219304265" right_pupil_diameter="2.742115742451436" timestamp="2018-05-04T14:48:13.837-05:00" session_time="80839647163" tracker_time="1525459691348" system_time="1525459693837" nano_time="1729539102236058" gazeId="1500" duration="601" url="https://stackoverflow.com/questions/24358707/extends-valvebase-class-java-lang-classnotfoundexception" Id="24358707">
            <soe part="QUESTION" part_number="1" type="CODE" type_number="1"/>
        </response>
        <response name="tomcat valve - Extends ValveBase class : java.lang.ClassNotFoundException - Stack Overflow" type="browser" x="789.0" y="448.5" left_validation="1" right_validation="1" left_pupil_diameter="2.579623295710637" right_pupil_diameter="2.676616668701172" timestamp="2018-05-04T14:48:14.438-05:00" session_time="81440795086" tracker_time="1525459691948" system_time="1525459694438" nano_time="1729539703383981" gazeId="1536" duration="849" url="https://stackoverflow.com/questions/24358707/extends-valvebase-class-java-lang-classnotfoundexception" Id="24358707">
            <soe part="QUESTION" part_number="1" type="CODE" type_number="1"/>
        </response>
        <response name="tomcat valve - Extends ValveBase class : java.lang.ClassNotFoundException - Stack Overflow" type="browser" x="814.0" y="415.0" left_validation="1" right_validation="1" left_pupil_diameter="2.535657994887408" right_pupil_diameter="2.6226914349724266" timestamp="2018-05-04T14:48:15.287-05:00" session_time="82289231648" tracker_time="1525459692798" system_time="1525459695287" nano_time="1729540551820543" gazeId="1587" duration="266" url="https://stackoverflow.com/questions/24358707/extends-valvebase-class-java-lang-classnotfoundexception" Id="24358707">
            <soe part="QUESTION" part_number="1" type="CODE" type_number="1"/>
        </response>
        <response name="tomcat valve - Extends ValveBase class : java.lang.ClassNotFoundException - Stack Overflow" type="browser" x="811.5" y="246.0" left_validation="1" right_validation="1" left_pupil_diameter="2.526752637780231" right_pupil_diameter="2.60419397768767" timestamp="2018-05-04T14:48:15.553-05:00" session_time="82555795165" tracker_time="1525459693065" system_time="1525459695553" nano_time="1729540818384060" gazeId="1603" duration="750" url="https://stackoverflow.com/questions/24358707/extends-valvebase-class-java-lang-classnotfoundexception" Id="24358707">
            <soe part="QUESTION" part_number="1" type="CODE" type_number="1"/>
        </response>
        <response name="tomcat valve - Extends ValveBase class : java.lang.ClassNotFoundException - Stack Overflow" type="browser" x="846.0" y="267.5" left_validation="1" right_validation="1" left_pupil_diameter="2.565229797363281" right_pupil_diameter="2.6302505493164063" timestamp="2018-05-04T14:48:16.303-05:00" session_time="83305728725" tracker_time="1525459693814" system_time="1525459696303" nano_time="1729541568317620" gazeId="1648" duration="151" url="https://stackoverflow.com/questions/24358707/extends-valvebase-class-java-lang-classnotfoundexception" Id="24358707">
            <soe part="QUESTION" part_number="1" type="CODE" type_number="1"/>
        </response>
        <response name="tomcat valve - Extends ValveBase class : java.lang.ClassNotFoundException - Stack Overflow" type="browser" x="886.0" y="295.0" left_validation="1" right_validation="1" left_pupil_diameter="2.550142288208008" right_pupil_diameter="2.6344614028930664" timestamp="2018-05-04T14:48:16.454-05:00" session_time="83456021663" tracker_time="1525459693964" system_time="1525459696454" nano_time="1729541718610558" gazeId="1657" duration="249" url="https://stackoverflow.com/questions/24358707/extends-valvebase-class-java-lang-classnotfoundexception" Id="24358707">
            <soe part="QUESTION" part_number="1" type="CODE" type_number="1"/>
        </response>
        <response name="tomcat valve - Extends ValveBase class : java.lang.ClassNotFoundException - Stack Overflow" type="browser" x="925.5" y="253.0" left_validation="1" right_validation="1" left_pupil_diameter="2.5652313232421875" right_pupil_diameter="2.6390711466471353" timestamp="2018-05-04T14:48:16.703-05:00" session_time="83705834442" tracker_time="1525459694214" system_time="1525459696703" nano_time="1729541968423337" gazeId="1672" duration="83" url="https://stackoverflow.com/questions/24358707/extends-valvebase-class-java-lang-classnotfoundexception" Id="24358707">
            <soe part="QUESTION" part_number="1" type="CODE" type_number="1"/>
        </response>
        <response name="tomcat valve - Extends ValveBase class : java.lang.ClassNotFoundException - Stack Overflow" type="browser" x="958.0" y="211.5" left_validation="1" right_validation="1" left_pupil_diameter="2.5537673950195314" right_pupil_diameter="2.6184234619140625" timestamp="2018-05-04T14:48:16.786-05:00" session_time="83789080442" tracker_time="1525459694298" system_time="1525459696786" nano_time="1729542051669337" gazeId="1677" duration="151" url="https://stackoverflow.com/questions/24358707/extends-valvebase-class-java-lang-classnotfoundexception" Id="24358707">
            <soe part="QUESTION" part_number="1" type="CODE" type_number="1"/>
        </response>
        <response name="tomcat valve - Extends ValveBase class : java.lang.ClassNotFoundException - Stack Overflow" type="browser" x="1020.0" y="203.5" left_validation="1" right_validation="1" left_pupil_diameter="2.512515204293387" right_pupil_diameter="2.6268250601632253" timestamp="2018-05-04T14:48:16.937-05:00" session_time="83939051538" tracker_time="1525459694448" system_time="1525459696937" nano_time="1729542201640433" gazeId="1686" duration="917" url="https://stackoverflow.com/questions/24358707/extends-valvebase-class-java-lang-classnotfoundexception" Id="24358707">
            <soe part="QUESTION" part_number="1" type="CODE" type_number="1"/>
        </response>
        <response name="tomcat valve - Extends ValveBase class : java.lang.ClassNotFoundException - Stack Overflow" type="browser" x="1238.0" y="181.0" left_validation="1" right_validation="1" left_pupil_diameter="2.533543636924342" right_pupil_diameter="2.651279650236431" timestamp="2018-05-04T14:48:17.854-05:00" session_time="84855620791" tracker_time="1525459695364" system_time="1525459697854" nano_time="1729543118209686" gazeId="1741" duration="299" url="https://stackoverflow.com/questions/24358707/extends-valvebase-class-java-lang-classnotfoundexception" Id="24358707">
            <soe part="QUESTION" part_number="1" type="CODE" type_number="1"/>
        </response>
        <response name="tomcat valve - Extends ValveBase class : java.lang.ClassNotFoundException - Stack Overflow" type="browser" x="1298.0" y="220.0" left_validation="1" right_validation="1" left_pupil_diameter="2.601531982421875" right_pupil_diameter="2.7348427150560464" timestamp="2018-05-04T14:48:18.153-05:00" session_time="85155739301" tracker_time="1525459695664" system_time="1525459698153" nano_time="1729543418328196" gazeId="1759" duration="3834" url="https://stackoverflow.com/questions/24358707/extends-valvebase-class-java-lang-classnotfoundexception" Id="24358707">
            <soe part="QUESTION" part_number="1" type="CODE" type_number="1"/>
        </response>
        <response name="T6-SO.txt" type="txt" x="1380.0" y="895.0" left_validation="1" right_validation="1" left_pupil_diameter="2.744174732881434" right_pupil_diameter="2.9276006362017464" timestamp="2018-05-04T14:48:21.987-05:00" session_time="88988609117" tracker_time="1525459699497" system_time="1525459701987" nano_time="1729547251198012" gazeId="1781" duration="1065" path="C:\CodeSummarizationStudy\_tasks\Sequence 2\T6-SO.txt" line_height="22" font_height="14" line="11" col="93" line_base_x="414" line_base_y="890"/>
        <response name="T6-SO.txt" type="txt" x="593.5" y="882.5" left_validation="1" right_validation="1" left_pupil_diameter="2.924090576171875" right_pupil_diameter="3.053425598144531" timestamp="2018-05-04T14:48:23.052-05:00" session_time="90055064792" tracker_time="1525459700564" system_time="1525459703052" nano_time="1729548317653687" gazeId="1797" duration="1601" path="C:\CodeSummarizationStudy\_tasks\Sequence 2\T6-SO.txt" line_height="22" font_height="14" line="10" col="20" line_base_x="414" line_base_y="868"/>
        <response name="T6-SO.txt" type="txt" x="750.5" y="792.5" left_validation="1" right_validation="1" left_pupil_diameter="3.0884891856800425" right_pupil_diameter="3.151976151899858" timestamp="2018-05-04T14:48:24.653-05:00" session_time="91655060613" tracker_time="1525459702163" system_time="1525459704653" nano_time="1729549917649508" gazeId="1806" duration="15363" path="C:\CodeSummarizationStudy\_tasks\Sequence 2\T6-SO.txt" line_height="22" font_height="14" line="7" col="3" line_base_x="414" line_base_y="802"/>
        <response name="T6-SO.txt" type="txt" x="714.0" y="809.0" left_validation="1" right_validation="1" left_pupil_diameter="2.9474694036668345" right_pupil_diameter="3.0325405982232865" timestamp="2018-05-04T14:48:40.016-05:00" session_time="107019165641" tracker_time="1525459717528" system_time="1525459720016" nano_time="1729565281754536" gazeId="1827" duration="1551" path="C:\CodeSummarizationStudy\_tasks\Sequence 2\T6-SO.txt" line_height="22" font_height="14" line="6" col="31" line_base_x="414" line_base_y="780"/>
        <response name="T6-SO.txt" type="txt" x="581.5" y="873.0" left_validation="1" right_validation="1" left_pupil_diameter="2.935049057006836" right_pupil_diameter="3.009617487589518" timestamp="2018-05-04T14:48:41.567-05:00" session_time="108569197001" tracker_time="1525459719078" system_time="1525459721567" nano_time="1729566831785896" gazeId="1857" duration="2633" path="C:\CodeSummarizationStudy\_tasks\Sequence 2\T6-SO.txt" line_height="22" font_height="14" line="10" col="19" line_base_x="414" line_base_y="868"/>
        <response name="T6-SO.txt" type="txt" x="1382.0" y="891.0" left_validation="1" right_validation="1" left_pupil_diameter="2.5642171720179117" right_pupil_diameter="3.036610673113567" timestamp="2018-05-04T14:48:44.2-05:00" session_time="111202873545" tracker_time="1525459721711" system_time="1525459724200" nano_time="1729569465462440" gazeId="1880" duration="22998" path="C:\CodeSummarizationStudy\_tasks\Sequence 2\T6-SO.txt" line_height="22" font_height="14" line="11" col="94" line_base_x="414" line_base_y="890"/>
        <response name="T6-SO.txt" type="txt" x="899.0" y="901.0" left_validation="1" right_validation="1" left_pupil_diameter="1.9043177554481907" right_pupil_diameter="2.8962675395764803" timestamp="2018-05-04T14:49:07.198-05:00" session_time="134199757777" tracker_time="1525459744708" system_time="1525459747198" nano_time="1729592462346672" gazeId="1920" duration="382" path="C:\CodeSummarizationStudy\_tasks\Sequence 2\T6-SO.txt" line_height="22" font_height="14" line="11" col="49" line_base_x="414" line_base_y="890"/>
        <response name="T6-SO.txt" type="txt" x="830.5" y="894.0" left_validation="1" right_validation="1" left_pupil_diameter="2.4016941615513394" right_pupil_diameter="3.0205721173967635" timestamp="2018-05-04T14:49:07.58-05:00" session_time="134582560715" tracker_time="1525459745091" system_time="1525459747580" nano_time="1729592845149610" gazeId="1938" duration="3349" path="C:\CodeSummarizationStudy\_tasks\Sequence 2\T6-SO.txt" line_height="22" font_height="14" line="11" col="47" line_base_x="414" line_base_y="890"/>
        <response name="T6-SO.txt" type="txt" x="1198.5" y="884.5" left_validation="1" right_validation="1" left_pupil_diameter="2.99249267578125" right_pupil_diameter="3.0631078084309897" timestamp="2018-05-04T14:49:10.929-05:00" session_time="137932116204" tracker_time="1525459748441" system_time="1525459750929" nano_time="1729596194705099" gazeId="1951" duration="21198" path="C:\CodeSummarizationStudy\_tasks\Sequence 2\T6-SO.txt" line_height="22" font_height="14" line="11" col="106" line_base_x="414" line_base_y="890"/>
        <response name="exception - Finding the issue of java.lang.NoClassDefFoundError: org/apache/catalina/valves/ValveBase - Stack Overflow" type="browser" x="944.5" y="301.0" left_validation="1" right_validation="1" left_pupil_diameter="2.8440221150716147" right_pupil_diameter="2.810993194580078" timestamp="2018-05-04T14:49:32.127-05:00" session_time="159129575277" tracker_time="1525459769638" system_time="1525459772127" nano_time="1729617392164172" gazeId="1968" duration="382" url="https://stackoverflow.com/questions/17869755/finding-the-issue-of-java-lang-noclassdeffounderror-org-apache-catalina-valves" Id="17869755">
            <soe part="QUESTION" part_number="1" type="TITLE" type_number="1"/>
        </response>
        <response name="exception - Finding the issue of java.lang.NoClassDefFoundError: org/apache/catalina/valves/ValveBase - Stack Overflow" type="browser" x="731.0" y="287.0" left_validation="1" right_validation="1" left_pupil_diameter="2.815720912388393" right_pupil_diameter="2.9350533621651786" timestamp="2018-05-04T14:49:32.509-05:00" session_time="159512286941" tracker_time="1525459770021" system_time="1525459772509" nano_time="1729617774875836" gazeId="1991" duration="801" url="https://stackoverflow.com/questions/17869755/finding-the-issue-of-java-lang-noclassdeffounderror-org-apache-catalina-valves" Id="17869755">
            <soe part="QUESTION" part_number="1" type="TITLE" type_number="1"/>
        </response>
        <response name="exception - Finding the issue of java.lang.NoClassDefFoundError: org/apache/catalina/valves/ValveBase - Stack Overflow" type="browser" x="837.5" y="316.0" left_validation="1" right_validation="1" left_pupil_diameter="2.7655467987060547" right_pupil_diameter="2.657957077026367" timestamp="2018-05-04T14:49:33.31-05:00" session_time="160312187163" tracker_time="1525459770821" system_time="1525459773310" nano_time="1729618574776058" gazeId="2025" duration="1699" url="https://stackoverflow.com/questions/17869755/finding-the-issue-of-java-lang-noclassdeffounderror-org-apache-catalina-valves" Id="17869755">
            <soe part="QUESTION" part_number="1" type="TEXT" type_number="1"/>
        </response>
        <response name="exception - Finding the issue of java.lang.NoClassDefFoundError: org/apache/catalina/valves/ValveBase - Stack Overflow" type="browser" x="1065.0" y="322.0" left_validation="1" right_validation="1" left_pupil_diameter="2.801422119140625" right_pupil_diameter="2.7585627237955728" timestamp="2018-05-04T14:49:35.009-05:00" session_time="162012030532" tracker_time="1525459772521" system_time="1525459775009" nano_time="1729620274619427" gazeId="2040" duration="467" url="https://stackoverflow.com/questions/17869755/finding-the-issue-of-java-lang-noclassdeffounderror-org-apache-catalina-valves" Id="17869755">
            <soe part="QUESTION" part_number="1" type="TEXT" type_number="2"/>
        </response>
        <response name="exception - Finding the issue of java.lang.NoClassDefFoundError: org/apache/catalina/valves/ValveBase - Stack Overflow" type="browser" x="1118.0" y="438.0" left_validation="1" right_validation="1" left_pupil_diameter="2.857672489050663" right_pupil_diameter="3.0079937559185606" timestamp="2018-05-04T14:49:35.476-05:00" session_time="162478594122" tracker_time="1525459772987" system_time="1525459775476" nano_time="1729620741183017" gazeId="2045" duration="535" url="https://stackoverflow.com/questions/17869755/finding-the-issue-of-java-lang-noclassdeffounderror-org-apache-catalina-valves" Id="17869755">
            <soe part="QUESTION" part_number="1" type="CODE" type_number="2"/>
        </response>
        <response name="exception - Finding the issue of java.lang.NoClassDefFoundError: org/apache/catalina/valves/ValveBase - Stack Overflow" type="browser" x="954.0" y="402.5" left_validation="1" right_validation="1" left_pupil_diameter="2.9128443400065103" right_pupil_diameter="2.686534881591797" timestamp="2018-05-04T14:49:36.011-05:00" session_time="163013393406" tracker_time="1525459773521" system_time="1525459776011" nano_time="1729621275982301" gazeId="2077" duration="232" url="https://stackoverflow.com/questions/17869755/finding-the-issue-of-java-lang-noclassdeffounderror-org-apache-catalina-valves" Id="17869755">
            <soe part="QUESTION" part_number="1" type="CODE" type_number="2"/>
        </response>
        <response name="exception - Finding the issue of java.lang.NoClassDefFoundError: org/apache/catalina/valves/ValveBase - Stack Overflow" type="browser" x="1033.0" y="165.0" left_validation="1" right_validation="1" left_pupil_diameter="2.8715265447443183" right_pupil_diameter="2.645467584783381" timestamp="2018-05-04T14:49:36.243-05:00" session_time="163245172117" tracker_time="1525459773754" system_time="1525459776243" nano_time="1729621507761012" gazeId="2088" duration="1716" url="https://stackoverflow.com/questions/17869755/finding-the-issue-of-java-lang-noclassdeffounderror-org-apache-catalina-valves" Id="17869755">
            <soe part="QUESTION" part_number="1" type="TEXT" type_number="1"/>
        </response>
        <response name="exception - Finding the issue of java.lang.NoClassDefFoundError: org/apache/catalina/valves/ValveBase - Stack Overflow" type="browser" x="993.0" y="161.0" left_validation="1" right_validation="1" left_pupil_diameter="2.8746490478515625" right_pupil_diameter="2.51446533203125" timestamp="2018-05-04T14:49:37.959-05:00" session_time="164961602370" tracker_time="1525459775471" system_time="1525459777959" nano_time="1729623224191265" gazeId="2098" duration="133" url="https://stackoverflow.com/questions/17869755/finding-the-issue-of-java-lang-noclassdeffounderror-org-apache-catalina-valves" Id="17869755">
            <soe part="QUESTION" part_number="1" type="TEXT" type_number="1"/>
        </response>
        <response name="exception - Finding the issue of java.lang.NoClassDefFoundError: org/apache/catalina/valves/ValveBase - Stack Overflow" type="browser" x="948.0" y="153.0" left_validation="1" right_validation="1" left_pupil_diameter="2.9547894287109373" right_pupil_diameter="2.711142578125" timestamp="2018-05-04T14:49:38.092-05:00" session_time="165094908505" tracker_time="1525459775604" system_time="1525459778092" nano_time="1729623357497400" gazeId="2104" duration="500" url="https://stackoverflow.com/questions/17869755/finding-the-issue-of-java-lang-noclassdeffounderror-org-apache-catalina-valves" Id="17869755">
            <soe part="QUESTION" part_number="1" type="TEXT" type_number="1"/>
        </response>
        <response name="exception - Finding the issue of java.lang.NoClassDefFoundError: org/apache/catalina/valves/ValveBase - Stack Overflow" type="browser" x="1051.0" y="140.0" left_validation="1" right_validation="1" left_pupil_diameter="2.9007536944221046" right_pupil_diameter="2.891799477969899" timestamp="2018-05-04T14:49:38.626-05:00" session_time="165628385970" tracker_time="1525459776137" system_time="1525459778626" nano_time="1729623890974865" gazeId="2130" duration="934" url="https://stackoverflow.com/questions/17869755/finding-the-issue-of-java-lang-noclassdeffounderror-org-apache-catalina-valves" Id="17869755">
            <soe part="QUESTION" part_number="1" type="CODE" type_number="2"/>
        </response>
        <response name="exception - Finding the issue of java.lang.NoClassDefFoundError: org/apache/catalina/valves/ValveBase - Stack Overflow" type="browser" x="835.0" y="173.0" left_validation="1" right_validation="1" left_pupil_diameter="2.914410821322737" right_pupil_diameter="2.9723410770810883" timestamp="2018-05-04T14:49:39.56-05:00" session_time="166562084251" tracker_time="1525459777070" system_time="1525459779560" nano_time="1729624824673146" gazeId="2163" duration="483" url="https://stackoverflow.com/questions/17869755/finding-the-issue-of-java-lang-noclassdeffounderror-org-apache-catalina-valves" Id="17869755">
            <soe part="QUESTION" part_number="1" type="CODE" type_number="2"/>
        </response>
        <response name="exception - Finding the issue of java.lang.NoClassDefFoundError: org/apache/catalina/valves/ValveBase - Stack Overflow" type="browser" x="796.0" y="236.0" left_validation="1" right_validation="1" left_pupil_diameter="2.936191134982639" right_pupil_diameter="3.005281236436632" timestamp="2018-05-04T14:49:40.043-05:00" session_time="167044908487" tracker_time="1525459777554" system_time="1525459780043" nano_time="1729625307497382" gazeId="2191" duration="132" url="https://stackoverflow.com/questions/17869755/finding-the-issue-of-java-lang-noclassdeffounderror-org-apache-catalina-valves" Id="17869755">
            <soe part="QUESTION" part_number="1" type="CODE" type_number="1"/>
        </response>
        <response name="exception - Finding the issue of java.lang.NoClassDefFoundError: org/apache/catalina/valves/ValveBase - Stack Overflow" type="browser" x="763.5" y="265.0" left_validation="1" right_validation="1" left_pupil_diameter="2.931842041015625" right_pupil_diameter="3.0073623657226562" timestamp="2018-05-04T14:49:40.175-05:00" session_time="167177952163" tracker_time="1525459777687" system_time="1525459780175" nano_time="1729625440541058" gazeId="2199" duration="150" url="https://stackoverflow.com/questions/17869755/finding-the-issue-of-java-lang-noclassdeffounderror-org-apache-catalina-valves" Id="17869755">
            <soe part="QUESTION" part_number="1" type="TEXT" type_number="2"/>
        </response>
        <response name="exception - Finding the issue of java.lang.NoClassDefFoundError: org/apache/catalina/valves/ValveBase - Stack Overflow" type="browser" x="762.0" y="318.5" left_validation="1" right_validation="1" left_pupil_diameter="2.858230409168062" right_pupil_diameter="2.908931913829985" timestamp="2018-05-04T14:49:40.325-05:00" session_time="167327868642" tracker_time="1525459777837" system_time="1525459780325" nano_time="1729625590457537" gazeId="2208" duration="1384" url="https://stackoverflow.com/questions/17869755/finding-the-issue-of-java-lang-noclassdeffounderror-org-apache-catalina-valves" Id="17869755">
            <soe part="QUESTION" part_number="1" type="CODE" type_number="2"/>
        </response>
        <response name="exception - Finding the issue of java.lang.NoClassDefFoundError: org/apache/catalina/valves/ValveBase - Stack Overflow" type="browser" x="793.0" y="358.0" left_validation="1" right_validation="1" left_pupil_diameter="2.8185325290845786" right_pupil_diameter="2.774844625721807" timestamp="2018-05-04T14:49:41.709-05:00" session_time="168711707848" tracker_time="1525459779220" system_time="1525459781709" nano_time="1729626974296743" gazeId="2291" duration="367" url="https://stackoverflow.com/questions/17869755/finding-the-issue-of-java-lang-noclassdeffounderror-org-apache-catalina-valves" Id="17869755">
            <soe part="QUESTION" part_number="1" type="CODE" type_number="2"/>
        </response>
        <response name="exception - Finding the issue of java.lang.NoClassDefFoundError: org/apache/catalina/valves/ValveBase - Stack Overflow" type="browser" x="846.0" y="353.5" left_validation="1" right_validation="1" left_pupil_diameter="2.8071441650390625" right_pupil_diameter="2.771146501813616" timestamp="2018-05-04T14:49:42.076-05:00" session_time="169078282765" tracker_time="1525459779587" system_time="1525459782076" nano_time="1729627340871660" gazeId="2313" duration="216" url="https://stackoverflow.com/questions/17869755/finding-the-issue-of-java-lang-noclassdeffounderror-org-apache-catalina-valves" Id="17869755">
            <soe part="QUESTION" part_number="1" type="CODE" type_number="2"/>
        </response>
        <response name="exception - Finding the issue of java.lang.NoClassDefFoundError: org/apache/catalina/valves/ValveBase - Stack Overflow" type="browser" x="881.0" y="319.0" left_validation="1" right_validation="1" left_pupil_diameter="2.7822230021158854" right_pupil_diameter="2.577143351236979" timestamp="2018-05-04T14:49:42.292-05:00" session_time="169294266363" tracker_time="1525459779803" system_time="1525459782292" nano_time="1729627556855258" gazeId="2326" duration="600" url="https://stackoverflow.com/questions/17869755/finding-the-issue-of-java-lang-noclassdeffounderror-org-apache-catalina-valves" Id="17869755">
            <soe part="QUESTION" part_number="1" type="CODE" type_number="2"/>
        </response>
        <response name="exception - Finding the issue of java.lang.NoClassDefFoundError: org/apache/catalina/valves/ValveBase - Stack Overflow" type="browser" x="786.0" y="374.0" left_validation="1" right_validation="1" left_pupil_diameter="2.828250023626512" right_pupil_diameter="2.687378421906502" timestamp="2018-05-04T14:49:42.892-05:00" session_time="169894431169" tracker_time="1525459780403" system_time="1525459782892" nano_time="1729628157020064" gazeId="2355" duration="500" url="https://stackoverflow.com/questions/17869755/finding-the-issue-of-java-lang-noclassdeffounderror-org-apache-catalina-valves" Id="17869755">
            <soe part="QUESTION" part_number="1" type="CODE" type_number="2"/>
        </response>
        <response name="exception - Finding the issue of java.lang.NoClassDefFoundError: org/apache/catalina/valves/ValveBase - Stack Overflow" type="browser" x="864.0" y="386.0" left_validation="1" right_validation="1" left_pupil_diameter="2.749596872637349" right_pupil_diameter="2.7961602980090725" timestamp="2018-05-04T14:49:43.392-05:00" session_time="170394275564" tracker_time="1525459780903" system_time="1525459783392" nano_time="1729628656864459" gazeId="2385" duration="500" url="https://stackoverflow.com/questions/17869755/finding-the-issue-of-java-lang-noclassdeffounderror-org-apache-catalina-valves" Id="17869755">
            <soe part="QUESTION" part_number="1" type="CODE" type_number="2"/>
        </response>
        <response name="exception - Finding the issue of java.lang.NoClassDefFoundError: org/apache/catalina/valves/ValveBase - Stack Overflow" type="browser" x="840.0" y="327.0" left_validation="1" right_validation="1" left_pupil_diameter="2.750574526579484" right_pupil_diameter="2.830785336701766" timestamp="2018-05-04T14:49:43.892-05:00" session_time="170894107862" tracker_time="1525459781403" system_time="1525459783892" nano_time="1729629156696757" gazeId="2415" duration="367" url="https://stackoverflow.com/questions/17869755/finding-the-issue-of-java-lang-noclassdeffounderror-org-apache-catalina-valves" Id="17869755">
            <soe part="QUESTION" part_number="1" type="CODE" type_number="2"/>
        </response>
        <response name="exception - Finding the issue of java.lang.NoClassDefFoundError: org/apache/catalina/valves/ValveBase - Stack Overflow" type="browser" x="801.0" y="387.0" left_validation="1" right_validation="1" left_pupil_diameter="2.7056785789695947" right_pupil_diameter="2.5619795515730575" timestamp="2018-05-04T14:49:44.259-05:00" session_time="171261048240" tracker_time="1525459781770" system_time="1525459784259" nano_time="1729629523637135" gazeId="2437" duration="600" url="https://stackoverflow.com/questions/17869755/finding-the-issue-of-java-lang-noclassdeffounderror-org-apache-catalina-valves" Id="17869755">
            <soe part="QUESTION" part_number="1" type="CODE" type_number="2"/>
        </response>
        <response name="exception - Finding the issue of java.lang.NoClassDefFoundError: org/apache/catalina/valves/ValveBase - Stack Overflow" type="browser" x="831.5" y="367.5" left_validation="1" right_validation="1" left_pupil_diameter="2.668914794921875" right_pupil_diameter="2.432058334350586" timestamp="2018-05-04T14:49:44.859-05:00" session_time="171860637545" tracker_time="1525459782370" system_time="1525459784859" nano_time="1729630123226440" gazeId="2473" duration="117" url="https://stackoverflow.com/questions/17869755/finding-the-issue-of-java-lang-noclassdeffounderror-org-apache-catalina-valves" Id="17869755">
            <soe part="QUESTION" part_number="1" type="CODE" type_number="2"/>
        </response>
        <response name="exception - Finding the issue of java.lang.NoClassDefFoundError: org/apache/catalina/valves/ValveBase - Stack Overflow" type="browser" x="847.0" y="332.0" left_validation="1" right_validation="1" left_pupil_diameter="2.6582673725328947" right_pupil_diameter="2.3586056357935856" timestamp="2018-05-04T14:49:44.976-05:00" session_time="171978295558" tracker_time="1525459782486" system_time="1525459784976" nano_time="1729630240884453" gazeId="2480" duration="349" url="https://stackoverflow.com/questions/17869755/finding-the-issue-of-java-lang-noclassdeffounderror-org-apache-catalina-valves" Id="17869755">
            <soe part="QUESTION" part_number="1" type="CODE" type_number="2"/>
        </response>
        <response name="exception - Finding the issue of java.lang.NoClassDefFoundError: org/apache/catalina/valves/ValveBase - Stack Overflow" type="browser" x="806.5" y="345.5" left_validation="1" right_validation="1" left_pupil_diameter="2.649775913783482" right_pupil_diameter="2.5610340663364957" timestamp="2018-05-04T14:49:45.325-05:00" session_time="172327294241" tracker_time="1525459782836" system_time="1525459785325" nano_time="1729630589883136" gazeId="2498" duration="216" url="https://stackoverflow.com/questions/17869755/finding-the-issue-of-java-lang-noclassdeffounderror-org-apache-catalina-valves" Id="17869755">
            <soe part="QUESTION" part_number="1" type="CODE" type_number="2"/>
        </response>
        <response name="exception - Finding the issue of java.lang.NoClassDefFoundError: org/apache/catalina/valves/ValveBase - Stack Overflow" type="browser" x="775.0" y="445.0" left_validation="1" right_validation="1" left_pupil_diameter="2.6931477864583333" right_pupil_diameter="2.8094740804036458" timestamp="2018-05-04T14:49:45.541-05:00" session_time="172543821083" tracker_time="1525459783053" system_time="1525459785541" nano_time="1729630806409978" gazeId="2511" duration="1234" url="https://stackoverflow.com/questions/17869755/finding-the-issue-of-java-lang-noclassdeffounderror-org-apache-catalina-valves" Id="17869755">
            <soe part="QUESTION" part_number="1" type="CODE" type_number="2"/>
        </response>
        <response name="exception - Finding the issue of java.lang.NoClassDefFoundError: org/apache/catalina/valves/ValveBase - Stack Overflow" type="browser" x="853.0" y="425.0" left_validation="1" right_validation="1" left_pupil_diameter="2.776606241861979" right_pupil_diameter="2.9147715250651043" timestamp="2018-05-04T14:49:46.775-05:00" session_time="173777027183" tracker_time="1525459784286" system_time="1525459786775" nano_time="1729632039616078" gazeId="2585" duration="233" url="https://stackoverflow.com/questions/17869755/finding-the-issue-of-java-lang-noclassdeffounderror-org-apache-catalina-valves" Id="17869755">
            <soe part="QUESTION" part_number="1" type="CODE" type_number="2"/>
        </response>
        <response name="exception - Finding the issue of java.lang.NoClassDefFoundError: org/apache/catalina/valves/ValveBase - Stack Overflow" type="browser" x="771.0" y="300.5" left_validation="1" right_validation="1" left_pupil_diameter="2.856910042140795" right_pupil_diameter="2.9679777725883154" timestamp="2018-05-04T14:49:47.008-05:00" session_time="174010347284" tracker_time="1525459784519" system_time="1525459787008" nano_time="1729632272936179" gazeId="2599" duration="750" url="https://stackoverflow.com/questions/17869755/finding-the-issue-of-java-lang-noclassdeffounderror-org-apache-catalina-valves" Id="17869755">
            <soe part="QUESTION" part_number="1" type="CODE" type_number="2"/>
        </response>
        <response name="exception - Finding the issue of java.lang.NoClassDefFoundError: org/apache/catalina/valves/ValveBase - Stack Overflow" type="browser" x="822.5" y="267.0" left_validation="1" right_validation="1" left_pupil_diameter="3.019098033075747" right_pupil_diameter="3.1486809771993887" timestamp="2018-05-04T14:49:47.758-05:00" session_time="174760347559" tracker_time="1525459785269" system_time="1525459787758" nano_time="1729633022936454" gazeId="2644" duration="769" url="https://stackoverflow.com/questions/17869755/finding-the-issue-of-java-lang-noclassdeffounderror-org-apache-catalina-valves" Id="17869755">
            <soe part="QUESTION" part_number="1" type="CODE" type_number="2"/>
        </response>
        <response name="exception - Finding the issue of java.lang.NoClassDefFoundError: org/apache/catalina/valves/ValveBase - Stack Overflow" type="browser" x="768.0" y="398.0" left_validation="1" right_validation="1" left_pupil_diameter="3.0728718150745737" right_pupil_diameter="3.048818414861506" timestamp="2018-05-04T14:49:48.527-05:00" session_time="175528818842" tracker_time="1525459786036" system_time="1525459788527" nano_time="1729633791407737" gazeId="2689" duration="897" url="https://stackoverflow.com/questions/17869755/finding-the-issue-of-java-lang-noclassdeffounderror-org-apache-catalina-valves" Id="17869755">
            <soe part="QUESTION" part_number="1" type="CODE" type_number="2"/>
        </response>
        <response name="exception - Finding the issue of java.lang.NoClassDefFoundError: org/apache/catalina/valves/ValveBase - Stack Overflow" type="browser" x="956.0" y="280.0" left_validation="1" right_validation="1" left_pupil_diameter="3.102208455403646" right_pupil_diameter="3.3473089969519414" timestamp="2018-05-04T14:49:49.424-05:00" session_time="176426922585" tracker_time="1525459786936" system_time="1525459789424" nano_time="1729634689511480" gazeId="2699" duration="534" url="https://stackoverflow.com/questions/17869755/finding-the-issue-of-java-lang-noclassdeffounderror-org-apache-catalina-valves" Id="17869755">
            <soe part="QUESTION" part_number="1" type="CODE" type_number="2"/>
        </response>
        <response name="exception - Finding the issue of java.lang.NoClassDefFoundError: org/apache/catalina/valves/ValveBase - Stack Overflow" type="browser" x="877.0" y="277.5" left_validation="1" right_validation="1" left_pupil_diameter="3.08939790725708" right_pupil_diameter="3.338557720184326" timestamp="2018-05-04T14:49:49.958-05:00" session_time="176960195143" tracker_time="1525459787469" system_time="1525459789958" nano_time="1729635222784038" gazeId="2731" duration="516" url="https://stackoverflow.com/questions/17869755/finding-the-issue-of-java-lang-noclassdeffounderror-org-apache-catalina-valves" Id="17869755">
            <soe part="QUESTION" part_number="1" type="CODE" type_number="2"/>
        </response>
        <response name="exception - Finding the issue of java.lang.NoClassDefFoundError: org/apache/catalina/valves/ValveBase - Stack Overflow" type="browser" x="826.0" y="272.0" left_validation="1" right_validation="1" left_pupil_diameter="3.0048572628997094" right_pupil_diameter="3.232909091683321" timestamp="2018-05-04T14:49:50.474-05:00" session_time="177476698635" tracker_time="1525459787986" system_time="1525459790474" nano_time="1729635739287530" gazeId="2762" duration="700" url="https://stackoverflow.com/questions/17869755/finding-the-issue-of-java-lang-noclassdeffounderror-org-apache-catalina-valves" Id="17869755">
            <soe part="QUESTION" part_number="1" type="CODE" type_number="2"/>
        </response>
        <response name="exception - Finding the issue of java.lang.NoClassDefFoundError: org/apache/catalina/valves/ValveBase - Stack Overflow" type="browser" x="1032.0" y="261.0" left_validation="1" right_validation="1" left_pupil_diameter="2.9172695384306064" right_pupil_diameter="3.0664228551528034" timestamp="2018-05-04T14:49:51.224-05:00" session_time="178226524060" tracker_time="1525459788735" system_time="1525459791224" nano_time="1729636489112955" gazeId="2807" duration="1017" url="https://stackoverflow.com/questions/17869755/finding-the-issue-of-java-lang-noclassdeffounderror-org-apache-catalina-valves" Id="17869755">
            <soe part="QUESTION" part_number="1" type="CODE" type_number="2"/>
        </response>
        <response name="exception - Finding the issue of java.lang.NoClassDefFoundError: org/apache/catalina/valves/ValveBase - Stack Overflow" type="browser" x="790.0" y="309.0" left_validation="1" right_validation="1" left_pupil_diameter="2.879092794069102" right_pupil_diameter="3.100404121506382" timestamp="2018-05-04T14:49:52.241-05:00" session_time="179243439383" tracker_time="1525459789752" system_time="1525459792241" nano_time="1729637506028278" gazeId="2840" duration="1766" url="https://stackoverflow.com/questions/17869755/finding-the-issue-of-java-lang-noclassdeffounderror-org-apache-catalina-valves" Id="17869755">
            <soe part="QUESTION" part_number="1" type="TEXT" type_number="2"/>
        </response>
    </gazes>
</itrace-records>
