<?xml version="1.0" encoding="UTF-8" standalone="yes"?>
<itrace-records>
    <environment>
        <screen-size width="1600" height="900"/>
    </environment>
    <gazes>
        <response name="T6-SO.txt" type="txt" x="594.0" y="122.0" left_validation="1" right_validation="1" left_pupil_diameter="0.0" right_pupil_diameter="2.070699800888249E-142" timestamp="2017-11-12T19:51:48.625-05:00" session_time="1969277717" tracker_time="266133617" system_time="1510534308625" nano_time="266133630433206" gazeId="10" duration="415" path="C:\CodeSummarizationStudy\CodeSummarization_Study\_tasks\Sequence 2\T6-SO.txt" line_height="22" font_height="14" line="1" col="29" line_base_x="309" line_base_y="114"/>
        <response name="T6-SO.txt" type="txt" x="426.5" y="110.0" left_validation="1" right_validation="1" left_pupil_diameter="0.0" right_pupil_diameter="2.070699800888249E-142" timestamp="2017-11-12T19:51:49.04-05:00" session_time="2384927557" tracker_time="266134035" system_time="1510534309040" nano_time="266134046083046" gazeId="14" duration="79" path="C:\CodeSummarizationStudy\CodeSummarization_Study\_tasks\Sequence 2\T6-SO.txt" line_height="22" font_height="14" line="1" col="17" line_base_x="309" line_base_y="107"/>
        <response name="T6-SO.txt" type="txt" x="365.0" y="164.0" left_validation="1" right_validation="1" left_pupil_diameter="0.0" right_pupil_diameter="2.070699800888248E-142" timestamp="2017-11-12T19:51:49.119-05:00" session_time="2463502988" tracker_time="266134111" system_time="1510534309119" nano_time="266134124658477" gazeId="17" duration="254" path="C:\CodeSummarizationStudy\CodeSummarization_Study\_tasks\Sequence 2\T6-SO.txt" line_height="22" font_height="14" line="1" col="11" line_base_x="309" line_base_y="106"/>
        <response name="T6-SO.txt" type="txt" x="409.0" y="169.0" left_validation="1" right_validation="1" left_pupil_diameter="0.0" right_pupil_diameter="2.070699800888248E-142" timestamp="2017-11-12T19:51:49.373-05:00" session_time="2718123073" tracker_time="266134367" system_time="1510534309373" nano_time="266134379278562" gazeId="29" duration="630" path="C:\CodeSummarizationStudy\CodeSummarization_Study\_tasks\Sequence 2\T6-SO.txt" line_height="22" font_height="14" line="4" col="8" line_base_x="309" line_base_y="172"/>
        <response name="T6-SO.txt" type="txt" x="356.0" y="273.0" left_validation="1" right_validation="1" left_pupil_diameter="0.0" right_pupil_diameter="2.0706998008882477E-142" timestamp="2017-11-12T19:51:50.003-05:00" session_time="3347984999" tracker_time="266134996" system_time="1510534310003" nano_time="266135009140488" gazeId="47" duration="2520" path="C:\CodeSummarizationStudy\CodeSummarization_Study\_tasks\Sequence 2\T6-SO.txt" line_height="22" font_height="14" line="7" col="4" line_base_x="309" line_base_y="238"/>
        <response name="T6-SO.txt" type="txt" x="603.0" y="275.0" left_validation="1" right_validation="1" left_pupil_diameter="0.0" right_pupil_diameter="2.070699800888249E-142" timestamp="2017-11-12T19:51:52.523-05:00" session_time="5867649813" tracker_time="266137517" system_time="1510534312523" nano_time="266137528805302" gazeId="87" duration="1559" path="C:\CodeSummarizationStudy\CodeSummarization_Study\_tasks\Sequence 2\T6-SO.txt" line_height="22" font_height="14" line="7" col="27" line_base_x="309" line_base_y="238"/>
        <response name="T6-SO.txt" type="txt" x="327.0" y="482.0" left_validation="1" right_validation="1" left_pupil_diameter="0.0" right_pupil_diameter="2.070699800888249E-142" timestamp="2017-11-12T19:51:54.082-05:00" session_time="7425935533" tracker_time="266139075" system_time="1510534314082" nano_time="266139087091022" gazeId="94" duration="1007" path="C:\CodeSummarizationStudy\CodeSummarization_Study\_tasks\Sequence 2\T6-SO.txt" line_height="22" font_height="14" line="15" col="23" line_base_x="309" line_base_y="414"/>
        <response name="T6-SO.txt" type="txt" x="330.0" y="210.5" left_validation="1" right_validation="1" left_pupil_diameter="0.0" right_pupil_diameter="2.070699800888248E-142" timestamp="2017-11-12T19:51:55.089-05:00" session_time="8433126192" tracker_time="266140080" system_time="1510534315089" nano_time="266140094281681" gazeId="102" duration="18329" path="C:\CodeSummarizationStudy\CodeSummarization_Study\_tasks\Sequence 2\T6-SO.txt" line_height="22" font_height="14" line="10" col="1" line_base_x="309" line_base_y="304"/>
        <response name="java - Redirect POST request using tomcat valve - Stack Overflow" type="browser" x="706.0" y="287.0" left_validation="1" right_validation="1" left_pupil_diameter="0.0" right_pupil_diameter="2.0706998008882477E-142" timestamp="2017-11-12T19:52:13.418-05:00" session_time="26762297824" tracker_time="266158410" system_time="1510534333418" nano_time="266158423453313" gazeId="117" duration="359" url="https://stackoverflow.com/questions/24803004/redirect-post-request-using-tomcat-valve" Id="24803004">
            <soe part="QUESTION" part_number="1" type="TEXT" type_number="4"/>
        </response>
        <response name="java - Redirect POST request using tomcat valve - Stack Overflow" type="browser" x="598.0" y="248.5" left_validation="1" right_validation="1" left_pupil_diameter="0.0" right_pupil_diameter="2.070699800888248E-142" timestamp="2017-11-12T19:52:13.777-05:00" session_time="27122086394" tracker_time="266158770" system_time="1510534333777" nano_time="266158783241883" gazeId="139" duration="1801" url="https://stackoverflow.com/questions/24803004/redirect-post-request-using-tomcat-valve" Id="24803004">
            <soe part="QUESTION" part_number="1" type="TEXT" type_number="4"/>
        </response>
        <response name="java - Redirect POST request using tomcat valve - Stack Overflow" type="browser" x="756.0" y="435.0" left_validation="1" right_validation="1" left_pupil_diameter="0.0" right_pupil_diameter="2.0706998008882492E-142" timestamp="2017-11-12T19:52:15.578-05:00" session_time="28922203142" tracker_time="266160570" system_time="1510534335578" nano_time="266160583358631" gazeId="156" duration="4035" url="https://stackoverflow.com/questions/24803004/redirect-post-request-using-tomcat-valve" Id="24803004">
            <soe part="QUESTION" part_number="1" type="TEXT" type_number="4"/>
        </response>
        <response name="java - Read the request stream multiple times - Stack Overflow" type="browser" x="1041.0" y="570.0" left_validation="1" right_validation="1" left_pupil_diameter="0.0" right_pupil_diameter="2.0706998008882485E-142" timestamp="2017-11-12T19:52:19.613-05:00" session_time="32957510395" tracker_time="266164605" system_time="1510534339613" nano_time="266164618665884" gazeId="161" duration="239" url="https://stackoverflow.com/questions/19438438/read-the-request-stream-multiple-times" Id="19438438">
            <soe part="QUESTION" part_number="1" type="TEXT" type_number="3"/>
        </response>
        <response name="java - Read the request stream multiple times - Stack Overflow" type="browser" x="965.0" y="539.0" left_validation="1" right_validation="1" left_pupil_diameter="0.0" right_pupil_diameter="2.070699800888248E-142" timestamp="2017-11-12T19:52:19.852-05:00" session_time="33197253398" tracker_time="266164844" system_time="1510534339852" nano_time="266164858408887" gazeId="172" duration="436" url="https://stackoverflow.com/questions/19438438/read-the-request-stream-multiple-times" Id="19438438">
            <soe part="QUESTION" part_number="1" type="TEXT" type_number="2"/>
        </response>
        <response name="java - Read the request stream multiple times - Stack Overflow" type="browser" x="741.0" y="406.5" left_validation="1" right_validation="1" left_pupil_diameter="0.0" right_pupil_diameter="2.070699800888248E-142" timestamp="2017-11-12T19:52:20.288-05:00" session_time="33631986954" tracker_time="266165279" system_time="1510534340288" nano_time="266165293142443" gazeId="191" duration="315" url="https://stackoverflow.com/questions/19438438/read-the-request-stream-multiple-times" Id="19438438">
            <soe part="QUESTION" part_number="1" type="COMMENT" type_number="2"/>
        </response>
        <response name="java - Read the request stream multiple times - Stack Overflow" type="browser" x="686.0" y="383.0" left_validation="1" right_validation="1" left_pupil_diameter="0.0" right_pupil_diameter="2.0706998008882477E-142" timestamp="2017-11-12T19:52:20.603-05:00" session_time="33947084997" tracker_time="266165594" system_time="1510534340603" nano_time="266165608240486" gazeId="208" duration="1170" url="https://stackoverflow.com/questions/19438438/read-the-request-stream-multiple-times" Id="19438438">
            <soe part="QUESTION" part_number="1" type="COMMENT" type_number="2"/>
        </response>
        <response name="java - Read the request stream multiple times - Stack Overflow" type="browser" x="745.0" y="578.0" left_validation="1" right_validation="1" left_pupil_diameter="0.0" right_pupil_diameter="2.070699800888249E-142" timestamp="2017-11-12T19:52:21.773-05:00" session_time="35118037967" tracker_time="266166765" system_time="1510534341773" nano_time="266166779193456" gazeId="242" duration="206" url="https://stackoverflow.com/questions/19438438/read-the-request-stream-multiple-times" Id="19438438">
            <soe part="QUESTION" part_number="1" type="TITLE" type_number="1"/>
        </response>
        <response name="java - Read the request stream multiple times - Stack Overflow" type="browser" x="710.0" y="603.0" left_validation="1" right_validation="1" left_pupil_diameter="0.0" right_pupil_diameter="2.0706998008882492E-142" timestamp="2017-11-12T19:52:21.979-05:00" session_time="35323935334" tracker_time="266166973" system_time="1510534341979" nano_time="266166985090823" gazeId="246" duration="108" url="https://stackoverflow.com/questions/19438438/read-the-request-stream-multiple-times" Id="19438438">
            <soe part="QUESTION" part_number="1" type="TEXT" type_number="1"/>
        </response>
        <response name="java - Read the request stream multiple times - Stack Overflow" type="browser" x="655.0" y="573.0" left_validation="1" right_validation="1" left_pupil_diameter="0.0" right_pupil_diameter="2.0706998008882492E-142" timestamp="2017-11-12T19:52:22.087-05:00" session_time="35432292870" tracker_time="266167079" system_time="1510534342087" nano_time="266167093448359" gazeId="252" duration="90" url="https://stackoverflow.com/questions/19438438/read-the-request-stream-multiple-times" Id="19438438">
            <soe part="QUESTION" part_number="1" type="TEXT" type_number="1"/>
        </response>
        <response name="java - Read the request stream multiple times - Stack Overflow" type="browser" x="605.5" y="493.5" left_validation="1" right_validation="1" left_pupil_diameter="0.0" right_pupil_diameter="2.070699800888249E-142" timestamp="2017-11-12T19:52:22.177-05:00" session_time="35521955599" tracker_time="266167169" system_time="1510534342177" nano_time="266167183111088" gazeId="258" duration="118" url="https://stackoverflow.com/questions/19438438/read-the-request-stream-multiple-times" Id="19438438">
            <soe part="ANSWER" part_number="1" type="TEXT" type_number="4"/>
        </response>
        <response name="java - Read the request stream multiple times - Stack Overflow" type="browser" x="638.0" y="343.0" left_validation="1" right_validation="1" left_pupil_diameter="0.0" right_pupil_diameter="2.070699800888248E-142" timestamp="2017-11-12T19:52:22.295-05:00" session_time="35639636374" tracker_time="266167289" system_time="1510534342295" nano_time="266167300791863" gazeId="265" duration="332" url="https://stackoverflow.com/questions/19438438/read-the-request-stream-multiple-times" Id="19438438">
            <soe part="ANSWER" part_number="1" type="TEXT" type_number="3"/>
        </response>
        <response name="java - Read the request stream multiple times - Stack Overflow" type="browser" x="780.0" y="277.0" left_validation="1" right_validation="1" left_pupil_diameter="0.0" right_pupil_diameter="2.0706998008882485E-142" timestamp="2017-11-12T19:52:22.627-05:00" session_time="35972326686" tracker_time="266167619" system_time="1510534342627" nano_time="266167633482175" gazeId="284" duration="1591" url="https://stackoverflow.com/questions/19438438/read-the-request-stream-multiple-times" Id="19438438">
            <soe part="ANSWER" part_number="1" type="TEXT" type_number="1"/>
        </response>
        <response name="java - Read the request stream multiple times - Stack Overflow" type="browser" x="722.5" y="288.0" left_validation="1" right_validation="1" left_pupil_diameter="0.0" right_pupil_diameter="2.0706998008882485E-142" timestamp="2017-11-12T19:52:24.218-05:00" session_time="37562195197" tracker_time="266169209" system_time="1510534344218" nano_time="266169223350686" gazeId="294" duration="180" url="https://stackoverflow.com/questions/19438438/read-the-request-stream-multiple-times" Id="19438438">
            <soe part="QUESTION" part_number="1" type="TEXT" type_number="1"/>
        </response>
        <response name="java - Read the request stream multiple times - Stack Overflow" type="browser" x="648.0" y="343.0" left_validation="1" right_validation="1" left_pupil_diameter="0.0" right_pupil_diameter="2.0706998008882492E-142" timestamp="2017-11-12T19:52:24.426-05:00" session_time="37770721664" tracker_time="266169419" system_time="1510534344426" nano_time="266169431877153" gazeId="305" duration="106" url="https://stackoverflow.com/questions/19438438/read-the-request-stream-multiple-times" Id="19438438">
            <soe part="ANSWER" part_number="1" type="TEXT" type_number="3"/>
        </response>
        <response name="java - Read the request stream multiple times - Stack Overflow" type="browser" x="641.0" y="384.0" left_validation="1" right_validation="1" left_pupil_diameter="0.0" right_pupil_diameter="2.0706998008882485E-142" timestamp="2017-11-12T19:52:24.532-05:00" session_time="37876759718" tracker_time="266169524" system_time="1510534344532" nano_time="266169537915207" gazeId="311" duration="764" url="https://stackoverflow.com/questions/19438438/read-the-request-stream-multiple-times" Id="19438438">
            <soe part="ANSWER" part_number="1" type="TEXT" type_number="4"/>
        </response>
        <response name="java - Read the request stream multiple times - Stack Overflow" type="browser" x="498.0" y="413.5" left_validation="1" right_validation="1" left_pupil_diameter="0.0" right_pupil_diameter="2.070699800888249E-142" timestamp="2017-11-12T19:52:25.327-05:00" session_time="38671434009" tracker_time="266170319" system_time="1510534345327" nano_time="266170332589498" gazeId="323" duration="3716" url="https://stackoverflow.com/questions/19438438/read-the-request-stream-multiple-times" Id="19438438">
            <soe part="QUESTION" part_number="1" type="TEXT" type_number="3"/>
        </response>
        <response name="java - Read the request stream multiple times - Stack Overflow" type="browser" x="530.0" y="437.0" left_validation="1" right_validation="1" left_pupil_diameter="0.0" right_pupil_diameter="2.070699800888248E-142" timestamp="2017-11-12T19:52:29.043-05:00" session_time="42388162297" tracker_time="266174038" system_time="1510534349043" nano_time="266174049317786" gazeId="328" duration="199" url="https://stackoverflow.com/questions/19438438/read-the-request-stream-multiple-times" Id="19438438">
            <soe part="QUESTION" part_number="1" type="COMMENT" type_number="2"/>
        </response>
        <response name="java - Read the request stream multiple times - Stack Overflow" type="browser" x="530.0" y="389.0" left_validation="1" right_validation="1" left_pupil_diameter="0.0" right_pupil_diameter="2.0706998008882485E-142" timestamp="2017-11-12T19:52:29.242-05:00" session_time="42586918091" tracker_time="266174234" system_time="1510534349242" nano_time="266174248073580" gazeId="340" duration="360" url="https://stackoverflow.com/questions/19438438/read-the-request-stream-multiple-times" Id="19438438">
            <soe part="QUESTION" part_number="1" type="COMMENT" type_number="2"/>
        </response>
        <response name="java - Read the request stream multiple times - Stack Overflow" type="browser" x="604.0" y="401.5" left_validation="1" right_validation="1" left_pupil_diameter="0.0" right_pupil_diameter="2.070699800888249E-142" timestamp="2017-11-12T19:52:29.602-05:00" session_time="42946589232" tracker_time="266174594" system_time="1510534349602" nano_time="266174607744721" gazeId="350" duration="117" url="https://stackoverflow.com/questions/19438438/read-the-request-stream-multiple-times" Id="19438438">
            <soe part="QUESTION" part_number="1" type="COMMENT" type_number="1"/>
        </response>
        <response name="java - Read the request stream multiple times - Stack Overflow" type="browser" x="642.0" y="411.0" left_validation="1" right_validation="1" left_pupil_diameter="0.0" right_pupil_diameter="2.0706998008882477E-142" timestamp="2017-11-12T19:52:29.719-05:00" session_time="43064071022" tracker_time="266174714" system_time="1510534349719" nano_time="266174725226511" gazeId="357" duration="527" url="https://stackoverflow.com/questions/19438438/read-the-request-stream-multiple-times" Id="19438438">
            <soe part="QUESTION" part_number="1" type="COMMENT" type_number="1"/>
        </response>
        <response name="java - Read the request stream multiple times - Stack Overflow" type="browser" x="843.0" y="485.0" left_validation="1" right_validation="1" left_pupil_diameter="0.0" right_pupil_diameter="2.070699800888249E-142" timestamp="2017-11-12T19:52:30.246-05:00" session_time="43591588772" tracker_time="266175239" system_time="1510534350246" nano_time="266175252744261" gazeId="389" duration="77" url="https://stackoverflow.com/questions/19438438/read-the-request-stream-multiple-times" Id="19438438">
            <soe part="ANSWER" part_number="1" type="TEXT" type_number="3"/>
        </response>
        <response name="java - Read the request stream multiple times - Stack Overflow" type="browser" x="973.0" y="561.0" left_validation="1" right_validation="1" left_pupil_diameter="0.0" right_pupil_diameter="2.070699800888249E-142" timestamp="2017-11-12T19:52:30.323-05:00" session_time="43667784685" tracker_time="266175315" system_time="1510534350323" nano_time="266175328940174" gazeId="393" duration="238" url="https://stackoverflow.com/questions/19438438/read-the-request-stream-multiple-times" Id="19438438">
            <soe part="ANSWER" part_number="1" type="TEXT" type_number="4"/>
        </response>
        <response name="java - Read the request stream multiple times - Stack Overflow" type="browser" x="912.0" y="520.0" left_validation="1" right_validation="1" left_pupil_diameter="0.0" right_pupil_diameter="2.0706998008882477E-142" timestamp="2017-11-12T19:52:30.59-05:00" session_time="43935190807" tracker_time="266175584" system_time="1510534350590" nano_time="266175596346296" gazeId="403" duration="452" url="https://stackoverflow.com/questions/19438438/read-the-request-stream-multiple-times" Id="19438438">
            <soe part="ANSWER" part_number="1" type="TEXT" type_number="3"/>
        </response>
        <response name="java - Read the request stream multiple times - Stack Overflow" type="browser" x="727.0" y="417.0" left_validation="1" right_validation="1" left_pupil_diameter="0.0" right_pupil_diameter="2.070699800888248E-142" timestamp="2017-11-12T19:52:31.042-05:00" session_time="44386766378" tracker_time="266176034" system_time="1510534351042" nano_time="266176047921867" gazeId="426" duration="15752" url="https://stackoverflow.com/questions/19438438/read-the-request-stream-multiple-times" Id="19438438">
            <soe part="ANSWER" part_number="1" type="TEXT" type_number="4"/>
        </response>
        <response name="T6-SO.txt" type="txt" x="672.0" y="389.0" left_validation="1" right_validation="1" left_pupil_diameter="0.0" right_pupil_diameter="2.0706998008882485E-142" timestamp="2017-11-12T19:52:46.794-05:00" session_time="60138215536" tracker_time="266191783" system_time="1510534366794" nano_time="266191799371025" gazeId="446" duration="338" path="C:\CodeSummarizationStudy\CodeSummarization_Study\_tasks\Sequence 2\T6-SO.txt" line_height="22" font_height="14" line="13" col="36" line_base_x="309" line_base_y="370"/>
        <response name="T6-SO.txt" type="txt" x="713.0" y="418.5" left_validation="1" right_validation="1" left_pupil_diameter="0.0" right_pupil_diameter="2.070699800888248E-142" timestamp="2017-11-12T19:52:47.132-05:00" session_time="60477486335" tracker_time="266192128" system_time="1510534367132" nano_time="266192138641824" gazeId="457" duration="515" path="C:\CodeSummarizationStudy\CodeSummarization_Study\_tasks\Sequence 2\T6-SO.txt" line_height="22" font_height="14" line="12" col="31" line_base_x="309" line_base_y="348"/>
        <response name="T6-SO.txt" type="txt" x="836.5" y="457.0" left_validation="1" right_validation="1" left_pupil_diameter="0.0" right_pupil_diameter="2.0706998008882485E-142" timestamp="2017-11-12T19:52:47.647-05:00" session_time="60991339794" tracker_time="266192638" system_time="1510534367647" nano_time="266192652495283" gazeId="474" duration="538" path="C:\CodeSummarizationStudy\CodeSummarization_Study\_tasks\Sequence 2\T6-SO.txt" line_height="22" font_height="14" line="15" col="46" line_base_x="309" line_base_y="414"/>
        <response name="T6-SO.txt" type="txt" x="711.0" y="421.0" left_validation="1" right_validation="1" left_pupil_diameter="0.0" right_pupil_diameter="2.0706998008882477E-142" timestamp="2017-11-12T19:52:48.185-05:00" session_time="61529482683" tracker_time="266193178" system_time="1510534368185" nano_time="266193190638172" gazeId="485" duration="2400" path="C:\CodeSummarizationStudy\CodeSummarization_Study\_tasks\Sequence 2\T6-SO.txt" line_height="22" font_height="14" line="13" col="34" line_base_x="309" line_base_y="370"/>
        <response name="T6-SO.txt" type="txt" x="851.0" y="484.0" left_validation="1" right_validation="1" left_pupil_diameter="0.0" right_pupil_diameter="2.070699800888249E-142" timestamp="2017-11-12T19:52:50.585-05:00" session_time="63929607512" tracker_time="266195578" system_time="1510534370585" nano_time="266195590763001" gazeId="531" duration="1364" path="C:\CodeSummarizationStudy\CodeSummarization_Study\_tasks\Sequence 2\T6-SO.txt" line_height="22" font_height="14" line="18" col="54" line_base_x="309" line_base_y="480"/>
        <response name="T6-SO.txt" type="txt" x="789.5" y="430.5" left_validation="1" right_validation="1" left_pupil_diameter="0.0" right_pupil_diameter="2.0706998008882485E-142" timestamp="2017-11-12T19:52:51.949-05:00" session_time="65293479246" tracker_time="266196942" system_time="1510534371949" nano_time="266196954634735" gazeId="539" duration="539" path="C:\CodeSummarizationStudy\CodeSummarization_Study\_tasks\Sequence 2\T6-SO.txt" line_height="22" font_height="14" line="18" col="57" line_base_x="309" line_base_y="480"/>
        <response name="T6-SO.txt" type="txt" x="878.0" y="481.0" left_validation="1" right_validation="1" left_pupil_diameter="0.0" right_pupil_diameter="2.070699800888249E-142" timestamp="2017-11-12T19:52:52.488-05:00" session_time="65833137369" tracker_time="266197482" system_time="1510534372488" nano_time="266197494292858" gazeId="550" duration="1099" path="C:\CodeSummarizationStudy\CodeSummarization_Study\_tasks\Sequence 2\T6-SO.txt" line_height="22" font_height="14" line="15" col="48" line_base_x="309" line_base_y="414"/>
        <response name="T6-SO.txt" type="txt" x="824.5" y="457.5" left_validation="1" right_validation="1" left_pupil_diameter="0.0" right_pupil_diameter="2.070699800888248E-142" timestamp="2017-11-12T19:52:53.587-05:00" session_time="66931160126" tracker_time="266198578" system_time="1510534373587" nano_time="266198592315615" gazeId="558" duration="1078" path="C:\CodeSummarizationStudy\CodeSummarization_Study\_tasks\Sequence 2\T6-SO.txt" line_height="22" font_height="14" line="18" col="56" line_base_x="309" line_base_y="480"/>
        <response name="T6-SO.txt" type="txt" x="639.0" y="361.0" left_validation="1" right_validation="1" left_pupil_diameter="0.0" right_pupil_diameter="2.070699800888249E-142" timestamp="2017-11-12T19:52:54.665-05:00" session_time="68009152194" tracker_time="266199658" system_time="1510534374665" nano_time="266199670307683" gazeId="577" duration="271" path="C:\CodeSummarizationStudy\CodeSummarization_Study\_tasks\Sequence 2\T6-SO.txt" line_height="22" font_height="14" line="15" col="48" line_base_x="309" line_base_y="414"/>
        <response name="T6-SO.txt" type="txt" x="729.0" y="421.0" left_validation="1" right_validation="1" left_pupil_diameter="0.0" right_pupil_diameter="2.0706998008882492E-142" timestamp="2017-11-12T19:52:54.936-05:00" session_time="68280641103" tracker_time="266199928" system_time="1510534374936" nano_time="266199941796592" gazeId="585" duration="539" path="C:\CodeSummarizationStudy\CodeSummarization_Study\_tasks\Sequence 2\T6-SO.txt" line_height="22" font_height="14" line="13" col="37" line_base_x="309" line_base_y="370"/>
        <response name="T6-SO.txt" type="txt" x="675.0" y="384.0" left_validation="1" right_validation="1" left_pupil_diameter="0.0" right_pupil_diameter="2.070699800888248E-142" timestamp="2017-11-12T19:52:55.475-05:00" session_time="68819701892" tracker_time="266200468" system_time="1510534375475" nano_time="266200480857381" gazeId="591" duration="271" path="C:\CodeSummarizationStudy\CodeSummarization_Study\_tasks\Sequence 2\T6-SO.txt" line_height="22" font_height="14" line="12" col="32" line_base_x="309" line_base_y="348"/>
        <response name="T6-SO.txt" type="txt" x="777.0" y="433.5" left_validation="1" right_validation="1" left_pupil_diameter="0.0" right_pupil_diameter="2.070699800888248E-142" timestamp="2017-11-12T19:52:55.746-05:00" session_time="69090139614" tracker_time="266200738" system_time="1510534375746" nano_time="266200751295103" gazeId="602" duration="945" path="C:\CodeSummarizationStudy\CodeSummarization_Study\_tasks\Sequence 2\T6-SO.txt" line_height="22" font_height="14" line="18" col="55" line_base_x="309" line_base_y="480"/>
        <response name="T6-SO.txt" type="txt" x="403.0" y="111.0" left_validation="1" right_validation="1" left_pupil_diameter="0.0" right_pupil_diameter="2.070699800888248E-142" timestamp="2017-11-12T19:52:56.691-05:00" session_time="70036050333" tracker_time="266201683" system_time="1510534376691" nano_time="266201697205822" gazeId="618" duration="4289" path="C:\CodeSummarizationStudy\CodeSummarization_Study\_tasks\Sequence 2\T6-SO.txt" line_height="22" font_height="14" line="8" col="8" line_base_x="309" line_base_y="260"/>
        <response name="T6-SO.txt" type="txt" x="626.0" y="277.0" left_validation="1" right_validation="1" left_pupil_diameter="0.0" right_pupil_diameter="2.070699800888248E-142" timestamp="2017-11-12T19:53:00.98-05:00" session_time="74324004054" tracker_time="266205973" system_time="1510534380980" nano_time="266205985159543" gazeId="630" duration="329" path="C:\CodeSummarizationStudy\CodeSummarization_Study\_tasks\Sequence 2\T6-SO.txt" line_height="22" font_height="14" line="7" col="26" line_base_x="309" line_base_y="238"/>
        <response name="T6-SO.txt" type="txt" x="572.0" y="271.0" left_validation="1" right_validation="1" left_pupil_diameter="0.0" right_pupil_diameter="2.0706998008882485E-142" timestamp="2017-11-12T19:53:01.309-05:00" session_time="74653083556" tracker_time="266206302" system_time="1510534381309" nano_time="266206314239045" gazeId="650" duration="166" path="C:\CodeSummarizationStudy\CodeSummarization_Study\_tasks\Sequence 2\T6-SO.txt" line_height="22" font_height="14" line="8" col="30" line_base_x="309" line_base_y="260"/>
        <response name="T6-SO.txt" type="txt" x="505.0" y="248.0" left_validation="1" right_validation="1" left_pupil_diameter="0.0" right_pupil_diameter="2.070699800888249E-142" timestamp="2017-11-12T19:53:01.475-05:00" session_time="74819640346" tracker_time="266206468" system_time="1510534381475" nano_time="266206480795835" gazeId="660" duration="991" path="C:\CodeSummarizationStudy\CodeSummarization_Study\_tasks\Sequence 2\T6-SO.txt" line_height="22" font_height="14" line="8" col="25" line_base_x="309" line_base_y="260"/>
        <response name="T6-SO.txt" type="txt" x="448.5" y="181.5" left_validation="1" right_validation="1" left_pupil_diameter="0.0" right_pupil_diameter="2.0706998008882485E-142" timestamp="2017-11-12T19:53:02.466-05:00" session_time="75810154370" tracker_time="266207458" system_time="1510534382466" nano_time="266207471309859" gazeId="665" duration="416" path="C:\CodeSummarizationStudy\CodeSummarization_Study\_tasks\Sequence 2\T6-SO.txt" line_height="22" font_height="14" line="1" col="2" line_base_x="309" line_base_y="106"/>
        <response name="T6-SO.txt" type="txt" x="588.0" y="376.0" left_validation="1" right_validation="1" left_pupil_diameter="0.0" right_pupil_diameter="2.070699800888249E-142" timestamp="2017-11-12T19:53:02.882-05:00" session_time="76226909391" tracker_time="266207877" system_time="1510534382882" nano_time="266207888064880" gazeId="676" duration="77" path="C:\CodeSummarizationStudy\CodeSummarization_Study\_tasks\Sequence 2\T6-SO.txt" line_height="22" font_height="14" line="12" col="26" line_base_x="309" line_base_y="348"/>
        <response name="T6-SO.txt" type="txt" x="713.0" y="487.0" left_validation="1" right_validation="1" left_pupil_diameter="0.0" right_pupil_diameter="2.070699800888249E-142" timestamp="2017-11-12T19:53:02.959-05:00" session_time="76303965435" tracker_time="266207953" system_time="1510534382959" nano_time="266207965120924" gazeId="679" duration="572" path="C:\CodeSummarizationStudy\CodeSummarization_Study\_tasks\Sequence 2\T6-SO.txt" line_height="22" font_height="14" line="15" col="33" line_base_x="309" line_base_y="414"/>
        <response name="T6-SO.txt" type="txt" x="787.5" y="486.0" left_validation="1" right_validation="1" left_pupil_diameter="0.0" right_pupil_diameter="2.070699800888249E-142" timestamp="2017-11-12T19:53:03.531-05:00" session_time="76875763281" tracker_time="266208523" system_time="1510534383531" nano_time="266208536918770" gazeId="687" duration="465" path="C:\CodeSummarizationStudy\CodeSummarization_Study\_tasks\Sequence 2\T6-SO.txt" line_height="22" font_height="14" line="18" col="43" line_base_x="309" line_base_y="480"/>
        <response name="T6-SO.txt" type="txt" x="865.0" y="491.0" left_validation="1" right_validation="1" left_pupil_diameter="0.0" right_pupil_diameter="2.070699800888248E-142" timestamp="2017-11-12T19:53:03.996-05:00" session_time="77340709385" tracker_time="266208988" system_time="1510534383996" nano_time="266209001864874" gazeId="692" duration="1215" path="C:\CodeSummarizationStudy\CodeSummarization_Study\_tasks\Sequence 2\T6-SO.txt" line_height="22" font_height="14" line="18" col="55" line_base_x="309" line_base_y="480"/>
        <response name="T6-SO.txt" type="txt" x="707.0" y="417.0" left_validation="1" right_validation="1" left_pupil_diameter="0.0" right_pupil_diameter="2.070699800888248E-142" timestamp="2017-11-12T19:53:05.211-05:00" session_time="78555493506" tracker_time="266210203" system_time="1510534385211" nano_time="266210216648995" gazeId="705" duration="434" path="C:\CodeSummarizationStudy\CodeSummarization_Study\_tasks\Sequence 2\T6-SO.txt" line_height="22" font_height="14" line="18" col="54" line_base_x="309" line_base_y="480"/>
        <response name="T6-SO.txt" type="txt" x="841.0" y="496.0" left_validation="1" right_validation="1" left_pupil_diameter="0.0" right_pupil_diameter="2.0706998008882477E-142" timestamp="2017-11-12T19:53:05.645-05:00" session_time="78989983900" tracker_time="266210638" system_time="1510534385645" nano_time="266210651139389" gazeId="722" duration="915" path="C:\CodeSummarizationStudy\CodeSummarization_Study\_tasks\Sequence 2\T6-SO.txt" line_height="22" font_height="14" line="15" col="41" line_base_x="309" line_base_y="414"/>
        <response name="T6-SO.txt" type="txt" x="701.0" y="415.0" left_validation="1" right_validation="1" left_pupil_diameter="0.0" right_pupil_diameter="2.070699800888249E-142" timestamp="2017-11-12T19:53:06.56-05:00" session_time="79904620689" tracker_time="266211553" system_time="1510534386560" nano_time="266211565776178" gazeId="750" duration="301" path="C:\CodeSummarizationStudy\CodeSummarization_Study\_tasks\Sequence 2\T6-SO.txt" line_height="22" font_height="14" line="13" col="36" line_base_x="309" line_base_y="370"/>
        <response name="T6-SO.txt" type="txt" x="845.0" y="498.0" left_validation="1" right_validation="1" left_pupil_diameter="0.0" right_pupil_diameter="2.0706998008882477E-142" timestamp="2017-11-12T19:53:06.861-05:00" session_time="80205542441" tracker_time="266211853" system_time="1510534386861" nano_time="266211866697930" gazeId="757" duration="7619" path="C:\CodeSummarizationStudy\CodeSummarization_Study\_tasks\Sequence 2\T6-SO.txt" line_height="22" font_height="14" line="18" col="53" line_base_x="309" line_base_y="480"/>
        <response name="T6-SO.txt" type="txt" x="682.0" y="403.5" left_validation="1" right_validation="1" left_pupil_diameter="0.0" right_pupil_diameter="2.070699800888248E-142" timestamp="2017-11-12T19:53:14.48-05:00" session_time="87824748644" tracker_time="266219472" system_time="1510534394480" nano_time="266219485904133" gazeId="822" duration="584" path="C:\CodeSummarizationStudy\CodeSummarization_Study\_tasks\Sequence 2\T6-SO.txt" line_height="22" font_height="14" line="15" col="39" line_base_x="309" line_base_y="414"/>
        <response name="T6-SO.txt" type="txt" x="785.5" y="459.0" left_validation="1" right_validation="1" left_pupil_diameter="0.0" right_pupil_diameter="2.070699800888249E-142" timestamp="2017-11-12T19:53:15.064-05:00" session_time="88408607571" tracker_time="266220057" system_time="1510534395064" nano_time="266220069763060" gazeId="835" duration="282" path="C:\CodeSummarizationStudy\CodeSummarization_Study\_tasks\Sequence 2\T6-SO.txt" line_height="22" font_height="14" line="15" col="41" line_base_x="309" line_base_y="414"/>
        <response name="T6-SO.txt" type="txt" x="840.5" y="495.0" left_validation="1" right_validation="1" left_pupil_diameter="0.0" right_pupil_diameter="2.070699800888248E-142" timestamp="2017-11-12T19:53:15.346-05:00" session_time="88691016509" tracker_time="266220341" system_time="1510534395346" nano_time="266220352171998" gazeId="840" duration="890" path="C:\CodeSummarizationStudy\CodeSummarization_Study\_tasks\Sequence 2\T6-SO.txt" line_height="22" font_height="14" line="18" col="55" line_base_x="309" line_base_y="480"/>
        <response name="T6-SO.txt" type="txt" x="658.0" y="386.0" left_validation="1" right_validation="1" left_pupil_diameter="0.0" right_pupil_diameter="2.070699800888249E-142" timestamp="2017-11-12T19:53:16.236-05:00" session_time="89580222441" tracker_time="266221227" system_time="1510534396236" nano_time="266221241377930" gazeId="855" duration="135" path="C:\CodeSummarizationStudy\CodeSummarization_Study\_tasks\Sequence 2\T6-SO.txt" line_height="22" font_height="14" line="13" col="34" line_base_x="309" line_base_y="370"/>
        <response name="T6-SO.txt" type="txt" x="694.5" y="404.5" left_validation="1" right_validation="1" left_pupil_diameter="0.0" right_pupil_diameter="2.0706998008882485E-142" timestamp="2017-11-12T19:53:16.371-05:00" session_time="89716047886" tracker_time="266221363" system_time="1510534396371" nano_time="266221377203375" gazeId="863" duration="327" path="C:\CodeSummarizationStudy\CodeSummarization_Study\_tasks\Sequence 2\T6-SO.txt" line_height="22" font_height="14" line="15" col="41" line_base_x="309" line_base_y="414"/>
        <response name="T6-SO.txt" type="txt" x="847.0" y="497.0" left_validation="1" right_validation="1" left_pupil_diameter="0.0" right_pupil_diameter="2.070699800888248E-142" timestamp="2017-11-12T19:53:16.698-05:00" session_time="90042645924" tracker_time="266221691" system_time="1510534396698" nano_time="266221703801413" gazeId="874" duration="1187" path="C:\CodeSummarizationStudy\CodeSummarization_Study\_tasks\Sequence 2\T6-SO.txt" line_height="22" font_height="14" line="15" col="41" line_base_x="309" line_base_y="414"/>
        <response name="T6-SO.txt" type="txt" x="789.0" y="458.0" left_validation="1" right_validation="1" left_pupil_diameter="0.0" right_pupil_diameter="2.0706998008882485E-142" timestamp="2017-11-12T19:53:17.885-05:00" session_time="91228801074" tracker_time="266222877" system_time="1510534397885" nano_time="266222889956563" gazeId="887" duration="1108" path="C:\CodeSummarizationStudy\CodeSummarization_Study\_tasks\Sequence 2\T6-SO.txt" line_height="22" font_height="14" line="18" col="56" line_base_x="309" line_base_y="480"/>
        <response name="T6-SO.txt" type="txt" x="722.5" y="416.0" left_validation="1" right_validation="1" left_pupil_diameter="0.0" right_pupil_diameter="2.0706998008882485E-142" timestamp="2017-11-12T19:53:18.993-05:00" session_time="92337293406" tracker_time="266223986" system_time="1510534398993" nano_time="266223998448895" gazeId="896" duration="225" path="C:\CodeSummarizationStudy\CodeSummarization_Study\_tasks\Sequence 2\T6-SO.txt" line_height="22" font_height="14" line="15" col="43" line_base_x="309" line_base_y="414"/>
        <response name="T6-SO.txt" type="txt" x="837.0" y="486.0" left_validation="1" right_validation="1" left_pupil_diameter="0.0" right_pupil_diameter="2.070699800888248E-142" timestamp="2017-11-12T19:53:19.218-05:00" session_time="92563134242" tracker_time="266224212" system_time="1510534399218" nano_time="266224224289731" gazeId="906" duration="1213" path="C:\CodeSummarizationStudy\CodeSummarization_Study\_tasks\Sequence 2\T6-SO.txt" line_height="22" font_height="14" line="15" col="40" line_base_x="309" line_base_y="414"/>
        <response name="T6-SO.txt" type="txt" x="693.0" y="421.0" left_validation="1" right_validation="1" left_pupil_diameter="0.0" right_pupil_diameter="2.070699800888248E-142" timestamp="2017-11-12T19:53:20.431-05:00" session_time="93776032345" tracker_time="266225426" system_time="1510534400431" nano_time="266225437187834" gazeId="925" duration="1009" path="C:\CodeSummarizationStudy\CodeSummarization_Study\_tasks\Sequence 2\T6-SO.txt" line_height="22" font_height="14" line="18" col="55" line_base_x="309" line_base_y="480"/>
        <response name="T6-SO.txt" type="txt" x="544.0" y="337.0" left_validation="1" right_validation="1" left_pupil_diameter="0.0" right_pupil_diameter="2.070699800888249E-142" timestamp="2017-11-12T19:53:21.44-05:00" session_time="94784398415" tracker_time="266226432" system_time="1510534401440" nano_time="266226445553904" gazeId="939" duration="405" path="C:\CodeSummarizationStudy\CodeSummarization_Study\_tasks\Sequence 2\T6-SO.txt" line_height="22" font_height="14" line="15" col="38" line_base_x="309" line_base_y="414"/>
        <response name="T6-SO.txt" type="txt" x="409.5" y="187.5" left_validation="1" right_validation="1" left_pupil_diameter="0.0" right_pupil_diameter="2.070699800888249E-142" timestamp="2017-11-12T19:53:21.845-05:00" session_time="95189474090" tracker_time="266226837" system_time="1510534401845" nano_time="266226850629579" gazeId="946" duration="180" path="C:\CodeSummarizationStudy\CodeSummarization_Study\_tasks\Sequence 2\T6-SO.txt" line_height="22" font_height="14" line="3" col="4" line_base_x="309" line_base_y="150"/>
        <response name="T6-SO.txt" type="txt" x="503.0" y="179.0" left_validation="1" right_validation="1" left_pupil_diameter="0.0" right_pupil_diameter="2.070699800888249E-142" timestamp="2017-11-12T19:53:22.025-05:00" session_time="95369601531" tracker_time="266227017" system_time="1510534402025" nano_time="266227030757020" gazeId="949" duration="73" path="C:\CodeSummarizationStudy\CodeSummarization_Study\_tasks\Sequence 2\T6-SO.txt" line_height="22" font_height="14" line="4" col="19" line_base_x="309" line_base_y="172"/>
        <response name="T6-SO.txt" type="txt" x="465.0" y="179.0" left_validation="1" right_validation="1" left_pupil_diameter="0.0" right_pupil_diameter="2.0706998008882485E-142" timestamp="2017-11-12T19:53:22.098-05:00" session_time="95442207401" tracker_time="266227091" system_time="1510534402098" nano_time="266227103362890" gazeId="953" duration="616" path="C:\CodeSummarizationStudy\CodeSummarization_Study\_tasks\Sequence 2\T6-SO.txt" line_height="22" font_height="14" line="4" col="19" line_base_x="309" line_base_y="172"/>
        <response name="T6-SO.txt" type="txt" x="864.0" y="497.0" left_validation="1" right_validation="1" left_pupil_diameter="0.0" right_pupil_diameter="2.070699800888248E-142" timestamp="2017-11-12T19:53:22.714-05:00" session_time="96059352010" tracker_time="266227707" system_time="1510534402714" nano_time="266227720507499" gazeId="963" duration="3568" path="C:\CodeSummarizationStudy\CodeSummarization_Study\_tasks\Sequence 2\T6-SO.txt" line_height="22" font_height="14" line="18" col="59" line_base_x="309" line_base_y="480"/>
        <response name="T6-SO.txt" type="txt" x="404.0" y="261.0" left_validation="1" right_validation="1" left_pupil_diameter="0.0" right_pupil_diameter="2.070699800888248E-142" timestamp="2017-11-12T19:53:26.282-05:00" session_time="99626313417" tracker_time="266231276" system_time="1510534406282" nano_time="266231287468906" gazeId="981" duration="631" path="C:\CodeSummarizationStudy\CodeSummarization_Study\_tasks\Sequence 2\T6-SO.txt" line_height="22" font_height="14" line="4" col="7" line_base_x="309" line_base_y="172"/>
        <response name="T6-SO.txt" type="txt" x="415.0" y="311.0" left_validation="1" right_validation="1" left_pupil_diameter="0.0" right_pupil_diameter="2.070699800888249E-142" timestamp="2017-11-12T19:53:26.913-05:00" session_time="100257586364" tracker_time="266231906" system_time="1510534406913" nano_time="266231918741853" gazeId="993" duration="346" path="C:\CodeSummarizationStudy\CodeSummarization_Study\_tasks\Sequence 2\T6-SO.txt" line_height="22" font_height="14" line="8" col="11" line_base_x="309" line_base_y="260"/>
        <response name="T6-SO.txt" type="txt" x="449.0" y="386.0" left_validation="1" right_validation="1" left_pupil_diameter="0.0" right_pupil_diameter="2.070699800888249E-142" timestamp="2017-11-12T19:53:27.259-05:00" session_time="100604534148" tracker_time="266232252" system_time="1510534407259" nano_time="266232265689637" gazeId="1001" duration="77" path="C:\CodeSummarizationStudy\CodeSummarization_Study\_tasks\Sequence 2\T6-SO.txt" line_height="22" font_height="14" line="12" col="12" line_base_x="309" line_base_y="348"/>
        <response name="T6-SO.txt" type="txt" x="465.0" y="432.5" left_validation="1" right_validation="1" left_pupil_diameter="0.0" right_pupil_diameter="2.070699800888248E-142" timestamp="2017-11-12T19:53:27.336-05:00" session_time="100680451406" tracker_time="266232327" system_time="1510534407336" nano_time="266232341606895" gazeId="1004" duration="342" path="C:\CodeSummarizationStudy\CodeSummarization_Study\_tasks\Sequence 2\T6-SO.txt" line_height="22" font_height="14" line="15" col="17" line_base_x="309" line_base_y="414"/>
        <response name="T6-SO.txt" type="txt" x="391.0" y="306.0" left_validation="1" right_validation="1" left_pupil_diameter="0.0" right_pupil_diameter="2.070699800888249E-142" timestamp="2017-11-12T19:53:27.678-05:00" session_time="101022249358" tracker_time="266232671" system_time="1510534407678" nano_time="266232683404847" gazeId="1015" duration="393" path="C:\CodeSummarizationStudy\CodeSummarization_Study\_tasks\Sequence 2\T6-SO.txt" line_height="22" font_height="14" line="18" col="21" line_base_x="309" line_base_y="480"/>
        <response name="T6-SO.txt" type="txt" x="404.5" y="271.5" left_validation="1" right_validation="1" left_pupil_diameter="0.0" right_pupil_diameter="2.0706998008882477E-142" timestamp="2017-11-12T19:53:28.071-05:00" session_time="101415240542" tracker_time="266233063" system_time="1510534408071" nano_time="266233076396031" gazeId="1024" duration="506" path="C:\CodeSummarizationStudy\CodeSummarization_Study\_tasks\Sequence 2\T6-SO.txt" line_height="22" font_height="14" line="8" col="10" line_base_x="309" line_base_y="260"/>
        <response name="T6-SO.txt" type="txt" x="477.0" y="266.0" left_validation="1" right_validation="1" left_pupil_diameter="0.0" right_pupil_diameter="2.0706998008882485E-142" timestamp="2017-11-12T19:53:28.577-05:00" session_time="101920977890" tracker_time="266233571" system_time="1510534408577" nano_time="266233582133379" gazeId="1045" duration="406" path="C:\CodeSummarizationStudy\CodeSummarization_Study\_tasks\Sequence 2\T6-SO.txt" line_height="22" font_height="14" line="8" col="11" line_base_x="309" line_base_y="260"/>
        <response name="T6-SO.txt" type="txt" x="521.0" y="180.0" left_validation="1" right_validation="1" left_pupil_diameter="0.0" right_pupil_diameter="2.0706998008882477E-142" timestamp="2017-11-12T19:53:28.983-05:00" session_time="102326994875" tracker_time="266233976" system_time="1510534408983" nano_time="266233988150364" gazeId="1055" duration="2282" path="C:\CodeSummarizationStudy\CodeSummarization_Study\_tasks\Sequence 2\T6-SO.txt" line_height="22" font_height="14" line="4" col="17" line_base_x="309" line_base_y="172"/>
        <response name="T6-SO.txt" type="txt" x="398.5" y="168.0" left_validation="1" right_validation="1" left_pupil_diameter="0.0" right_pupil_diameter="2.0706998008882485E-142" timestamp="2017-11-12T19:53:31.265-05:00" session_time="104609719850" tracker_time="266236257" system_time="1510534411265" nano_time="266236270875339" gazeId="1091" duration="416" path="C:\CodeSummarizationStudy\CodeSummarization_Study\_tasks\Sequence 2\T6-SO.txt" line_height="22" font_height="14" line="4" col="19" line_base_x="309" line_base_y="172"/>
        <response name="T6-SO.txt" type="txt" x="655.0" y="454.5" left_validation="1" right_validation="1" left_pupil_diameter="0.0" right_pupil_diameter="2.070699800888249E-142" timestamp="2017-11-12T19:53:31.681-05:00" session_time="105025838268" tracker_time="266236676" system_time="1510534411681" nano_time="266236686993757" gazeId="1100" duration="1099" path="C:\CodeSummarizationStudy\CodeSummarization_Study\_tasks\Sequence 2\T6-SO.txt" line_height="22" font_height="14" line="11" col="14" line_base_x="309" line_base_y="326"/>
        <response name="T6-SO.txt" type="txt" x="618.0" y="257.0" left_validation="1" right_validation="1" left_pupil_diameter="0.0" right_pupil_diameter="2.070699800888249E-142" timestamp="2017-11-12T19:53:32.78-05:00" session_time="106124408141" tracker_time="266237772" system_time="1510534412780" nano_time="266237785563630" gazeId="1107" duration="151" path="C:\CodeSummarizationStudy\CodeSummarization_Study\_tasks\Sequence 2\T6-SO.txt" line_height="22" font_height="14" line="12" col="33" line_base_x="309" line_base_y="348"/>
        <response name="T6-SO.txt" type="txt" x="534.0" y="177.0" left_validation="1" right_validation="1" left_pupil_diameter="0.0" right_pupil_diameter="2.070699800888248E-142" timestamp="2017-11-12T19:53:32.931-05:00" session_time="106275180899" tracker_time="266237922" system_time="1510534412931" nano_time="266237936336388" gazeId="1110" duration="416" path="C:\CodeSummarizationStudy\CodeSummarization_Study\_tasks\Sequence 2\T6-SO.txt" line_height="22" font_height="14" line="7" col="31" line_base_x="309" line_base_y="238"/>
        <response name="T6-SO.txt" type="txt" x="616.0" y="185.5" left_validation="1" right_validation="1" left_pupil_diameter="0.0" right_pupil_diameter="2.0706998008882477E-142" timestamp="2017-11-12T19:53:33.347-05:00" session_time="106692104699" tracker_time="266238341" system_time="1510534413347" nano_time="266238353260188" gazeId="1122" duration="2551" path="C:\CodeSummarizationStudy\CodeSummarization_Study\_tasks\Sequence 2\T6-SO.txt" line_height="22" font_height="14" line="4" col="30" line_base_x="309" line_base_y="172"/>
        <response name="T6-SO.txt" type="txt" x="400.0" y="115.0" left_validation="1" right_validation="1" left_pupil_diameter="0.0" right_pupil_diameter="2.0706998008882485E-142" timestamp="2017-11-12T19:53:35.929-05:00" session_time="109273260898" tracker_time="266240922" system_time="1510534415929" nano_time="266240934416387" gazeId="1155" duration="343" path="C:\CodeSummarizationStudy\CodeSummarization_Study\_tasks\Sequence 2\T6-SO.txt" line_height="22" font_height="14" line="3" col="12" line_base_x="309" line_base_y="150"/>
        <response name="T6-SO.txt" type="txt" x="850.0" y="379.0" left_validation="1" right_validation="1" left_pupil_diameter="0.0" right_pupil_diameter="2.070699800888249E-142" timestamp="2017-11-12T19:53:36.272-05:00" session_time="109615837423" tracker_time="266241266" system_time="1510534416272" nano_time="266241276992912" gazeId="1165" duration="198" path="C:\CodeSummarizationStudy\CodeSummarization_Study\_tasks\Sequence 2\T6-SO.txt" line_height="22" font_height="14" line="4" col="23" line_base_x="309" line_base_y="172"/>
        <response name="T6-SO.txt" type="txt" x="736.0" y="408.5" left_validation="1" right_validation="1" left_pupil_diameter="0.0" right_pupil_diameter="2.070699800888249E-142" timestamp="2017-11-12T19:53:36.47-05:00" session_time="109814798998" tracker_time="266241463" system_time="1510534416470" nano_time="266241475954487" gazeId="1170" duration="239" path="C:\CodeSummarizationStudy\CodeSummarization_Study\_tasks\Sequence 2\T6-SO.txt" line_height="22" font_height="14" line="15" col="60" line_base_x="309" line_base_y="414"/>
        <response name="T6-SO.txt" type="txt" x="798.0" y="466.0" left_validation="1" right_validation="1" left_pupil_diameter="0.0" right_pupil_diameter="2.070699800888248E-142" timestamp="2017-11-12T19:53:36.709-05:00" session_time="110053349222" tracker_time="266241702" system_time="1510534416709" nano_time="266241714504711" gazeId="1175" duration="867" path="C:\CodeSummarizationStudy\CodeSummarization_Study\_tasks\Sequence 2\T6-SO.txt" line_height="22" font_height="14" line="18" col="41" line_base_x="309" line_base_y="398"/>
        <response name="T6-SO.txt" type="txt" x="708.0" y="413.5" left_validation="1" right_validation="1" left_pupil_diameter="0.0" right_pupil_diameter="2.070699800888249E-142" timestamp="2017-11-12T19:53:37.576-05:00" session_time="110920457961" tracker_time="266242571" system_time="1510534417576" nano_time="266242581613450" gazeId="1191" duration="153" path="C:\CodeSummarizationStudy\CodeSummarization_Study\_tasks\Sequence 2\T6-SO.txt" line_height="22" font_height="14" line="15" col="40" line_base_x="309" line_base_y="393"/>
        <response name="T6-SO.txt" type="txt" x="619.0" y="359.0" left_validation="1" right_validation="1" left_pupil_diameter="0.0" right_pupil_diameter="2.0706998008882492E-142" timestamp="2017-11-12T19:53:37.729-05:00" session_time="111073850001" tracker_time="266242722" system_time="1510534417729" nano_time="266242735005490" gazeId="1198" duration="449" path="C:\CodeSummarizationStudy\CodeSummarization_Study\_tasks\Sequence 2\T6-SO.txt" line_height="22" font_height="14" line="13" col="31" line_base_x="309" line_base_y="349"/>
        <response name="T6-SO.txt" type="txt" x="818.5" y="495.0" left_validation="1" right_validation="1" left_pupil_diameter="0.0" right_pupil_diameter="2.070699800888248E-142" timestamp="2017-11-12T19:53:38.178-05:00" session_time="111523419105" tracker_time="266243172" system_time="1510534418178" nano_time="266243184574594" gazeId="1204" duration="2190" path="C:\CodeSummarizationStudy\CodeSummarization_Study\_tasks\Sequence 2\T6-SO.txt" line_height="22" font_height="14" line="18" col="29" line_base_x="309" line_base_y="340"/>
        <response name="T6-SO.txt" type="txt" x="428.0" y="191.0" left_validation="1" right_validation="1" left_pupil_diameter="0.0" right_pupil_diameter="2.070699800888249E-142" timestamp="2017-11-12T19:53:40.368-05:00" session_time="113712468038" tracker_time="266245362" system_time="1510534420368" nano_time="266245373623527" gazeId="1221" duration="314" path="C:\CodeSummarizationStudy\CodeSummarization_Study\_tasks\Sequence 2\T6-SO.txt" line_height="22" font_height="14" line="13" col="34" line_base_x="309" line_base_y="302"/>
        <response name="T6-SO.txt" type="txt" x="493.0" y="190.5" left_validation="1" right_validation="1" left_pupil_diameter="0.0" right_pupil_diameter="2.070699800888248E-142" timestamp="2017-11-12T19:53:40.682-05:00" session_time="114027368606" tracker_time="266245676" system_time="1510534420682" nano_time="266245688524095" gazeId="1229" duration="783" path="C:\CodeSummarizationStudy\CodeSummarization_Study\_tasks\Sequence 2\T6-SO.txt" line_height="22" font_height="14" line="4" col="12" line_base_x="309" line_base_y="172"/>
        <response name="T6-SO.txt" type="txt" x="719.0" y="276.0" left_validation="1" right_validation="1" left_pupil_diameter="0.0" right_pupil_diameter="2.0706998008882492E-142" timestamp="2017-11-12T19:53:41.465-05:00" session_time="114809617072" tracker_time="266246456" system_time="1510534421465" nano_time="266246470772561" gazeId="1244" duration="508" path="C:\CodeSummarizationStudy\CodeSummarization_Study\_tasks\Sequence 2\T6-SO.txt" line_height="22" font_height="14" line="8" col="30" line_base_x="309" line_base_y="173"/>
        <response name="T6-SO.txt" type="txt" x="379.5" y="213.0" left_validation="1" right_validation="1" left_pupil_diameter="0.0" right_pupil_diameter="2.0706998008882477E-142" timestamp="2017-11-12T19:53:41.973-05:00" session_time="115317837773" tracker_time="266246966" system_time="1510534421973" nano_time="266246978993262" gazeId="1250" duration="2702" path="C:\CodeSummarizationStudy\CodeSummarization_Study\_tasks\Sequence 2\T6-SO.txt" line_height="22" font_height="14" line="8" col="33" line_base_x="309" line_base_y="265"/>
        <response name="T6-SO.txt" type="txt" x="547.0" y="303.0" left_validation="1" right_validation="1" left_pupil_diameter="0.0" right_pupil_diameter="2.070699800888249E-142" timestamp="2017-11-12T19:53:44.675-05:00" session_time="118019356330" tracker_time="266249666" system_time="1510534424675" nano_time="266249680511819" gazeId="1285" duration="134" path="C:\CodeSummarizationStudy\CodeSummarization_Study\_tasks\Sequence 2\T6-SO.txt" line_height="22" font_height="14" line="11" col="20" line_base_x="309" line_base_y="271"/>
        <response name="T6-SO.txt" type="txt" x="607.5" y="332.0" left_validation="1" right_validation="1" left_pupil_diameter="0.0" right_pupil_diameter="2.0706998008882477E-142" timestamp="2017-11-12T19:53:44.809-05:00" session_time="118154170235" tracker_time="266249801" system_time="1510534424809" nano_time="266249815325724" gazeId="1293" duration="687" path="C:\CodeSummarizationStudy\CodeSummarization_Study\_tasks\Sequence 2\T6-SO.txt" line_height="22" font_height="14" line="12" col="27" line_base_x="309" line_base_y="293"/>
        <response name="T6-SO.txt" type="txt" x="414.0" y="197.0" left_validation="1" right_validation="1" left_pupil_diameter="0.0" right_pupil_diameter="2.0706998008882485E-142" timestamp="2017-11-12T19:53:45.496-05:00" session_time="118840790942" tracker_time="266250490" system_time="1510534425496" nano_time="266250501946431" gazeId="1328" duration="1278" path="C:\CodeSummarizationStudy\CodeSummarization_Study\_tasks\Sequence 2\T6-SO.txt" line_height="22" font_height="14" line="7" col="10" line_base_x="309" line_base_y="183"/>
        <response name="T6-SO.txt" type="txt" x="650.0" y="296.5" left_validation="1" right_validation="1" left_pupil_diameter="0.0" right_pupil_diameter="2.070699800888249E-142" timestamp="2017-11-12T19:53:46.774-05:00" session_time="120118146332" tracker_time="266251766" system_time="1510534426774" nano_time="266251779301821" gazeId="1338" duration="60" path="C:\CodeSummarizationStudy\CodeSummarization_Study\_tasks\Sequence 2\T6-SO.txt" line_height="22" font_height="14" line="12" col="34" line_base_x="309" line_base_y="293"/>
        <response name="T6-SO.txt" type="txt" x="741.0" y="288.0" left_validation="1" right_validation="1" left_pupil_diameter="0.0" right_pupil_diameter="2.070699800888249E-142" timestamp="2017-11-12T19:53:46.834-05:00" session_time="120178748514" tracker_time="266251826" system_time="1510534426834" nano_time="266251839904003" gazeId="1341" duration="823" path="C:\CodeSummarizationStudy\CodeSummarization_Study\_tasks\Sequence 2\T6-SO.txt" line_height="22" font_height="14" line="12" col="35" line_base_x="309" line_base_y="293"/>
        <response name="T6-SO.txt" type="txt" x="630.0" y="167.0" left_validation="1" right_validation="1" left_pupil_diameter="0.0" right_pupil_diameter="2.0706998008882485E-142" timestamp="2017-11-12T19:53:47.657-05:00" session_time="121001081393" tracker_time="266252650" system_time="1510534427657" nano_time="266252662236882" gazeId="1348" duration="436" path="C:\CodeSummarizationStudy\CodeSummarization_Study\_tasks\Sequence 2\T6-SO.txt" line_height="22" font_height="14" line="12" col="44" line_base_x="309" line_base_y="258"/>
        <response name="T6-SO.txt" type="txt" x="684.5" y="266.5" left_validation="1" right_validation="1" left_pupil_diameter="0.0" right_pupil_diameter="2.070699800888249E-142" timestamp="2017-11-12T19:53:48.093-05:00" session_time="121438099694" tracker_time="266253086" system_time="1510534428093" nano_time="266253099255183" gazeId="1359" duration="4185" path="C:\CodeSummarizationStudy\CodeSummarization_Study\_tasks\Sequence 2\T6-SO.txt" line_height="22" font_height="14" line="4" col="35" line_base_x="309" line_base_y="137"/>
        <response name="T6-SO.txt" type="txt" x="651.0" y="388.0" left_validation="1" right_validation="1" left_pupil_diameter="0.0" right_pupil_diameter="2.070699800888248E-142" timestamp="2017-11-12T19:53:52.278-05:00" session_time="125622226854" tracker_time="266257271" system_time="1510534432278" nano_time="266257283382343" gazeId="1364" duration="1020" path="C:\CodeSummarizationStudy\CodeSummarization_Study\_tasks\Sequence 2\T6-SO.txt" line_height="22" font_height="14" line="25" col="63" line_base_x="309" line_base_y="535"/>
        <response name="T6-SO.txt" type="txt" x="597.0" y="330.0" left_validation="1" right_validation="1" left_pupil_diameter="0.0" right_pupil_diameter="2.0706998008882492E-142" timestamp="2017-11-12T19:53:53.298-05:00" session_time="126642476541" tracker_time="266258291" system_time="1510534433298" nano_time="266258303632030" gazeId="1380" duration="361" path="C:\CodeSummarizationStudy\CodeSummarization_Study\_tasks\Sequence 2\T6-SO.txt" line_height="22" font_height="14" line="18" col="36" line_base_x="309" line_base_y="381"/>
        <response name="T6-SO.txt" type="txt" x="471.0" y="239.0" left_validation="1" right_validation="1" left_pupil_diameter="0.0" right_pupil_diameter="2.0706998008882492E-142" timestamp="2017-11-12T19:53:53.659-05:00" session_time="127003195093" tracker_time="266258651" system_time="1510534433659" nano_time="266258664350582" gazeId="1386" duration="104" path="C:\CodeSummarizationStudy\CodeSummarization_Study\_tasks\Sequence 2\T6-SO.txt" line_height="22" font_height="14" line="13" col="22" line_base_x="309" line_base_y="271"/>
        <response name="T6-SO.txt" type="txt" x="399.0" y="287.0" left_validation="1" right_validation="1" left_pupil_diameter="0.0" right_pupil_diameter="2.0706998008882485E-142" timestamp="2017-11-12T19:53:53.763-05:00" session_time="127107687707" tracker_time="266258756" system_time="1510534433763" nano_time="266258768843196" gazeId="1392" duration="3344" path="C:\CodeSummarizationStudy\CodeSummarization_Study\_tasks\Sequence 2\T6-SO.txt" line_height="22" font_height="14" line="10" col="13" line_base_x="309" line_base_y="205"/>
        <response name="T6-SO.txt" type="txt" x="456.5" y="287.0" left_validation="1" right_validation="1" left_pupil_diameter="0.0" right_pupil_diameter="2.070699800888248E-142" timestamp="2017-11-12T19:53:57.107-05:00" session_time="130451249719" tracker_time="266262100" system_time="1510534437107" nano_time="266262112405208" gazeId="1402" duration="375" path="C:\CodeSummarizationStudy\CodeSummarization_Study\_tasks\Sequence 2\T6-SO.txt" line_height="22" font_height="14" line="15" col="10" line_base_x="309" line_base_y="282"/>
        <response name="T6-SO.txt" type="txt" x="331.0" y="599.0" left_validation="1" right_validation="1" left_pupil_diameter="0.0" right_pupil_diameter="2.070699800888248E-142" timestamp="2017-11-12T19:53:57.482-05:00" session_time="130826769082" tracker_time="266262476" system_time="1510534437482" nano_time="266262487924571" gazeId="1415" duration="558" path="C:\CodeSummarizationStudy\CodeSummarization_Study\_tasks\Sequence 2\T6-SO.txt" line_height="22" font_height="14" line="26" col="15" line_base_x="309" line_base_y="524"/>
    </gazes>
</itrace-records>
